<_templates Include="trucks" />
<SuspensionSetVariants>
	<SuspensionSet
		_template="Normal"
		BrokenWheelDamageMultiplier="2"
		CriticalDamageThreshold="0.4"
		DamageCapacity="200"
		Name="ank_mk38_suspension_default"
	>
		<Suspension 
			Height="0.11" 
			Strength="0.05" 
			WheelType="front" 
			BrokenSuspensionMax=".25" 
			SuspensionMin="-0.3" 
			Damping="0.4"
		/>
		<Suspension 
			Height="0.10" 
			Strength="0.028" 
			WheelType="rear" 
			BrokenSuspensionMax=".25" 
			SuspensionMin="-0.2" 
			Damping="0.4"
		/>
		<GameData
			Price="4400"
			UnlockByExploration="false"
			UnlockByRank="1"
		>
			<UiDesc
				UiDesc="UI_SUSPENSION_DEFAULT_DESC"
				UiIcon30x30=""
				UiIcon40x40=""
				UiName="UI_SUSPENSION_DEFAULT_NAME"
			/>
		</GameData>
	</SuspensionSet>
	<SuspensionSet
		_template="High"
		BrokenWheelDamageMultiplier="2"
		CriticalDamageThreshold="0.5"
		DamageCapacity="240"
		Name="ank_mk38_suspension_high"
	>
		<Suspension 
			Height="0.20" 
			Strength="0.05" 
			WheelType="front" 
			BrokenSuspensionMax=".25" 
			SuspensionMin="-0.4" 
			Damping="0.4"
		/>
		<Suspension 
			Height="0.20" 
			Strength="0.028" 
			WheelType="rear" 
			BrokenSuspensionMax=".25" 
			SuspensionMin="-0.3" 
			Damping="0.3"
		/>
		<GameData
			Price="7900"
			UnlockByExploration="true"
			UnlockByRank="1"
			>
			<UiDesc
				UiDesc="UI_SUSPENSION_HIGH_DESC"
				UiIcon30x30=""
				UiIcon40x40=""
				UiName="UI_SUSPENSION_HIGH_NAME"
			/>
		</GameData>
	</SuspensionSet>
	<SuspensionSet
		_template="Ultimate"
		BrokenWheelDamageMultiplier="2"
		CriticalDamageThreshold="0.6"
		DamageCapacity="250"
		Name="ank_mk38_suspension_ultimate"
	>
		<Suspension 
			Height="0.33" 
			Strength="0.05" 
			WheelType="front" 
			BrokenSuspensionMax=".25" 
			SuspensionMin="-0.3" 
			Damping="0.35"
		/>
		<Suspension 
			Height="0.33" 
			Strength="0.028" 
			WheelType="rear" 
			BrokenSuspensionMax=".25" 
			SuspensionMin="-0.35" 
			Damping="0.35"
		/>
		<GameData
			Price="9400"
			UnlockByExploration="true"
			UnlockByRank="1"
		>
			<UiDesc
				UiDesc="UI_SUSPENSION_ULTIMATE_DESC"
				UiIcon30x30=""
				UiIcon40x40=""
				UiName="UI_SUSPENSION_ULTIMATE_NAME"
			/>
		</GameData>
	</SuspensionSet>
	<SuspensionSet
		_template="Active"
		BrokenWheelDamageMultiplier="2"
		CriticalDamageThreshold="0.6"
		DamageCapacity="180"
		Name="ank_mk38_suspension_active"
		DeviationDelta=".002"
	>
		<Suspension 
			Height="0.20" 
			Strength="0.05" 
			WheelType="front" 
			BrokenSuspensionMax=".25" 
			SuspensionMin="-0.4" 
			Damping="0.4"
			DeviationMax="0.1"
		/>
		<Suspension 
			Height="0.20" 
			Strength="0.028" 
			WheelType="rear" 
			BrokenSuspensionMax=".25" 
			SuspensionMin="-0.3" 
			Damping="0.3"
			DeviationMax="0.1" 
		/>
		<GameData
			Price="11300"
			UnlockByExploration="true"
			UnlockByRank="1"
		>
			<UiDesc
				UiDesc="UI_SUSPENSION_ACTIVE_DESC"
				UiIcon30x30=""
				UiIcon40x40=""
				UiName="UI_SUSPENSION_ACTIVE_NAME"
			/>
		</GameData>
	</SuspensionSet>
	<SuspensionSet
		_template="Heavy"
		BrokenWheelDamageMultiplier="2"
		CriticalDamageThreshold="0.6"
		DamageCapacity="250"
		Name="ank_mk38_suspension_heavy"
	>
		<Suspension 
			Height="0.17" 
			Strength="0.05" 
			WheelType="front" 
			BrokenSuspensionMax=".25" 
			SuspensionMin="-0.4" 
			Damping="0.4"
		/>
		<Suspension 
			Height="0.15" 
			Strength="0.05" 
			WheelType="rear" 
			BrokenSuspensionMax=".25" 
			SuspensionMin="-0.3" 
			Damping="0.3" 
		/>
		<GameData
			Price="9635"
			UnlockByExploration="false"
			UnlockByRank="1"
		>
			<UiDesc
				UiDesc="UI_SUSPENSION_HEAVY_DESC"
				UiIcon30x30=""
				UiIcon40x40=""
				UiName="UI_SUSPENSION_HEAVY_NAME"
			/>
		</GameData>
	</SuspensionSet>
</SuspensionSetVariants>
