<_templates Include="trucks" />
<SuspensionSetVariants>
	<SuspensionSet
		_template="Normal"
		BrokenWheelDamageMultiplier="2"
		CriticalDamageThreshold="0.7"
		DamageCapacity="220"
		Name="cat_ct680_suspension_default"
	>
		<Suspension 
			BrokenSuspensionMax="0.2" 
			Height="0.11" 
			Strength="0.055" 
			SuspensionMin="-0.35" 
			WheelType="front" 
			Damping="0.3" 
		/>
		<Suspension 
			BrokenSuspensionMax="0.2" 
			Height="0.05" 
			Strength="0.5" 
			SuspensionMin="-0.15" 
			WheelType="rear" 
			Damping="0.35" 
		/>
		<GameData
			Price="4900"
			UnlockByExploration="false"
			UnlockByRank="1"
		>
			<UiDesc
				UiDesc="UI_SUSPENSION_DEFAULT_DESC"
				UiIcon30x30=""
				UiIcon40x40=""
				UiName="UI_SUSPENSION_DEFAULT_NAME"
			/>
		</GameData>
	</SuspensionSet>
	<!--<SuspensionSet
		_template="High"
		BrokenWheelDamageMultiplier="2"
		CriticalDamageThreshold="0.7"
		DamageCapacity="220"
		Name="cat_ct680_suspension_high"
	>
		<Suspension 
			BrokenSuspensionMax="0.2" 
			Height="0.22" 
			Strength="0.055" 
			SuspensionMin="-0.45" 
			WheelType="front" 
			Damping="0.3" 
		/>
		<Suspension 
			BrokenSuspensionMax="0.2" 
			Height="0.15" 
			Strength="0.09" 
			SuspensionMin="-0.35" 
			WheelType="rear" 
			Damping="0.5" 
		/>
		<GameData
			Price="8965"
			UnlockByExploration="false"
			UnlockByRank="10"
		>
			<UiDesc
				UiDesc="UI_SUSPENSION_HIGH_DESC"
				UiIcon30x30=""
				UiIcon40x40=""
				UiName="UI_SUSPENSION_HIGH_NAME"
			/>
		</GameData>
	</SuspensionSet>-->
</SuspensionSetVariants>
