<_templates Include="trucks" />
<SuspensionSetVariants>
	<SuspensionSet
		_template="Normal"
		BrokenWheelDamageMultiplier="2"
		CriticalDamageThreshold="0.4"
		DamageCapacity="100"
		Name="chevrolet_ck1500_suspension_default"
	>
		<Suspension Damping=".05" Height="0.12" Strength="0.023" WheelType="front" BrokenSuspensionMax="0.2" SuspensionMin="-0.3" SuspensionMax="1.50" />
		<Suspension Damping=".05" Height="0.05" Strength="0.025" WheelType="rear" BrokenSuspensionMax="0.2" SuspensionMin="-0.3" SuspensionMax="1.66" />
		<GameData
			Price="1900"
			UnlockByExploration="false"
			UnlockByRank="1"
		>
			<UiDesc
				UiDesc="UI_SUSPENSION_DEFAULT_DESC"
				UiIcon30x30=""
				UiIcon40x40=""
				UiName="UI_SUSPENSION_DEFAULT_NAME"
			/>
		</GameData>
	</SuspensionSet>
	<SuspensionSet
		_template="High"
		BrokenWheelDamageMultiplier="2"
		CriticalDamageThreshold="0.5"
		DamageCapacity="120"
		Name="chevrolet_ck1500_suspension_high"
	>
		<Suspension Damping=".1" Height="0.2" Strength="0.022" WheelType="front" BrokenSuspensionMax="0.2" SuspensionMin="-0.3" SuspensionMax="1.75" />
		<Suspension Damping=".1" Height="0.15" Strength="0.025" WheelType="rear" BrokenSuspensionMax="0.2" SuspensionMin="-0.3" SuspensionMax="1.75" />
		<GameData
			Price="4500"
			UnlockByExploration="true"
			UnlockByRank="1"
		>
			<UiDesc
				UiDesc="UI_SUSPENSION_HIGH_DESC"
				UiIcon30x30=""
				UiIcon40x40=""
				UiName="UI_SUSPENSION_HIGH_NAME"
			/>
		</GameData>
	</SuspensionSet>
</SuspensionSetVariants>
