<_templates Include="trucks" />
<SuspensionSetVariants>
	<SuspensionSet
		_template="Normal"
		BrokenWheelDamageMultiplier="2"
		CriticalDamageThreshold="0.7"
		DamageCapacity="160"
		Name="chevrolet_kodiakC70_suspension_default"
	>
		<Suspension Damping="0.3" Height="0.08" Strength="0.05" WheelType="front" BrokenSuspensionMax="0.1" SuspensionMin="-0.5" />
		<Suspension Damping="0.3" Height="0.06" Strength="0.09" WheelType="rear" BrokenSuspensionMax="0.1" SuspensionMin="-0.25" />
		<GameData
			Price="3800"
			UnlockByExploration="false"
			UnlockByRank="1"
		>
			<UiDesc
				UiDesc="UI_SUSPENSION_DEFAULT_DESC"
				UiIcon30x30=""
				UiIcon40x40=""
				UiName="UI_SUSPENSION_DEFAULT_NAME"
			/>
		</GameData>
	</SuspensionSet>
	<SuspensionSet
		_template="High"
		BrokenWheelDamageMultiplier="2"
		CriticalDamageThreshold="0.7"
		DamageCapacity="190"
		Name="chevrolet_kodiakC70_suspension_high"
	>
		<Suspension Damping="0.4" Height="0.13" Strength="0.05" WheelType="front" BrokenSuspensionMax="0.1" SuspensionMin="-0.5" />
		<Suspension Damping="0.4" Height="0.14" Strength="0.1" WheelType="rear" BrokenSuspensionMax="0.1" SuspensionMin="-0.3" />
		<GameData
			Price="6400"
			UnlockByExploration="true"
			UnlockByRank="1"
		>
			<UiDesc
				UiDesc="UI_SUSPENSION_HIGH_DESC"
				UiIcon30x30=""
				UiIcon40x40=""
				UiName="UI_SUSPENSION_HIGH_NAME"
			/>
		</GameData>
	</SuspensionSet>
</SuspensionSetVariants>
