<_templates Include="trucks" />
<SuspensionSetVariants>
	<SuspensionSet
		_template="Normal"
		BrokenWheelDamageMultiplier="2"
		CriticalDamageThreshold="0.6"
		DamageCapacity="260"
		Name="dan_96320_suspension_default"
	>
		<Suspension 
			BrokenSuspensionMax="0.15" 
			Height="0.2" 
			Strength="0.16" 
			SuspensionMin="-0.3" 
			WheelType="front" 
			Damping="0.3"
		/>
		<Suspension 
			BrokenSuspensionMax="0.2" 
			Height="0.1" 
			Strength="0.15" 
			SuspensionMin="-0.3" 
			WheelType="rear"
			Damping="0.3"
		/>
		<GameData
			Price="7000"
			UnlockByExploration="false"
			UnlockByRank="1"
		>
			<UiDesc
				UiDesc="UI_SUSPENSION_DEFAULT_DESC"
				UiIcon30x30=""
				UiIcon40x40=""
				UiName="UI_SUSPENSION_DEFAULT_NAME"
			/>
		</GameData>
	</SuspensionSet>
	<SuspensionSet
		_template="Active"
		BrokenWheelDamageMultiplier="2"
		CriticalDamageThreshold="0.55"
		DamageCapacity="220"
		Name="dan_96320_suspension_active"
		DeviationDelta=".002"
	>
		<Suspension 
			Height="0.2" 
			Strength="0.16" 
			WheelType="front" 
			SuspensionMin="-0.3" 
			SuspensionMax="0.3" 
			DeviationMax="0.13"
			BrokenSuspensionMax="0.2"
			Damping="0.3"
		/>
		
		<Suspension  
			Height="0.1" 
			Strength="0.15" 
			WheelType="rear" 
			SuspensionMin="-0.3" 
			SuspensionMax="0.3" 
			DeviationMax="0.11"
			Damping="0.3"
		/>
		
		<GameData
			Price="9200"
			UnlockByExploration="true"
			UnlockByRank="1"
		>
			<UiDesc
				UiDesc="UI_SUSPENSION_ACTIVE_DESC"
				UiIcon30x30=""
				UiIcon40x40=""
				UiName="UI_SUSPENSION_ACTIVE_NAME"
			/>
		</GameData>
	</SuspensionSet>
</SuspensionSetVariants>
