<_templates Include="trucks" />
<SuspensionSetVariants>
	<SuspensionSet
		_template="Normal"
		BrokenWheelDamageMultiplier="2"
		CriticalDamageThreshold="0.7"
		DamageCapacity="110"
		Name="ford_clt_suspension_default"
	>
		<Suspension Damping="0.5" Height="0.21" Strength="0.08" WheelType="front" BrokenSuspensionMax="0.3" SuspensionMin="-0.25" />
		<Suspension Damping="0.5" Height="0.2" Strength="0.035" WheelType="rear" BrokenSuspensionMax="0.3" SuspensionMin="-0.21" />
		<GameData
			Price="4900"
			UnlockByExploration="false"
			UnlockByRank="1"
		>
			<UiDesc
				UiDesc="UI_SUSPENSION_DEFAULT_DESC"
				UiIcon30x30=""
				UiIcon40x40=""
				UiName="UI_SUSPENSION_DEFAULT_NAME"
			/>
		</GameData>
	</SuspensionSet>
	<SuspensionSet
		_template="High"
		BrokenWheelDamageMultiplier="2"
		CriticalDamageThreshold="0.7"
		DamageCapacity="140"
		Name="ford_clt_suspension_high"
	>
		<Suspension Damping="0.5" Height="0.27" Strength="0.08" WheelType="front" BrokenSuspensionMax="0.05" SuspensionMin="-0.45" />
		<Suspension Damping="0.5" Height="0.26" Strength="0.03" WheelType="rear" BrokenSuspensionMax="0.05" SuspensionMin="-0.35" />
		<GameData
			Price="7400"
			UnlockByExploration="true"
			UnlockByRank="1"
		>
			<UiDesc
				UiDesc="UI_SUSPENSION_HIGH_DESC"
				UiIcon30x30=""
				UiIcon40x40=""
				UiName="UI_SUSPENSION_HIGH_NAME"
			/>
		</GameData>
	</SuspensionSet>
</SuspensionSetVariants>
