<_templates Include="trucks" />
<SuspensionSetVariants>
	<SuspensionSet
		_template="Normal"
		BrokenWheelDamageMultiplier="2"
		CriticalDamageThreshold="0.5"
		DamageCapacity="220"
		Name="freightliner_m916a1_suspension_default"
	>
		<Suspension 
			Damping="0.2" 
			Height="0.15" 
			Strength="0.068" 
			WheelType="front" 
			BrokenSuspensionMax=".25" 
			SuspensionMin="-0.3" 
		/>
		<Suspension 
			Damping="0.2" 
			Height="0.02" 
			Strength="0.06" 
			WheelType="rear" 
			BrokenSuspensionMax=".25" 
			SuspensionMin="-0.15" 
		/>
		<GameData
			Price="4200"
			UnlockByExploration="false"
			UnlockByRank="1"
		>
			<UiDesc
				UiDesc="UI_SUSPENSION_DEFAULT_DESC"
				UiIcon30x30=""
				UiIcon40x40=""
				UiName="UI_SUSPENSION_DEFAULT_NAME"
			/>
		</GameData>
	</SuspensionSet>
	<SuspensionSet
		_template="High"
		BrokenWheelDamageMultiplier="2"
		CriticalDamageThreshold="0.6"
		DamageCapacity="250"
		Name="freightliner_m916a1_suspension_high"
	>
		<Suspension 
			Damping="0.36" 
			Height="0.2" 
			Strength="0.068" 
			WheelType="front" 
			BrokenSuspensionMax=".25" 
			SuspensionMin="-0.4" 
		/>
		<Suspension 
			Damping="0.36" 
			Height="0.12" 
			Strength="0.06" 
			WheelType="rear" 
			BrokenSuspensionMax=".25" 
			SuspensionMin="-0.25" 
		/>
		<GameData
			Price="7700"
			UnlockByExploration="true"
			UnlockByRank="1"
		>
			<UiDesc
				UiDesc="UI_SUSPENSION_HIGH_DESC"
				UiIcon30x30=""
				UiIcon40x40=""
				UiName="UI_SUSPENSION_HIGH_NAME"
			/>
		</GameData>
	</SuspensionSet>
</SuspensionSetVariants>
