<_templates Include="trucks" />
<SuspensionSetVariants>
	<SuspensionSet
		_template="Normal"
		BrokenWheelDamageMultiplier="2"
		CriticalDamageThreshold="0.7"
		DamageCapacity="180"
		Name="gmc9500_suspension_default"
	>
		<Suspension 
			Damping="0.4" 
			Height="0.2" 
			Strength="0.05" 
			WheelType="front" 
			SuspensionMin="-0.4" 
		/>
		<Suspension 
			Damping="0.4" 
			Height="0.15" 
			Strength="0.06" 
			WheelType="rear" 
			SuspensionMin="-0.25" 
		/>
		<GameData
			Price="4000"
			UnlockByExploration="false"
			UnlockByRank="1"
		>
			<UiDesc
				UiDesc="UI_SUSPENSION_DEFAULT_DESC"
				UiIcon30x30=""
				UiIcon40x40=""
				UiName="UI_SUSPENSION_DEFAULT_NAME"
			/>
		</GameData>
	</SuspensionSet>
	<SuspensionSet
		_template="High"
		BrokenWheelDamageMultiplier="2"
		CriticalDamageThreshold="0.7"
		DamageCapacity="210"
		Name="gmc9500_suspension_high"
	>
		<Suspension 
			Damping="0.5" 
			Height="0.30" 
			Strength="0.05" 
			WheelType="front" 
			SuspensionMin="-0.5"  
		/>
		<Suspension 
			Damping="0.5" 
			Height="0.25" 
			Strength="0.05" 
			WheelType="rear" 
			SuspensionMin="-0.30"  
		/>
		<GameData
			Price="6400"
			UnlockByExploration="true"
			UnlockByRank="1"
		>
			<UiDesc
				UiDesc="UI_SUSPENSION_HIGH_DESC"
				UiIcon30x30=""
				UiIcon40x40=""
				UiName="UI_SUSPENSION_HIGH_NAME"
			/>
		</GameData>
	</SuspensionSet>
</SuspensionSetVariants>
