<_templates Include="trucks" />
<SuspensionSetVariants>
	<SuspensionSet
		_template="Normal"
		BrokenWheelDamageMultiplier="2"
		CriticalDamageThreshold="0.7"
		DamageCapacity="100"
		Name="transtar_4070a_suspension_default"
	>
		<Suspension 
			BrokenSuspensionMax="0.25" 
			Height="0.23" 
			Strength="0.06" 
			SuspensionMin="-0.25" 
			WheelType="front" 
		/>
		<Suspension 
			BrokenSuspensionMax="0.15" 
			Height="0.23" 
			Strength="0.03" 
			SuspensionMin="-0.25" 
			WheelType="rear" 
		/>
		<GameData
			Price="3800"
			UnlockByExploration="false"
			UnlockByRank="1"
		>
			<UiDesc
				UiDesc="UI_SUSPENSION_DEFAULT_DESC"
				UiIcon30x30=""
				UiIcon40x40=""
				UiName="UI_SUSPENSION_DEFAULT_NAME"
			/>
		</GameData>
	</SuspensionSet>
	<SuspensionSet
		_template="High"
		BrokenWheelDamageMultiplier="2"
		CriticalDamageThreshold="0.7"
		DamageCapacity="100"
		Name="transtar_4070a_suspension_high"
	>
		<Suspension 
			BrokenSuspensionMax="0.25" 
			Height="0.33" 
			Strength="0.06" 
			SuspensionMin="-0.3" 
			WheelType="front" 
		/>
		<Suspension 
			BrokenSuspensionMax="0.15" 
			Height="0.3" 
			Strength="0.03" 
			SuspensionMin="-0.3" 
			WheelType="rear" 
		/>
		<GameData
			Price="6200"
			UnlockByExploration="true"
			UnlockByRank="1"
		>
			<UiDesc
				UiDesc="UI_SUSPENSION_HIGH_DESC"
				UiIcon30x30=""
				UiIcon40x40=""
				UiName="UI_SUSPENSION_HIGH_NAME"
			/>
		</GameData>
	</SuspensionSet>
</SuspensionSetVariants>
