<_templates Include="trucks" />
<SuspensionSetVariants>
	<SuspensionSet
		_template="Normal"
		CriticalDamageThreshold="0.4"
		DamageCapacity="120"
		Name="international_loadstar_1700_suspension_default"
	>
		<Suspension 
			Damping=".2" 
			Height="0.22" 
			Strength="0.042" 
			WheelType="front" 
			BrokenSuspensionMax="0.15" 
			SuspensionMin="-0.3" 
		/>
		<Suspension 
			Damping=".2" 
			Height="0.11" 
			Strength="0.08" 
			WheelType="rear" 
			BrokenSuspensionMax="0.15" 
			SuspensionMin="-0.2" 
			/>
		<GameData
			Price="3000"
			UnlockByExploration="false"
			UnlockByRank="1"
		>
			<UiDesc
				UiDesc="UI_SUSPENSION_DEFAULT_DESC"
				UiIcon30x30=""
				UiIcon40x40=""
				UiName="UI_SUSPENSION_DEFAULT_NAME"
			/>
		</GameData>
	</SuspensionSet>
	<SuspensionSet
		_template="High"
		CriticalDamageThreshold="0.5"
		DamageCapacity="190"
		Name="international_loadstar_1700_suspension_high"
	>
		<Suspension 
			Damping=".2" 
			Height="0.29" 
			Strength="0.042" 
			WheelType="front" 
			BrokenSuspensionMax="0.15" 
			SuspensionMin="-0.45" 
		/>
		<Suspension 
			Damping=".2" 
			Height="0.22" 
			Strength="0.08" 
			WheelType="rear" 
			BrokenSuspensionMax="0.15" 
			SuspensionMin="-0.4" 
		/>
		<GameData
			Price="5700"
			UnlockByExploration="true"
			UnlockByRank="1"
		>
			<UiDesc
				UiDesc="UI_SUSPENSION_HIGH_DESC"
				UiIcon30x30=""
				UiIcon40x40=""
				UiName="UI_SUSPENSION_HIGH_NAME"
			/>
		</GameData>
	</SuspensionSet>
	<SuspensionSet
		_template="Ultimate"
		CriticalDamageThreshold="0.5"
		DamageCapacity="160"
		Name="international_loadstar_1700_suspension_crawler"
	>
		<Suspension 
			Damping=".2" 
			Height="0.32" 
			Strength="0.03" 
			WheelType="front" 
			BrokenSuspensionMax="0.15" 
			SuspensionMin="-0.45" 
		/>
		<Suspension 
			Damping=".2" 
			Height="0.26" 
			Strength="0.035" 
			WheelType="rear" 
			BrokenSuspensionMax="0.15" 
			SuspensionMin="-0.45" 
		/>
		<GameData
			Price="7925"
			UnlockByExploration="false"
			UnlockByRank="18"
		>
			<UiDesc
				UiDesc="UI_SUSPENSION_CRAWLER_DESC"
				UiIcon30x30=""
				UiIcon40x40=""
				UiName="UI_SUSPENSION_CRAWLER_NAME"
			/>
		</GameData>
	</SuspensionSet>
</SuspensionSetVariants>
