<_templates Include="trucks" />
<SuspensionSetVariants>
	<SuspensionSet
		_template="Normal"
		BrokenWheelDamageMultiplier="2"
		CriticalDamageThreshold="0.6"
		DamageCapacity="300"
		Name="kolob_74760_suspension_default"
	>
		<Suspension 
			Damping="0.08" 
			Height="0.05" 
			Strength="0.03" 
			WheelType="front" 
			SuspensionMin="-0.25" 
			SuspensionMax="0.4" 
		/>
		<Suspension 
			Damping="0.2" 
			Height="0.05" 
			Strength="0.045" 
			WheelType="rear" 
			BrokenSuspensionMax="1" 
			SuspensionMin="-0.35" 
			SuspensionMax="0.4" 
		/>
		<GameData
			Price="7000"
			UnlockByExploration="false"
			UnlockByRank="1"
		>
			<UiDesc
				UiDesc="UI_SUSPENSION_DEFAULT_DESC"
				UiIcon30x30=""
				UiIcon40x40=""
				UiName="UI_SUSPENSION_DEFAULT_NAME"
			/>
		</GameData>
	</SuspensionSet>
	<SuspensionSet
		_template="Active"
		BrokenWheelDamageMultiplier="2"
		CriticalDamageThreshold="0.6"
		DamageCapacity="220"
		Name="kolob_74760_suspension_active"
		DeviationDelta=".002"
	>
		<Suspension 
			Damping="0.08" 
			Height="0.05" 
			Strength="0.03" 
			WheelType="front" 
			SuspensionMin="-0.25" 
			SuspensionMax="0.4" 
			DeviationMax="0.15"
		/>
		<Suspension 
			Damping="0.2" 
			Height="0.05" 
			Strength="0.045" 
			WheelType="rear" 
			BrokenSuspensionMax="1" 
			SuspensionMin="-0.4" 
			SuspensionMax="0.4" 
			DeviationMax="0.15"
		/>
		<GameData
			Price="11700"
			UnlockByExploration="true"
			UnlockByRank="1"
		>
			<UiDesc
				UiDesc="UI_SUSPENSION_ACTIVE_DESC"
				UiIcon30x30=""
				UiIcon40x40=""
				UiName="UI_SUSPENSION_ACTIVE_NAME"
			/>
		</GameData>
	</SuspensionSet>
</SuspensionSetVariants>
