<_templates Include="trucks" />
<SuspensionSetVariants>
	<SuspensionSet
		_template="Normal"
		BrokenWheelDamageMultiplier="2"
		CriticalDamageThreshold="0.6"
		DamageCapacity="260"
		Name="pacific_p12w_suspension_default"
	>
		<Suspension Damping="0.3" Height="0.2" Strength="0.11" WheelType="front" BrokenSuspensionMax="0.2" SuspensionMin="-0.4" />
		<Suspension Damping="0.2" Height="0.1" Strength="0.08" WheelType="rear" BrokenSuspensionMax="0.3" SuspensionMin="-0.2" SuspensionMax="0.07" />
		<GameData
			Price="6200"
			UnlockByExploration="false"
			UnlockByRank="1"
		>
			<UiDesc
				UiDesc="UI_SUSPENSION_DEFAULT_DESC"
				UiIcon30x30=""
				UiIcon40x40=""
				UiName="UI_SUSPENSION_DEFAULT_NAME"
			/>
		</GameData>
	</SuspensionSet>
	<SuspensionSet
		_template="High"
		BrokenWheelDamageMultiplier="2"
		CriticalDamageThreshold="0.7"
		DamageCapacity="300"
		Name="pacific_p12w_suspension_high"
	>
		<Suspension 
			Damping="0.2" 
			Height="0.23" 
			Strength="0.031" 
			WheelType="front" 
			BrokenSuspensionMax="0.15" 
			SuspensionMin="-0.3" 
		/>
		<Suspension 
			Damping="0.2" 
			Height="0.13" 
			Strength="0.025" 
			WheelType="rear" 
			BrokenSuspensionMax="0.15" 
			SuspensionMin="-0.4" 
		/>
		<GameData
			Price="11300"
			UnlockByExploration="false"
			UnlockByRank="8"
		>
			<UiDesc
				UiDesc="UI_SUSPENSION_HIGH_P12_DESC"
				UiIcon30x30=""
				UiIcon40x40=""
				UiName="UI_SUSPENSION_HIGH_P12_NAME"
			/>
		</GameData>
	</SuspensionSet>
	<!--<SuspensionSet
		_template="Ultimate"
		BrokenWheelDamageMultiplier="2"
		CriticalDamageThreshold="0.7"
		DamageCapacity="300"
		Name="pacific_p12w_suspension_ultimate"
	>
		<Suspension 
			Damping="0.2" 
			Height="0.3" 
			Strength="0.031" 
			WheelType="front" 
			BrokenSuspensionMax="0.15" 
			SuspensionMin="-0.4" 
		/>
		<Suspension 
			Damping="0.2" 
			Height="0.2" 
			Strength="0.025" 
			WheelType="rear" 
			BrokenSuspensionMax="0.15" 
			SuspensionMin="-0.4" 
		/>
		<GameData
			Price="13300"
			UnlockByExploration="false"
			UnlockByRank="17"
		>
			<UiDesc
				UiDesc="UI_SUSPENSION_ULTIMATE_DESC"
				UiIcon30x30=""
				UiIcon40x40=""
				UiName="UI_SUSPENSION_ULTIMATE_NAME"
			/>
		</GameData>
	</SuspensionSet>-->
</SuspensionSetVariants>
