<_templates Include="trucks" />
<SuspensionSetVariants>
	<SuspensionSet
		_template="Normal"
		BrokenWheelDamageMultiplier="2"
		CriticalDamageThreshold="0.5"
		DamageCapacity="200"
		Name="royal_bm17_suspension_default"
	>
		<Suspension 
			Damping="0.3"
			Height="0.09" 
			Strength="0.06" 
			WheelType="front" 
			BrokenSuspensionMax="0.1" 
			SuspensionMin="-0.32"
			SuspensionMax="5.5" 
		/>
		<Suspension 
			Damping="0.5"
			Height="0.03" 
			Strength="0.05" 
			WheelType="rear" 
			BrokenSuspensionMax="0.2" 
			SuspensionMin="-0.15"
			SuspensionMax="1" 
		/>
		<GameData
			Price="6200"
			UnlockByExploration="false"
			UnlockByRank="1"
		>
			<UiDesc
				UiDesc="UI_SUSPENSION_DEFAULT_DESC"
				UiIcon30x30=""
				UiIcon40x40=""
				UiName="UI_SUSPENSION_DEFAULT_NAME"
			/>
		</GameData>
	</SuspensionSet>
	<SuspensionSet
		_template="High"
		BrokenWheelDamageMultiplier="2"
		CriticalDamageThreshold="0.6"
		DamageCapacity="220"
		Name="royal_bm17_suspension_high"
	>
		<Suspension 
			Damping="0.5"
			Height="0.17" 
			Strength="0.07" 
			WheelType="front" 
			BrokenSuspensionMax="0.1" 
			SuspensionMin="-0.4" 
		/>
		<Suspension 
			Damping="0.5"
			Height="0.15" 
			Strength="0.05" 
			WheelType="rear" 
			BrokenSuspensionMax="0.2" 
			SuspensionMin="-0.27"
		/>
		<GameData
			Price="10500"
			UnlockByExploration="true"
			UnlockByRank="1"
		>
			<UiDesc
				UiDesc="UI_SUSPENSION_HIGH_DESC"
				UiIcon30x30=""
				UiIcon40x40=""
				UiName="UI_SUSPENSION_HIGH_NAME"
			/>
		</GameData>
	</SuspensionSet>
</SuspensionSetVariants>
