<_templates Include="trucks" />
<SuspensionSetVariants>
	<SuspensionSet
		_template="Normal"
		BrokenWheelDamageMultiplier="2"
		CriticalDamageThreshold="0.4"
		DamageCapacity="160"
		Name="step_310e_suspension_default"
	>
		<Suspension 
			Damping="0.4"
			BrokenSuspensionMax="0.1" 
			Height="0.1" 
			Strength="0.05" 
			SuspensionMin="-0.3" 
			WheelType="front" 
		/>
		<Suspension 
			Damping="0.4"
			BrokenSuspensionMax="0.2" 
			Height="0.06" 
			Strength="0.053" 
			SuspensionMin="-0.3" 
			WheelType="rear" 
		/>
		<GameData
			Price="4000"
			UnlockByExploration="false"
			UnlockByRank="1"
		>
			<UiDesc
				UiDesc="UI_SUSPENSION_DEFAULT_DESC"
				UiIcon30x30=""
				UiIcon40x40=""
				UiName="UI_SUSPENSION_DEFAULT_NAME"
			/>
		</GameData>
	</SuspensionSet> 
	<SuspensionSet
		_template="High"
		BrokenWheelDamageMultiplier="2"
		CriticalDamageThreshold="0.5"
		DamageCapacity="190"
		Name="step_310e_suspension_high"
	>
		<Suspension 
			Damping="0.4"
			BrokenSuspensionMax="0.1" 
			Height="0.15" 
			Strength="0.05" 
			SuspensionMin="-0.35" 
			WheelType="front" 
		/>
		<Suspension 
			Damping="0.4"
			BrokenSuspensionMax="0.2" 
			Height="0.12" 
			Strength="0.052" 
			SuspensionMin="-0.35" 
			WheelType="rear" 
		/>
		<GameData
			Price="7400"
			UnlockByExploration="true"
			UnlockByRank="1"
		>
			<UiDesc
				UiDesc="UI_SUSPENSION_HIGH_DESC"
				UiIcon30x30=""
				UiIcon40x40=""
				UiName="UI_SUSPENSION_HIGH_NAME"
			/>
		</GameData>
	</SuspensionSet> 
	<SuspensionSet
		_template="High"
		BrokenWheelDamageMultiplier="2"
		CriticalDamageThreshold="0.5"
		DamageCapacity="190"
		Name="step_310e_suspension_heavy"
	>
		<Suspension 
			Damping="0.4"
			BrokenSuspensionMax="0.1" 
			Height="0.15" 
			Strength="0.055" 
			SuspensionMin="-0.35" 
			WheelType="front" 
		/>
		<Suspension 
			Damping="0.4"
			BrokenSuspensionMax="0.2" 
			Height="0.15" 
			Strength="0.075" 
			SuspensionMin="-0.37" 
			WheelType="rear" 
		/>
		<GameData
			Price="9635"
			UnlockByExploration="false"
			UnlockByRank="1"
		>
			<UiDesc
				UiDesc="UI_SUSPENSION_HEAVY_DESC"
				UiIcon30x30=""
				UiIcon40x40=""
				UiName="UI_SUSPENSION_HEAVY_NAME"
			/>
		</GameData>
	</SuspensionSet> 	
</SuspensionSetVariants>
