<_templates Include="trucks" />
<SuspensionSetVariants>
	<SuspensionSet
		_template="Normal"
		BrokenWheelDamageMultiplier="2"
		CriticalDamageThreshold="0.5"
		DamageCapacity="200"
		Name="tayga_6436_suspension_default"
	>
		<Suspension 
			Damping="0.2"
			BrokenSuspensionMax="0.3" 
			Height="0.21" 
			Strength="0.055" 
			SuspensionMin="-0.4" 
			WheelType="front" 
		/>
		<Suspension 
			Damping="0.2"
			BrokenSuspensionMax="0.3" 
			Height="0.10" 
			Strength="0.05" 
			SuspensionMin="-0.3" 
			WheelType="rear" 
		/>
		<GameData
			Price="4700"
			UnlockByExploration="false"
			UnlockByRank="1"
		>
			<UiDesc
				UiDesc="UI_SUSPENSION_DEFAULT_DESC"
				UiIcon30x30=""
				UiIcon40x40=""
				UiName="UI_SUSPENSION_DEFAULT_NAME"
			/>
		</GameData>
	</SuspensionSet>
	<SuspensionSet
		_template="High"
		BrokenWheelDamageMultiplier="2"
		CriticalDamageThreshold="0.6"
		DamageCapacity="240"
		Name="tayga_6436_suspension_high"
	>
		<Suspension 
			Damping="0.2"
			BrokenSuspensionMax="0.3" 
			Height="0.25" 
			Strength="0.055" 
			SuspensionMin="-0.4" 
			WheelType="front" 
		/>
		<Suspension 
			Damping="0.2"
			BrokenSuspensionMax="0.3" 
			Height="0.2" 
			Strength="0.05" 
			SuspensionMin="-0.35" 
			WheelType="rear" 
		/>
		<GameData
			Price="10400"
			UnlockByExploration="true"
			UnlockByRank="1"
		>
			<UiDesc
				UiDesc="UI_SUSPENSION_HIGH_DESC"
				UiIcon30x30=""
				UiIcon40x40=""
				UiName="UI_SUSPENSION_HIGH_NAME"
			/>
		</GameData>
	</SuspensionSet>
</SuspensionSetVariants>
