<_templates Include="trucks" />
<SuspensionSetVariants>
	<SuspensionSet
		_template="Normal"
		BrokenWheelDamageMultiplier="2"
		CriticalDamageThreshold="0.5"
		DamageCapacity="190"
		Name="voron_ae4380_suspension_default"
	>
		<Suspension 
			Damping="0.3"
			BrokenSuspensionMax="0.15" 
			Height="0.14" 
			Strength="0.055" 
			SuspensionMin="-0.35"  
			WheelType="front" 
		/>
		<Suspension 
			Damping="0.3"
			BrokenSuspensionMax="0.15" 
			Height="0.09" 
			Strength="0.07" 
			SuspensionMin="-0.15" 
			WheelType="rear" 
		/>
		<GameData
			Price="4400"
			UnlockByExploration="false"
			UnlockByRank="1"
		>
			<UiDesc
				UiDesc="UI_SUSPENSION_DEFAULT_DESC"
				UiIcon30x30=""
				UiIcon40x40=""
				UiName="UI_SUSPENSION_DEFAULT_NAME"
			/>
		</GameData>
	</SuspensionSet>
	<SuspensionSet
		_template="High"
		BrokenWheelDamageMultiplier="2"
		CriticalDamageThreshold="0.5"
		DamageCapacity="210"
		Name="voron_ae4380_suspension_high"
	>
		<Suspension 
			Damping="0.3"
			BrokenSuspensionMax="0.15" 
			Height="0.2" 
			Strength="0.055" 
			SuspensionMin="-0.45"
			WheelType="front" 
		/>
		<Suspension 
			Damping="0.3"
			BrokenSuspensionMax="0.15" 
			Height="0.2" 
			Strength="0.07" 
			SuspensionMin="-0.20" 
			WheelType="rear" 
		/>
		<GameData
			Price="8500"
			UnlockByExploration="true"
			UnlockByRank="1"
		>
			<UiDesc
				UiDesc="UI_SUSPENSION_HIGH_DESC"
				UiIcon30x30=""
				UiIcon40x40=""
				UiName="UI_SUSPENSION_HIGH_NAME"
			/>
		</GameData>
	</SuspensionSet>
	<SuspensionSet
		_template="Heavy"
		BrokenWheelDamageMultiplier="2"
		CriticalDamageThreshold="0.5"
		DamageCapacity="300"
		Name="voron_ae4380_suspension_heavy"
	>
		<Suspension 
			Damping="0.3"
			BrokenSuspensionMax="0.15" 
			Height="0.2" 
			Strength="0.095" 
			SuspensionMin="-0.45"
			WheelType="front" 
		/>
		<Suspension 
			Damping="0.3"
			BrokenSuspensionMax="0.15" 
			Height="0.2" 
			Strength="0.12" 
			SuspensionMin="-0.20" 
			WheelType="rear" 
		/>
		<GameData
			Price="11520"
			UnlockByExploration="false"
			UnlockByRank="3"
		>
			<UiDesc
				UiDesc="UI_SUSPENSION_HEAVY_DESC"
				UiIcon30x30=""
				UiIcon40x40=""
				UiName="UI_SUSPENSION_HEAVY_NAME"
			/>
		</GameData>
	</SuspensionSet>
</SuspensionSetVariants>
