<_templates Include="trucks" />
<SuspensionSetVariants>
	<SuspensionSet
		_template="Normal"
		BrokenWheelDamageMultiplier="2"
		CriticalDamageThreshold="0.4"
		DamageCapacity="180"
		Name="voron_d53233_suspension_default"
	>
		<Suspension 
			Damping="0.3"
			BrokenSuspensionMax="0.15" 
			Height="0.17" 
			Strength="0.085" 
			SuspensionMin="-0.3" 
			WheelType="front" 
		/>
		<Suspension 
			Damping="0.2"
			BrokenSuspensionMax="0.15" 
			Height="0.14" 
			Strength="0.043" 
			SuspensionMin="-0.3" 
			WheelType="rear" 
		/>
		<GameData
			Price="4500"
			UnlockByExploration="false"
			UnlockByRank="1"
		>
			<UiDesc
				UiDesc="UI_SUSPENSION_DEFAULT_DESC"
				UiIcon30x30=""
				UiIcon40x40=""
				UiName="UI_SUSPENSION_DEFAULT_NAME"
			/>
		</GameData>
	</SuspensionSet>
	<SuspensionSet
		_template="High"
		BrokenWheelDamageMultiplier="2"
		CriticalDamageThreshold="0.6"
		DamageCapacity="200"
		Name="voron_d53233_suspension_high"
	>
		<Suspension 
			Damping="0.4"
			BrokenSuspensionMax="0.15" 
			Height="0.25" 
			Strength="0.077" 
			SuspensionMin="-0.5"
			WheelType="front" 
		/>
		<Suspension 
			Damping="0.4"
			BrokenSuspensionMax="0.15" 
			Height="0.23" 
			Strength="0.04" 
			SuspensionMin="-0.2" 
			WheelType="rear" 
		/>
		<GameData
			Price="9400"
			UnlockByExploration="true"
			UnlockByRank="1"
		>
			<UiDesc
				UiDesc="UI_SUSPENSION_HIGH_DESC"
				UiIcon30x30=""
				UiIcon40x40=""
				UiName="UI_SUSPENSION_HIGH_NAME"
			/>
		</GameData>
	</SuspensionSet>
	<SuspensionSet
		_template="Heavy"
		BrokenWheelDamageMultiplier="2"
		CriticalDamageThreshold="0.6"
		DamageCapacity="300"
		Name="voron_d53233_suspension_heavy"
	>
		<Suspension 
			Damping="0.4"
			BrokenSuspensionMax="0.15" 
			Height="0.25" 
			Strength="0.08" 
			SuspensionMin="-0.45"
			WheelType="front" 
		/>
		<Suspension 
			Damping="0.4"
			BrokenSuspensionMax="0.15" 
			Height="0.20" 
			Strength="0.08" 
			SuspensionMin="-0.2" 
			WheelType="rear" 
		/>
		<GameData
			Price="10420"
			UnlockByExploration="false"
			UnlockByRank="1"
		>
			<UiDesc
				UiDesc="UI_SUSPENSION_HEAVY_DESC"
				UiIcon30x30=""
				UiIcon40x40=""
				UiName="UI_SUSPENSION_HEAVY_NAME"
			/>
		</GameData>
	</SuspensionSet>
</SuspensionSetVariants>
