<_templates Include="trucks" />
<SuspensionSetVariants>
	<SuspensionSet
		_template="Normal"
		BrokenWheelDamageMultiplier="2"
		CriticalDamageThreshold="0.4"
		DamageCapacity="170"
		Name="white_ws4964_suspension_default"
	>
		<Suspension 
			Damping="0.4" 
			Height="0.17" 
			Strength="0.06" 
			WheelType="front" 
			BrokenSuspensionMax="0.1" 
			SuspensionMin="-0.3" 
		/>
		<Suspension 
			Damping="0.4" 
			Height="0.13" 
			Strength="0.045" 
			WheelType="rear" 
			BrokenSuspensionMax="0.2" 
			SuspensionMin="-0.18" 
		/>
		<GameData
			Price="4500"
			UnlockByExploration="false"
			UnlockByRank="1"
		>
			<UiDesc
				UiDesc="UI_SUSPENSION_DEFAULT_DESC"
				UiIcon30x30=""
				UiIcon40x40=""
				UiName="UI_SUSPENSION_DEFAULT_NAME"
			/>
		</GameData>
	</SuspensionSet>
	<SuspensionSet
		_template="High"
		BrokenWheelDamageMultiplier="2"
		CriticalDamageThreshold="0.5"
		DamageCapacity="200"
		Name="white_ws4964_suspension_high"
	>
		<Suspension 
			Damping="0.4" 
			Height="0.3" 
			Strength="0.058" 
			WheelType="front" 
			BrokenSuspensionMax="0.1" 
			SuspensionMin="-0.4" 
		/>
		<Suspension 
			Damping="0.4" 
			Height="0.25" 
			Strength="0.045" 
			WheelType="rear" 
			BrokenSuspensionMax="0.2" 
			SuspensionMin="-0.33" 
		/>
		<GameData
			Price="9400"
			UnlockByExploration="true"
			UnlockByRank="1"
		>
			<UiDesc
				UiDesc="UI_SUSPENSION_HIGH_DESC"
				UiIcon30x30=""
				UiIcon40x40=""
				UiName="UI_SUSPENSION_HIGH_NAME"
			/>
		</GameData>
	</SuspensionSet>
</SuspensionSetVariants>
