<_templates Include="trucks" />
<SuspensionSetVariants>
	<SuspensionSet
		_template="Active"
		BrokenWheelDamageMultiplier="2"
		CriticalDamageThreshold="0.6"
		DamageCapacity="240"
		Name="ws_6900xd_twin_suspension_default"
		DeviationDelta=".002"
	>
		<Suspension 
			Damping="0.2" 
			Height="0.09" 
			Strength="0.052" 
			WheelType="front" 
			BrokenSuspensionMax="0.15" 
			SuspensionMin="-0.35" 
			DeviationMax="0.01" 
		/>
		<Suspension 
			Damping="0.2" 
			Height="-0.1" 
			Strength="0.07" 
			WheelType="rear" 
			BrokenSuspensionMax="0.15" 
			SuspensionMin="-0.35"
			DeviationMax="0.25"
		/>
		<GameData
			Price="6600"
			UnlockByExploration="false"
			UnlockByRank="1"
		>
			<UiDesc
				UiDesc="UI_SUSPENSION_DEFAULT_DESC"
				UiIcon30x30=""
				UiIcon40x40=""
				UiName="UI_SUSPENSION_DEFAULT_NAME"
			/>
		</GameData>
	</SuspensionSet>
	<SuspensionSet
		_template="Active"
		BrokenWheelDamageMultiplier="2"
		CriticalDamageThreshold="0.7"
		DamageCapacity="260"
		Name="ws_6900xd_twin_suspension_high"
		DeviationDelta=".002"
	>
		<Suspension 
			Damping="0.4" 
			Height="0.24" 
			Strength="0.033" 
			WheelType="front" 
			BrokenSuspensionMax="0.15" 
			SuspensionMin="-0.35"
			DeviationMax="0.01" 
		/>
		<Suspension 
			Damping="0.4" 
			Height="0.15" 
			Strength="0.035" 
			WheelType="rear" 
			BrokenSuspensionMax="0.15" 
			SuspensionMin="-0.5"
			DeviationMax="0.2"
		/>
		<GameData
			Price="11300"
			UnlockByExploration="true"
			UnlockByRank="1"
		>
			<UiDesc
				UiDesc="UI_SUSPENSION_HIGH_DESC"
				UiIcon30x30=""
				UiIcon40x40=""
				UiName="UI_SUSPENSION_HIGH_NAME"
			/>
		</GameData>
	</SuspensionSet>
</SuspensionSetVariants>
