<_templates Include="trucks" />
<SuspensionSetVariants>
	<SuspensionSet
		_template="Normal"
		BrokenWheelDamageMultiplier="2"
		CriticalDamageThreshold="0.4"
		DamageCapacity="140"
		Name="zikz_5368_suspension_default"
	>
		<Suspension 
			Damping="0.3"
			BrokenSuspensionMax="0.1" 
			Height="0.08" 
			Strength="0.07" 
			SuspensionMin="-0.3" 
			WheelType="front" 
		/>
		<Suspension 
			Damping="0.3"
			BrokenSuspensionMax="0.2" 
			Height="0.06" 
			Strength="0.12" 
			SuspensionMin="-0.25" 
			WheelType="rear" 
		/>
		<GameData
			Price="4200"
			UnlockByExploration="false"
			UnlockByRank="1"
		>
			<UiDesc
				UiDesc="UI_SUSPENSION_DEFAULT_DESC"
				UiIcon30x30=""
				UiIcon40x40=""
				UiName="UI_SUSPENSION_DEFAULT_NAME"
			/>
		</GameData>
	</SuspensionSet> 
	<SuspensionSet
		_template="High"
		BrokenWheelDamageMultiplier="2"
		CriticalDamageThreshold="0.5"
		DamageCapacity="180"
		Name="zikz_5368_suspension_high"
	>
		<Suspension 
			Damping="0.3"
			BrokenSuspensionMax="0.1" 
			Height="0.16" 
			Strength="0.07" 
			SuspensionMin="-0.45" 
			WheelType="front" 
		/>
		<Suspension 
			Damping="0.3"
			BrokenSuspensionMax="0.2" 
			Height="0.14" 
			Strength="0.12" 
			SuspensionMin="-0.35" 
			WheelType="rear" 
		/>
		<GameData
			Price="6400"
			UnlockByExploration="true"
			UnlockByRank="1"
		>
			<UiDesc
				UiDesc="UI_SUSPENSION_HIGH_DESC"
				UiIcon30x30=""
				UiIcon40x40=""
				UiName="UI_SUSPENSION_HIGH_NAME"
			/>
		</GameData>
	</SuspensionSet> 
	
</SuspensionSetVariants>
