<_templates Include="trucks">
	<Wheel>
		<TrailerWheelRear
			ConnectedToHandbrake="true"
			SuspensionHeight="0.07"
			SuspensionStrength="0.1"
			Torque="default"
			SuspensionMin="-0.2"
			Location="rear"
			ParentFrame="BoneCargo_1_cdt"
		/>
		<TrailerWheelFront
			ConnectedToHandbrake="true"
			SuspensionHeight="0.075"
			SuspensionStrength="0.1"
			Torque="default"
			SuspensionMin="-0.2"
			Location="rear"
			ParentFrame="BoneFrontCart_cdt"
		/>
	</Wheel>
	<Flare>
		<IgnitionSignalRedSmall
			AspectRatio="1.4"
			Color="g(169; 0; 0) x 0.8"
			ColorMultAtDay="0.6"
			Dir="(-1; 0; 0)"
			DirAngle="135"
			Size="0.1"
		/>
		<IgnitionSignalOrange
			AspectRatio="1.4"
			Color="g(255; 140; 0) x 0.3"
			ColorMultAtDay="0.6"
			Dir="(0; 1; 0)"
			DirAngle="135"
			Size="0.07"
		/>
	</Flare>
	<Body>
		<Top Collisions="None" Mass="30">
			<Constraint LinearLimitsY="(-.2;.3)" Type="Fixed">
				<Motor Damping="500" Spring="10000" Type="Spring" />
			</Constraint>
		</Top>
		<Side Collisions="None" Mass="30">
			<Constraint LinearLimitsZ="(-1;1)" Type="Fixed">
				<Motor Damping="40" Spring="8000" Type="Spring" />
			</Constraint>
		</Side>
		<Front Collisions="None" Mass="30">
			<Constraint LinearLimitsX="(-0.5;0.2)" Type="Fixed">
				<Motor Damping="40" Spring="2000" Type="Spring" />
			</Constraint>
		</Front>
	</Body>
</_templates>
<Truck Type="Trailer">
	<TruckData RepairsCapacity="1500" FuelCapacity="1500">
		<Wheels
			DefaultRim="rim_6"
			DefaultTire="allterrain_2"
			DefaultWheelType="wheels_medium_double"
>
			<Wheel _template="TrailerWheelFront" Pos="(3.172; 0.473; 0.955)" />
			<Wheel _template="TrailerWheelFront" Pos="(3.172; 0.473; 0.955)" RightSide="true" />
			<Wheel _template="TrailerWheelFront" Pos="(1.859; 0.473; 0.955)" />
			<Wheel _template="TrailerWheelFront" Pos="(1.859; 0.473; 0.955)" RightSide="true" />
			<Wheel _template="TrailerWheelRear" Pos="(-1.300; 0.473; 0.955)" />
			<Wheel _template="TrailerWheelRear" Pos="(-1.300; 0.473; 0.955)" RightSide="true" />
			<Wheel _template="TrailerWheelRear" Pos="(-2.613; 0.473; 0.955)" />
			<Wheel _template="TrailerWheelRear" Pos="(-2.613; 0.473; 0.955)" RightSide="true" />
		</Wheels>
		<OcclusionMap
			HalfSizeZ="1.842"
			Texture="trucks/occlusion/chassis_trailer__s_d_a.tga"
			MinX="-4"
			MaxX="5.5"
		/>
		<Constraint _template="TrailerRagdoll">
			<TwistMotor _inheritRemove="true" />
		</Constraint>
		<CompatibleWheels Scale="0.5" Type="wheels_medium_double" />
		<Camera Center="(0; 0; 0)" />
		<Axles>
			<Axle Frame="BoneAxle1" />
			<Axle Frame="BoneAxle2" />
			<Axle Frame="BoneAxle3" />
			<Axle Frame="BoneAxle4" />
		</Axles>
	</TruckData>
	<PoweredConstraints>
		<Group ExternalUi="true" Id="trailer_lock" LocaleUid="UI_LOCK_CART">
			<Constraint Name="LockCart" Position="0" TerminalFix="true" />
		</Group>
	</PoweredConstraints>
	<PhysicsModel Mesh="trucks/trailers/trailer_flatbed_special_2">
		<Body _template="Gravity"
			CenterOfMassOffset="(-1; 0; 0)"
			ImpactType="Truck"
			Mass="5200"
			ModelFrame="BoneCargo_1_cdt"
		>
			<Body _template="Mudguard" ModelFrame="BoneLeftMudguard_cdt" _template="Gravity">
				<Constraint AxisLocal="(0; 0; 1)" MinLimit="-25" MaxLimit="45" />
			</Body>
			<Body _template="Mudguard" ModelFrame="BoneRightMudguard_cdt" _template="Gravity">
				<Constraint AxisLocal="(0; 0; 1)" MinLimit="-25" MaxLimit="45" />
			</Body>
			<Body Mass="5200" ModelFrame="BoneCargo_2_cdt" _template="Gravity">
				<Constraint
					AxisLocal="(1; 0; 0)"
					Type="Hinge"
					MinLimit="-10"
					MaxLimit="10"
				>
					<Motor Damping="800000" Spring="1200000" Type="Spring" />
				</Constraint>
				<Body Mass="800" ModelFrame="BoneFrontCart_cdt" _template="Gravity">
					<Constraint
						AxisLocal="(0; 1; 0)"
						Type="Hinge"
						MinLimit="-50"
						MaxLimit="50"
						Name="LockCart" 
					>
						<Motor Damping="8000" Spring="40000" Type="Spring" />
					</Constraint>
					<Body AngularDamping="15" ForceBodyParams="true" Mass="400" ModelFrame="BoneHandle_cdt" _template="Gravity">
						<Constraint
							AxisLocal="(0; 0; 1)"
							Type="Hinge"
							MinLimit="-60"
							MaxLimit="60"
						/>
					</Body>
					<Body _template="Mudguard" ModelFrame="BoneLeftMudguard1_cdt" _template="Gravity">
						<Constraint AxisLocal="(0; 0; 1)" MinLimit="-25" MaxLimit="45" />
					</Body>
					<Body _template="Mudguard" ModelFrame="BoneRightMudguard1_cdt" _template="Gravity">
						<Constraint AxisLocal="(0; 0; 1)" MinLimit="-25" MaxLimit="45" />
					</Body>
				</Body>
				<Body Mass="800" ModelFrame="BoneTent_cdt" _template="Gravity">
					<Constraint
						LinearLimitsX="(-0.2;0.2)"
						LinearLimitsY="(0;0)"
						LinearLimitsZ="(-0.3;0.3)"
						Type="Fixed"
					>
						<Motor Damping="100" Spring="80000" Type="Spring" />
					</Constraint>
					<Body _template="Side" LinearDamping="2" ModelFrame="BoneClothLeft_cdt"  _template="Gravity"/>
					<Body _template="Side" ModelFrame="BoneClothSide_cdt"  _template="Gravity"/>
					<Body _template="Side" LinearDamping=".1" ModelFrame="BoneClothRight_cdt"  _template="Gravity"/>
					<Body _template="Front" ModelFrame="BoneClothFront_cdt" _template="Gravity">
						<Constraint LinearLimitsX="(-0.2;0.5)" />
					</Body>
					<Body _template="Front" ModelFrame="BoneClothRear_cdt"  _template="Gravity"/>
					<Body _template="Top" ModelFrame="BoneClothTop1_cdt"  _template="Gravity"/>
					<Body _template="Top" ModelFrame="BoneClothTop2_cdt" _template="Gravity">
						<Constraint>
							<Motor Damping="200" />
						</Constraint>
					</Body>
					<Body _template="Top" ModelFrame="BoneClothTop3_cdt" _template="Gravity">
						<Constraint>
							<Motor Damping="400" />
						</Constraint>
					</Body>
				</Body>
			</Body>
		</Body>
	</PhysicsModel>
	<ModelAttachments>
		<StopSignals>
			<Light _template="StopSignal" ParentFrames="BoneCargo_1_cdt" Pos="(-3.639; 0.915; 0)" />
			<Flare _template="StopSignal" ParentFrames="BoneCargo_1_cdt" Pos="(-3.385; 0.915; -1.043)" />
			<Flare _template="StopSignal" ParentFrames="BoneCargo_1_cdt" Pos="(-3.385; 0.915; 1.043)" />
		</StopSignals>
		<ReverseSignals>
			<Light _template="ReverseSignal" Color="g(220; 220; 255)" ParentFrames="BoneCargo_1_cdt" Pos="(-3.405; 0.96; 0.921)" />
			<Light _template="ReverseSignal" Color="g(220; 220; 255)" ParentFrames="BoneCargo_1_cdt" Pos="(-3.405; 0.96; -0.921)" />
			<Flare _template="ReverseSignal" ParentFrames="BoneCargo_1_cdt" Pos="(-3.405; 0.96; 0.921)" />
			<Flare _template="BlueStreak" Color="g(220; 220; 255) x 0.9" Dir="(-1; 0; 0)" ParentFrames="BoneCargo_1_cdt" Size="0.4" Pos="(-3.405; 0.96; 0.921)" />
			<Flare _template="ReverseSignal" ParentFrames="BoneCargo_1_cdt" Pos="(-3.405; 0.96; -0.921)" />
			<Flare _template="BlueStreak" Color="g(220; 220; 255) x 0.9" Dir="(-1; 0; 0)" ParentFrames="BoneCargo_1_cdt" Size="0.4" Pos="(-3.405; 0.96; -0.921)" />
		</ReverseSignals>
		<Ignition>
			<Light _template="IgnitionSignalRed" ParentFrames="BoneCargo_1_cdt" Pos="(-3.639; 0.915; 0)" />
			<!--<Flare _template="MarkerBeacon" ParentFrames="BoneCargo_1_cdt" Pos="(-3.417; 1.092; 0.62)" />-->
			<Flare _template="IgnitionSignalOrange" Dir="(0; 0; -1)" ParentFrames="BoneCargo_1_cdt" Pos="(-2.913; 1.226; -1.283)" />
			<Flare _template="IgnitionSignalOrange" Dir="(0; 0; 1)" ParentFrames="BoneCargo_1_cdt" Pos="(-2.913; 1.226; 1.283)" />
			<Flare _template="IgnitionSignalOrange" Dir="(0; 0; -1)" ParentFrames="BoneCargo_1_cdt" Pos="(-0.966; 1.226; -1.283)" />
			<Flare _template="IgnitionSignalOrange" Dir="(0; 0; 1)" ParentFrames="BoneCargo_1_cdt" Pos="(-0.966; 1.226; 1.283)" />
			<Flare _template="IgnitionSignalOrange" Dir="(0; 0; -1)" ParentFrames="BoneCargo_2_cdt" Pos="(0.966; 1.226; -1.283)" />
			<Flare _template="IgnitionSignalOrange" Dir="(0; 0; 1)" ParentFrames="BoneCargo_2_cdt" Pos="(0.966; 1.226; 1.283)" />
			<Flare _template="IgnitionSignalOrange" Dir="(0; 0; -1)" ParentFrames="BoneCargo_2_cdt" Pos="(2.913; 1.226; -1.283)" />
			<Flare _template="IgnitionSignalOrange" Dir="(0; 0; 1)" ParentFrames="BoneCargo_2_cdt" Pos="(2.913; 1.226; 1.283)" />
			<Flare _template="IgnitionSignalOrange" Dir="(-1; 0; 0)" ParentFrames="BoneCargo_1_cdt" Pos="(-3.388; 0.857; -1.323)" />
			<Flare _template="IgnitionSignalOrange" Dir="(-1; 0; 0)" ParentFrames="BoneCargo_1_cdt" Pos="(-3.388; 0.857; 1.323)" />
			<Flare _template="IgnitionSignalRedSmall" ParentFrames="BoneCargo_1_cdt" Pos="(-3.385; 0.915; -1.043)" />
			<Flare _template="IgnitionSignalRedSmall" ParentFrames="BoneCargo_1_cdt" Pos="(-3.385; 0.915; 1.043)" />
		</Ignition>
	</ModelAttachments>
	<Landmark Mesh="landmarks/trailer_flatbed_special_2_lmk" MinScale="1.2" MaxScale="2.2" />
	<GameData IsQuest="true" Price="3400">
		<SoundPoweredGroupStop Name="addons/ramp/ramp_trailer_flatbed_ramps_4_stop" Range="5" Volume="1" />
		<WinchSocket ParentFrames="BoneCargo_2_cdt" Pos="(1.133; 1.123; 1.249)" />
		<WinchSocket ParentFrames="BoneCargo_2_cdt" Pos="(1.133; 1.123; -1.249)" />
		<WinchSocket ParentFrames="BoneCargo_1_cdt" Pos="(-3.385; 0.934; 0.498)" />
		<WinchSocket ParentFrames="BoneCargo_1_cdt" Pos="(-3.385; 0.934; -0.498)" />
		<WinchSocket WinchableWhenAttached="false" Pos="(6.352; 0.694; 0)" ParentFrame="BoneHandle_cdt" />
		<UiDesc
			UiDesc="UI_TRAILER_FLATBED_SPECIAL_2_DESC"
			UiIcon30x30="trailerImg30"
			UiIcon40x40="trailerImg"
			UiName="UI_TRAILER_FLATBED_SPECIAL_2_NAME"
		/>
		<InstallSocket Offset="(6.373; 0.691; 0)" Type="Trailer" ParentFrame="BoneHandle_cdt" />
		<CraneSocket ParentFrames="BoneCargo_2_cdt" Pos="(1.133; 1.123; 1.249)" />
		<CraneSocket ParentFrames="BoneCargo_2_cdt" Pos="(1.133; 1.123; -1.249)" />
		<CraneSocket ParentFrames="BoneCargo_1_cdt" Pos="(-3.385; 0.934; 0.498)" />
		<CraneSocket ParentFrames="BoneCargo_1_cdt" Pos="(-3.385; 0.934; -0.498)" />
		<CraneSocket Pos="(6.352; 0.694; 0)" ParentFrame="BoneHandle_cdt" />
		<!--		<AddonSlots
			InitialOffset="(1.712; 1.325; 0)"
			OffsetStep="(-3.369; 0; 0)"
			ParentFrames="BoneCargo_2_cdt, BoneCargo_1_cdt"
			Quantity="2"
		/>-->
	</GameData>
	<FuelMass>
		<Body Mass="6520" ParentFrame="BoneCargo_1_cdt"/>
	</FuelMass>
</Truck>
