<_templates Include="trucks">
	<Wheel>
		<TrailerWheelRear
			SuspensionHeight="0.02"
			SuspensionStrength="0.10"
			Torque="default"
			SuspensionMin="-0.25"
			ParentFrame="BoneCargo_1_cdt"
			ConnectedToHandbrake="true"
			Location="rear"
			SuspensionDamping="0.1"
		/>
		<TrailerWheelFront
			SuspensionHeight="0.025"
			SuspensionStrength="0.11"
			Torque="default"
			SuspensionMin="-0.15"
			ParentFrame="BoneFrontCart_cdt"
			ConnectedToHandbrake="true"
			Location="rear"
			SuspensionDamping="0.1"
		/>
	</Wheel>
	<Flare>
		<IgnitionSignalRed
			AspectRatio="1.4"
			Color="g(169; 0; 0) x 0.8"
			ColorMultAtDay="0.3"
			Dir="(-1; 0; 0)"
			DirAngle="90"
			Size="0.2"
		/>
		<IgnitionSignalOrange
			AspectRatio="1.4"
			Color="g(255; 140; 0) x 0.3"
			ColorMultAtDay="0.6"
			Dir="(0; 1; 0)"
			DirAngle="135"
			Size="0.07"
		/>
	</Flare>
</_templates>
<Truck Type="Trailer">
	<TruckData>
		<Wheels
			DefaultRim="rim_ank"
			DefaultTire="offroad_ank_nk38_1"
			DefaultWheelType="wheels_medium_ank_mk38"
		>
			<Wheel _template="TrailerWheelFront" Pos="(2.16; 0.594; 1.017)" />
			<Wheel _template="TrailerWheelFront" RightSide="true" Pos="(2.16; 0.594; 1.017)" />
			<Wheel _template="TrailerWheelRear" Pos="(-2.25; 0.594; 1.017)" />
			<Wheel _template="TrailerWheelRear" RightSide="true" Pos="(-2.25; 0.594; 1.017)" />
		</Wheels>
		<OcclusionMap
			HalfSizeZ="1.842"
			Texture="trucks/occlusion/chassis_trailer__s_d_a.tga"
			MinX="-4"
			MaxX="5"
		/>
		<Constraint _template="TrailerRagdoll">
			<TwistMotor _inheritRemove="true" />
		</Constraint>
		<CompatibleWheels Scale="0.587" Type="wheels_tatra_phoenix" />
		<CompatibleWheels Scale="0.594" Type="wheels_tatra_force_815_7" />
		<CompatibleWheels Scale="0.594" Type="wheels_medium_double" />
		<CompatibleWheels Scale="0.625" Type="wheels_medium_ank_mk38" />
		<Camera Center="(-0.2; 0; 0)" />
		<Axles>
			<Axle Frame="BoneAxle1" />
			<Axle Frame="BoneAxle2" />
		</Axles>
	</TruckData>
	<PoweredConstraints>
		<Group ExternalUi="true" Id="trailer_lock" LocaleUid="UI_LOCK_CART">
			<Constraint Name="LockCart" Position="0" TerminalFix="true" />
		</Group>
	</PoweredConstraints>
	<PhysicsModel Mesh="trucks/trailers/trailer_sideboard_2">
		<Body _template="Gravity"  ImpactType="Truck" Mass="1220" ModelFrame="BoneCargo_1_cdt">
			<Body _template="Gravity"  Mass="1220" ModelFrame="BoneCargo_2_cdt">
				<Constraint
					AxisLocal="(1; 0; 0)"
					Type="Hinge"
					MinLimit="-10"
					MaxLimit="10"
				>
					<Motor Damping="600000" Spring="1000000" Type="Spring" />
				</Constraint>
				<Body _template="Gravity"  Mass="545" ModelFrame="BoneFrontCart_cdt">
					<Constraint
						AxisLocal="(0; 1; 0)"
						Type="Hinge"
						MinLimit="-50"
						MaxLimit="50"
						Name="LockCart" 
					>
						<Motor Damping="8000" Spring="40000" Type="Spring" />
					</Constraint>
					<Body _template="Gravity"  ForceBodyParams="true" Mass="200" ModelFrame="BoneHandle_cdt">
						<Constraint
							AxisLocal="(0; 0; 1)"
							Type="Hinge"
							MinLimit="-60"
							MaxLimit="60"
						/>
					</Body>
				</Body>
			</Body>
		</Body>
	</PhysicsModel>
	<ModelAttachments>
		<StopSignals>
			<Light _template="StopSignal" Pos="(-3.234; 1.252; 0)" ParentFrame="BoneCargo_1_cdt" />
			<Flare _template="StopSignal" Pos="(-3.234; 1.252; -0.74)" ParentFrame="BoneCargo_1_cdt" />
			<Flare _template="StopSignal" Pos="(-3.234; 1.252; 0.74)" ParentFrame="BoneCargo_1_cdt" />
		</StopSignals>
		<ReverseSignals>
			<Light _template="ReverseSignal" Color="(210; 163; 50)" Pos="(-3.234; 1.252; 0)" ParentFrame="BoneCargo_1_cdt" />
			<Flare _template="ReverseSignal" Pos="(-3.234; 1.252; -0.615)" ParentFrame="BoneCargo_1_cdt" />
			<Flare _template="BlueStreak" Color="g(210; 163; 50) x 0.6" Dir="(-1; 0; 0)" Size="0.4" Pos="(-3.234; 1.252; -0.615)" ParentFrame="BoneCargo_1_cdt" />
			<Flare _template="ReverseSignal" Pos="(-3.234; 1.252; 0.615)" ParentFrame="BoneCargo_1_cdt" />
			<Flare _template="BlueStreak" Color="g(210; 163; 50) x 0.6" Dir="(-1; 0; 0)" Size="0.4" Pos="(-3.234; 1.252; 0.615)" ParentFrame="BoneCargo_1_cdt" />
		</ReverseSignals>
		<Ignition>
			<Light _template="IgnitionSignalRed" Pos="(-3.234; 1.252; 0)" ParentFrame="BoneCargo_1_cdt" />
			<Flare _template="IgnitionSignalRed" Pos="(-3.234; 1.252; -0.74)" ParentFrame="BoneCargo_1_cdt" />
			<Flare _template="IgnitionSignalRed" Pos="(-3.234; 1.252; 0.74)" ParentFrame="BoneCargo_1_cdt" />
			<Flare _template="IgnitionSignalOrange" Dir="(0; 0; -1)" Pos="(-3.01; 1.331; -1.29)" ParentFrame="BoneCargo_1_cdt" />
			<Flare _template="IgnitionSignalOrange" Dir="(0; 0; 1)" Pos="(-3.01; 1.331; 1.29)" ParentFrame="BoneCargo_1_cdt" />
			<Flare _template="IgnitionSignalOrange" Dir="(0; 0; -1)" Pos="(-0.199; 1.331; -1.29)" ParentFrame="BoneCargo_1_cdt" />
			<Flare _template="IgnitionSignalOrange" Dir="(0; 0; 1)" Pos="(-0.199; 1.331; 1.29)" ParentFrame="BoneCargo_1_cdt" />
			<Flare _template="IgnitionSignalOrange" Dir="(0; 0; -1)" Pos="(0.199; 1.331; -1.29)" ParentFrame="BoneCargo_1_cdt" />
			<Flare _template="IgnitionSignalOrange" Dir="(0; 0; 1)" Pos="(0.199; 1.331; 1.29)" ParentFrame="BoneCargo_1_cdt" />
			<Flare _template="IgnitionSignalOrange" Dir="(0; 0; -1)" Pos="(3.01; 1.331; -1.29)" ParentFrame="BoneCargo_2_cdt" />
			<Flare _template="IgnitionSignalOrange" Dir="(0; 0; 1)" Pos="(3.01; 1.331; 1.29)" ParentFrame="BoneCargo_2_cdt" />
		</Ignition>
	</ModelAttachments>
	<Landmark Mesh="landmarks/trailer_sideboard_2_lmk" MinScale="1.2" MaxScale="2.2" />
	<GameData Price="3400">
		<AddonSockets DefaultAddon="ank_mk38_wheel_addon">
			<Socket Names="AnkMk38WheelAddon" Offset="(4.2; 0.1; 0)" />
		</AddonSockets>
		<SoundPoweredGroupStop Name="addons/ramp/ramp_trailer_flatbed_ramps_4_stop" Range="5" Volume="1" />
		<WinchSocket Pos="(-3.179; 1.03; 0)" ParentFrames="BoneCargo_1_cdt" />
		<WinchSocket Pos="(-3.179; 1.256; 0.446)" ParentFrames="BoneCargo_1_cdt" />
		<WinchSocket Pos="(-3.179; 1.256; -0.446)" ParentFrames="BoneCargo_1_cdt" />
		<WinchSocket Pos="(1.586; 1.355; 1.289)" ParentFrames="BoneCargo_2_cdt" />
		<WinchSocket Pos="(1.586; 1.355; -1.289)" ParentFrames="BoneCargo_2_cdt" />
		<WinchSocket WinchableWhenAttached="false" Pos="(4.936; 0.671; 0)" ParentFrame="BoneHandle_cdt" />
		<UiDesc
			UiDesc="UI_TRAILER_SIDEBOARD_2_DESC"
			UiIcon30x30="trailerImg30"
			UiIcon40x40="trailerImg"
			UiName="UI_TRAILER_SIDEBOARD_2_NAME"
		/>
		<InstallSocket Offset="(4.941; 0.669; 0)" Type="Trailer" ParentFrame="BoneHandle_cdt" />
		<CraneSocket Pos="(-3.179; 1.256; 0.446)" ParentFrame="BoneCargo_1_cdt" />
		<CraneSocket Pos="(-3.179; 1.256; -0.446)" ParentFrame="BoneCargo_1_cdt" />
		<CraneSocket Pos="(1.586; 1.355; 1.289)" ParentFrame="BoneCargo_2_cdt" />
		<CraneSocket Pos="(1.586; 1.355; -1.289)" ParentFrame="BoneCargo_2_cdt" />
		<CraneSocket Pos="(4.936; 0.671; 0)" ParentFrame="BoneHandle_cdt" />
		<AddonSlots
			InitialOffset="(1.4; 1.518; 0)"
			OffsetStep="(-3.198; 0; 0)"
			ParentFrames="BoneCargo_2_cdt, BoneCargo_1_cdt"
			Quantity="2"
		/>
	</GameData>
</Truck>
