<_templates Include="trucks" />
<TruckAddon>
	<PhysicsModel Mesh="trucks/tatra_phoenix_tuning/tatra_phoenix_spot_light_2">
		<Body ImpactType="Truck" Mass="50" _template="Gravity">
			<Constraint Type="Rigid" />
		</Body>
	</PhysicsModel>
	<ModelAttachments>
		<MainHeadLight>
			<Model _template="HeadLightRay" Org="(4.839; 2.255; -0.236)" />
			<Model _template="HeadLightRay" Org="(4.839; 2.255; 0.236)" />
			<Model _template="HeadLightRay" Dir="(0; -0.906; -0.423)" Org="(3.197; 3.28; -1.128)" />
			<Model _template="HeadLightRay" Dir="(0; -0.906; 0.423)" Org="(3.197; 3.28; 1.128)" />
			<Light _template="IgnitionSignalWhite" Org="(3.197; 0.945; -2.5)" />
			<Light _template="IgnitionSignalWhite" Org="(3.197; 0.945; 2.5)" />
			<Flare _template="HeadLight" Color="g(255; 235; 205) x 0.6" DirAngle="135" Size="0.4" Pos="(4.839; 2.255; -0.236)" />
			<Flare _template="HeadLight" Color="g(255; 235; 205) x 0.6" DirAngle="135" Size="0.4" Pos="(4.839; 2.255; 0.236)" />
			<Flare _template="HeadLight" Color="g(255; 235; 205) x 0.6" Dir="(0; -0.906; -0.423)" DirAngle="135" Size="0.4" Pos="(3.197; 3.28; -1.128)" />
			<Flare _template="HeadLight" Color="g(255; 235; 205) x 0.6" Dir="(0; -0.906; 0.423)" DirAngle="135" Size="0.4" Pos="(3.197; 3.28; 1.128)" />
		</MainHeadLight>
		<HeadLight>
			<Flare
				Dir="(0; -0.906; -0.423)"
				DirAngle="95"
				SizeAtDay="0"
				Pos="(3.197; 3.28; -1.128)"
				Color="(255; 235; 205) x 1"
				SizeMultAtDay="0.001"
				Size="0.55"
			/>
			<Model 
				_template="HeadLightRay"
				Org="(3.197; 3.28; -1.128)"
				Dir="(0; -0.906; -0.423)" />
			<Light
				Pos="(3.197; 3.28; -1.128)"
				AttenEnd="15.0"
				Color="(255; 235; 205) x 1"
				Dir="(0; -0.906; -0.423)"
				InnerCone="0"
				OuterCone="180"
			/>
			<Flare
				Dir="(0; -0.906; 0.423)"
				DirAngle="95"
				SizeAtDay="0"
				Pos="(3.197; 3.28; 1.128)"
				Color="(255; 235; 205) x 1"
				SizeMultAtDay="0.001"
				Size="0.55"
			/>
			<Model 
				_template="HeadLightRay"
				Org="(3.197; 3.28; 1.128)"
				Dir="(0; -0.906; 0.423)" />
			<Light
				Pos="(3.197; 3.28; 1.128)"
				AttenEnd="15.0"
				Color="(255; 235; 205) x 1"
				Dir="(0; -0.906; 0.423)"
				InnerCone="0"
				OuterCone="180"
			/>
		</HeadLight>
	</ModelAttachments>
	<MainHeadLight _template="Multiply1" />
	<GameData
		CameraPreset="roof"
		Category="top"
		Price="1000"
		UnlockByExploration="false"
		UnlockByRank="13"
	>
		<UiDesc
			UiDesc="UI_TUNING_ROOFBAR_BARMOUNTED_FOGLIGHTS_DESC"
			UiIcon30x30=""
			UiIcon40x40=""
			UiName="UI_TUNING_ROOFBAR_BARMOUNTED_FOGLIGHTS_NAME"
		/>
		<InstallSocket Type="TatraPhoenixSpotlight2" />
	</GameData>
</TruckAddon>
