<_parent File="tatra_phoenix_bumper_default" />
<TruckAddon>
	<TruckData>
		<Damage>
			<Multiplier Multiplier="1.0" Type="Engine" />
		</Damage>
	</TruckData>
	<PhysicsModel Mesh="trucks/tatra_phoenix_tuning/tatra_phoenix_bumper_1" />
	<GameData
		Price="1000"
		UnlockByExploration="false"
		UnlockByRank="1"
	>
		<WinchSocket Pos="(5.08; 0.93; 0)" />
		<CraneSocket Pos="(5.08; 0.93; 0)" />
		<UiDesc
			UiDesc="UI_TUNING_BUMPER_WINCHPIPE_DESC"
			UiIcon30x30=""
			UiIcon40x40=""
			UiName="UI_TUNING_BUMPER_WINCHPIPE_NAME"
		/>
	</GameData>
</TruckAddon>
