<_templates Include="trucks" />
<SuspensionSetVariants>
	<SuspensionSet 		
		Name="western_star_49x_suspension_default"
		_template="Normal"
		BrokenWheelDamageMultiplier="2"
		CriticalDamageThreshold="0.6"
		DamageCapacity="280"
		DeviationDelta=".01"		
	>
		<Suspension
			Damping="0.3"
			BrokenSuspensionMax="0.2"
			Height="0.3"
			Strength="0.065"
			SuspensionMin="-0.4"
			WheelType="front"
			DeviationMax="0.01"
		/>
		<Suspension
			Damping="0.4"
			BrokenSuspensionMax="0.15"
			Height="0.22"
			Strength="0.03"
			SuspensionMin="-0.3"
			WheelType="rear"
			DeviationMax="0.01"
		/>
		<Suspension 
			Damping="0.6"
			BrokenSuspensionMax="0.2" 
			Height="0.0" 
			Strength="0.03" 
			SuspensionMin="-0.2" 
			WheelType="middle" 
			DeviationMax=".3" 
		/>
		<GameData
			Price="6600"
			UnlockByExploration="false"
			UnlockByRank="1"
		>
			<UiDesc
				UiDesc="UI_SUSPENSION_DEFAULT_DESC"
				UiIcon30x30=""
				UiIcon40x40=""
				UiName="UI_SUSPENSION_DEFAULT_NAME"
			/>
		</GameData>
	</SuspensionSet>
	<SuspensionSet 		
		Name="western_star_49x_suspension_high"
		_template="Normal"
		BrokenWheelDamageMultiplier="2"
		CriticalDamageThreshold="0.6"
		DamageCapacity="300"
		DeviationDelta=".01"		
	>
		<Suspension
			Damping="0.4"
			BrokenSuspensionMax="0.2"
			Height="0.38"
			Strength="0.065"
			SuspensionMin="-0.4"
			WheelType="front"
			DeviationMax="0.01"
		/>
		<Suspension
			Damping="0.7"
			BrokenSuspensionMax="0.15"
			Height="0.3"
			Strength="0.03"
			SuspensionMin="-0.3"
			WheelType="rear"
			DeviationMax="0.01"
		/>
		<Suspension 
			Damping="0.6"
			BrokenSuspensionMax="0.2" 
			Height="0.0" 
			Strength="0.03" 
			SuspensionMin="-0.3" 
			WheelType="middle" 
			DeviationMax=".3" 
		/>
		<GameData
			Price="13600"
			UnlockByExploration="false"
			UnlockByRank="1"
		>
			<UiDesc
				UiDesc="UI_SUSPENSION_HIGH_DESC"
				UiIcon30x30=""
				UiIcon40x40=""
				UiName="UI_SUSPENSION_HIGH_NAME"
			/>
		</GameData>
	</SuspensionSet>

</SuspensionSetVariants>
