<TruckAddon>
	<TruckData>
		<Damage>
			<Multiplier Multiplier="1.0" Type="Engine" />
		</Damage>
	</TruckData>
	<PhysicsModel Mesh="trucks/jeep_cj7_renegade_tuning/jeep_cj7_renegade_bumper_default">
		<Body ImpactType="Truck" Mass="10" _template="Gravity">
			<Constraint Type="Rigid" />
		</Body>
	</PhysicsModel>
	<GameData
		CameraPreset="hoods"
		Category="bumper"
		Price="600"
		UnlockByExploration="false"
		UnlockByRank="1"
	>
		<WinchSocket Pos="(1.786; 0.464; 0.373)" />
		<WinchSocket Pos="(1.786; 0.464; -0.373)" />
		<WinchSocket Pos="(1.786; 0.464; 0)" />
		<CraneSocket Pos="(1.786; 0.464; -0.373)" />
		<CraneSocket Pos="(1.786; 0.464; 0.373)" />
		<CraneSocket Pos="(1.786; 0.464; 0)" />
		<UiDesc
			UiDesc="UI_TUNING_BUMPER_STOCK_DESC"
			UiIcon30x30=""
			UiIcon40x40=""
			UiName="UI_TUNING_BUMPER_STOCK_NAME"
		/>
		<InstallSocket Type="CJ7FrontBumper" />
	</GameData>
</TruckAddon>
