<_templates Include="trucks">
	<Body _template="Gravity">
		<Hitch AngularDamping="2.0" Collisions="Default" Mass="1">
			<Constraint
				AxisLocal="(0; 0; 1)"
				Type="Hinge"
				MinLimit="-70"
				MaxLimit="30"
			/>
		</Hitch>
	</Body>
</_templates>
<_parent File="jeep_cj7_renegade_rear_bumper_default" />
<TruckAddon>
	<WheelRepairsHide>
		<Mesh Frame="wheel" HideThreshold="0.0" />
	</WheelRepairsHide>
	<TruckData WheelRepairsCapacity="1" />
	<TruckData>
		<Damage>
			<Multiplier Multiplier="1.0" Type="Engine" />
		</Damage>
	</TruckData>
	<PhysicsModel Mesh="trucks/jeep_cj7_renegade_tuning/jeep_cj7_renegade_rear_bumper_1">
		<Body ImpactType="Truck" Mass="90" _template="Gravity">
			<Constraint Type="Rigid" />
			<Body _template="Hitch" ModelFrame="BoneHitch1_cdt" _template="Gravity"/>
			<Body _template="Hitch" ModelFrame="BoneHitch2_cdt" _template="Gravity"/>
		</Body>
	</PhysicsModel>
	<GameData
		Price="1700"
		UnlockByExploration="false"
		UnlockByRank="7"
	>
		<UiDesc
			UiDesc="UI_TUNING_REAR_BUMPER_TOWLOOPS_DESC"
			UiIcon30x30=""
			UiIcon40x40=""
			UiName="UI_TUNING_REAR_BUMPER_TOWLOOPS_NAME"
		/>
	</GameData>
</TruckAddon>
