<_templates Include="trucks">
</_templates>
<_parent File="jeep_cj7_renegade_rear_bumper_default" />
<TruckAddon>
	<WheelRepairsHide>
		<Mesh Frame="wheel" HideThreshold="0.0" />
	</WheelRepairsHide>
	<TruckData WheelRepairsCapacity="1" />
	<TruckData>
		<Damage>
			<Multiplier Multiplier="1.0" Type="Engine" />
		</Damage>
	</TruckData>
	<PhysicsModel Mesh="trucks/jeep_cj7_renegade_tuning/jeep_cj7_renegade_rear_bumper_2">
		<Body ImpactType="Truck" Mass="90" _template="Gravity">
			<Constraint Type="Rigid" />
		</Body>
	</PhysicsModel>
	<GameData
		Price="1600"
		UnlockByExploration="false"
		UnlockByRank="1"
	>
		<UiDesc
			UiDesc="UI_TUNING_REAR_BUMPER_DOUBLEPIPE_DESC"
			UiIcon30x30=""
			UiIcon40x40=""
			UiName="UI_TUNING_REAR_BUMPER_DOUBLEPIPE_NAME"
		/>
	</GameData>
</TruckAddon>
