<_templates Include="trucks">
	<Body _template="Gravity">
		<Hitch AngularDamping="3.0" Collisions="None" Mass="1">
			<Constraint
				AxisLocal="(0; 0; 1)"
				Type="Hinge"
				MinLimit="-50"
				MaxLimit="60"
			/>
		</Hitch>
	</Body>
</_templates>
<_parent File="jeep_cj7_renegade_bumper_default" />
<TruckAddon>
	<TruckData>
		<Damage>
			<Multiplier Multiplier="1.0" Type="Engine" />
		</Damage>
	</TruckData>
	<PhysicsModel Mesh="trucks/jeep_cj7_renegade_tuning/jeep_cj7_renegade_bumper_1">
		<Body _template="Gravity" ImpactType="Truck" Mass="10">
			<Constraint Type="Rigid" />
			<Body _template="Hitch" ModelFrame="BoneHitch1_cdt"  _template="Gravity"/>
			<Body _template="Hitch" ModelFrame="BoneHitch2_cdt"  _template="Gravity"/>
			<Body _template="Hitch" AngularDamping="12" ModelFrame="BoneHook_cdt" _template="Gravity">
				<Constraint AxisLocal="(0; 1; 0)" MinLimit="-4" MaxLimit="8" />
			</Body>
		</Body>
	</PhysicsModel>
	<ModelAttachments>
		<MainHeadLight>
			<Model _template="HeadLightRay" Org="(1.884; 0.425; -0.188)" />
			<Model _template="HeadLightRay" Org="(1.884; 0.425; 0.188)" />
			<Flare _template="HeadLight" Size="0.25" Pos="(1.884; 0.425; -0.188)" />
			<Flare _template="HeadLight" Size="0.25" Pos="(1.884; 0.425; 0.188)" />
		</MainHeadLight>
	</ModelAttachments>
	<MainHeadLight _template="Multiply1" />
	<GameData
		Price="900"
		UnlockByExploration="false"
		UnlockByRank="12"
	>
		<WinchSocket Pos="(1.93; 0.45; 0.36)" />
		<WinchSocket Pos="(1.93; 0.45; -0.36)" />
		<WinchSocket Pos="(1.87; 0.44; 0)" />
		<CraneSocket Pos="(1.93; 0.45; -0.36)" />
		<CraneSocket Pos="(1.93; 0.45; 0.36)" />
		<CraneSocket Pos="(1.87; 0.44; 0)" />
		<UiDesc
			UiDesc="UI_TUNING_BUMPER_WINCHPIPE_DESC"
			UiIcon30x30=""
			UiIcon40x40=""
			UiName="UI_TUNING_BUMPER_WINCHPIPE_NAME"
		/>
	</GameData>
</TruckAddon>
