<_templates Include="trucks">
	<Body _template="Gravity">
		<Cable Collisions="Default" Mass="1">
			<Constraint
				AxisLocal="(0; 0; 1)"
				Type="Hinge"
				MinLimit="-4"
				MaxLimit="4"
			>
				<Motor Damping="1.5" Spring="15" Type="Spring" />
			</Constraint>
		</Cable>
	</Body>
</_templates>
<_parent File="jeep_cj7_renegade_bumper_default" />
<TruckAddon>
	<TruckData>
		<Damage>
			<Multiplier Multiplier="1.0" Type="Engine" />
		</Damage>
	</TruckData>
	<PhysicsModel Mesh="trucks/jeep_cj7_renegade_tuning/jeep_cj7_renegade_bumper_2">
		<Body ImpactType="Truck" Mass="20" _template="Gravity">
			<Constraint Type="Rigid" />
			<Body _template="Cable" ModelFrame="BoneCable1_cdt" _template="Gravity"/>
			<Body _template="Cable" ModelFrame="BoneCable2_cdt" _template="Gravity"/>
			<Body _template="Gravity"
				AngularDamping="4"
				Collisions="Default"
				Mass="1"
				ModelFrame="BoneHook_cdt"
			>
				<Constraint
					AxisLocal="(0; 0; 1)"
					Type="Hinge"
					MinLimit="0"
					MaxLimit="15"
				/>
			</Body>
		</Body>
	</PhysicsModel>
	<ModelAttachments>
		<MainHeadLight>
			<Model _template="HeadLightRay" Org="(1.752; 0.728; -0.609)" />
			<Model _template="HeadLightRay" Org="(1.752; 0.728; 0.609)" />
			<Flare _template="HeadLight" Size="0.25" Pos="(1.752; 0.728; -0.609)" />
			<Flare _template="HeadLight" Size="0.25" Pos="(1.752; 0.728; 0.609)" />
			<Flare _template="HeadLight" Size="0.15" Pos="(1.719; 0.731; -0.294)" />
			<Flare _template="HeadLight" Size="0.15" Pos="(1.719; 0.731; 0.294)" />
		</MainHeadLight>
	</ModelAttachments>
	<MainHeadLight _template="Multiply1" />
	<GameData
		Price="1100"
		UnlockByExploration="false"
		UnlockByRank="9"
	>
		<WinchSocket Pos="(1.786; 0.464; 0.373)" />
		<WinchSocket Pos="(1.786; 0.464; -0.373)" />
		<WinchSocket Pos="(1.72; 0.58; 0)" />
		<CraneSocket Pos="(1.786; 0.464; -0.373)" />
		<CraneSocket Pos="(1.786; 0.464; 0.373)" />
		<CraneSocket Pos="(1.72; 0.58; 0)" />
		<UiDesc
			UiDesc="UI_TUNING_BUMPER_FOGLIGHTER_DESC"
			UiIcon30x30=""
			UiIcon40x40=""
			UiName="UI_TUNING_BUMPER_FOGLIGHTER_NAME"
		/>
	</GameData>
</TruckAddon>
