<_templates Include="models" />
<ModelBrand ClipCamera="false" DynamicModel="true">
	<PhysicsModel>
		<Body _template="Gravity"
			Collisions="Dynamic"
			Friction="0.7"
			Mass="3200" 
			NoSoftContacts="true"
		/>
	</PhysicsModel>
	<GameData PackSlotsNumber="1" LoadType="CargoBricks" ManualLoadSpawnOffsetY="0">
		
		<CraneSocket Pos="(0.000; 0.988; 0.000)" />
		<WinchSocket Pos="(0.4; 0.1; 0.000)" />
    </GameData>
	<Landmark Mesh="landmarks/cargo_unit_bricks_lmk" MinScale="1.8" MaxScale="3.8"/>
</ModelBrand>
