<_templates Include="models" />
<ModelBrand ClipCamera="false" DynamicModel="true">
	<PhysicsModel>
		<Body _template="Gravity"
			Collisions="Dynamic"
			Friction="0.8"
			Mass="8000.0"
			NoSoftContacts="true"
			CenterOfMassOffset="(0.15; -0.5; 0)"
		/>
	</PhysicsModel>
	<GameData LoadType="CargoContainerSmall" PackSlotsNumber="2" ManualLoadSpawnOffsetY="0">
		<CraneSocket Pos="(0; 2.378; 0)" />
		<WinchSocket Pos="(0; 2.378; 0)" />
		<WinchSocket Pos="(2; 0.1; 0)" />
		<WinchSocket Pos="(-2; 0.1; 0)" />
	</GameData>
	<Landmark Mesh="landmarks/cargo_unit_container_small_2_lmk" MinScale="1.8" MaxScale="3.8"/>
</ModelBrand>
