<_templates Include="models" />
<ModelBrand ClipCamera="false" DynamicModel="true">
	<PhysicsModel>
		<Body _template="Gravity"
			Collisions="Dynamic"
			Friction="0.7"
			Mass="5720.0"
			NoSoftContacts="true"
		/>
	</PhysicsModel>
	<GameData PackSlotsNumber="1" LoadType="CargoConcreteBlocks" >
		
		<CraneSocket Pos="(0.000; 0.865; 0.000)" />
		<WinchSocket Pos="(0.5; 0.1; 0.000)" />

    </GameData>
	<Landmark Mesh="landmarks/cargo_unit_concrete_blocks_1_lmk" MinScale="1.8" MaxScale="3.8"/>
</ModelBrand>
