<_templates Include="models" />
<ModelBrand ClipCamera="false" DynamicModel="true">
	<PhysicsModel>
		<Body _template="Gravity"
			Collisions="Dynamic"
			Friction="0.8"
			Mass="15300.0"
			NoSoftContacts="true"
		/>
	</PhysicsModel>
	<GameData LoadType="CargoBigDrill" PackSlotsNumber="5" ManualLoadSpawnOffsetY="0">
		<CraneSocket Pos="(0.12; 1.68; 0)" />
		<CraneSocket Pos="(2.4; 0.1; 0)" />
		<CraneSocket Pos="(3; 0.1; 0)" />
		<WinchSocket Pos="(3; 0.1; 0)" />
		<WinchSocket Pos="(2.4; 0.1; 0)" />
		<WinchSocket Pos="(0.12; 1.68; 0)" />
	</GameData>
	<Landmark Mesh="landmarks/cargo_unit_big_drill_4_lmk" MinScale="1.8" MaxScale="3.8"/>
</ModelBrand>
