<_templates Include="models" />
<ModelBrand ClipCamera="false" DynamicModel="true">
	<PhysicsModel>
		<Body _template="Gravity"
			Collisions="Dynamic"
			Friction="0.7"
			Mass="800.0"
			NoSoftContacts="true"
		/>
	</PhysicsModel>
	<GameData LoadType="CargoVehiclesSpareParts" PackSlotsNumber="1">
		<CraneSocket Pos="(0; 1.085; -0.04)" /> 
		<WinchSocket Pos="(0; 1.085; -0.04)" /> 
		<CraneSocket Pos="(0.000; 0; 0.000)" />
		<WinchSocket Pos="(0.000; 0; 0.000)" />
	</GameData>
		<Landmark Mesh="landmarks/cargo_unit_crate_large_1_lmk" MinScale="1.8" MaxScale="3.8"/>
</ModelBrand>
