<_templates Include="models" />
<ModelBrand ClipCamera="false" DynamicModel="true">
	<PhysicsModel>
		<Body _template="Gravity"
			Collisions="Dynamic"
			Friction="0.7"
			Mass="1000.0"
			NoSoftContacts="true"
		/>
	</PhysicsModel>
	<GameData PackSlotsNumber="1" LoadType="CargoCrateLarge" ManualLoadSpawnOffsetY="1">
		
		<CraneSocket Pos="(0.000; 1.07; 0.000)" />
		<WinchSocket Pos="(0.4; 0.2; 0.000)" />
		<WinchSocket Pos="(0.000; 1.07; 0.000)" />
		<CraneSocket Pos="(0.4; 0.2; 0.000)" />
    </GameData>
	<Landmark Mesh="landmarks/cargo_unit_crate_large_1_lmk" MinScale="1.8" MaxScale="3.8"/>
</ModelBrand>
