<_templates Include="models" />
<ModelBrand ClipCamera="false" DynamicModel="true">
	<PhysicsModel>
		<Body _template="Gravity"
			Collisions="Dynamic"
			Friction="0.8"
			Mass="13300.0"
			NoSoftContacts="true"
		/>
	</PhysicsModel>
	<GameData PackSlotsNumber="4" LoadType="CargoWoodenPlanks4">
		
		<CraneSocket Pos="(0.000; 1.431; 0.000)" />		
		<WinchSocket Pos="(0.000; 1.431; 0.000)" />
		<CraneSocket Pos="(0.000; 0; 0.000)" />
		<WinchSocket Pos="(0.000; 0; 0.000)" />
		<CraneSocket Pos="(-4; 1.431; 0.000)" />		
		<WinchSocket Pos="(-4; 1.431; 0.000)" />

		<CraneSocket Pos="(4; 1.431; 0.000)" />		
		<WinchSocket Pos="(4; 1.431; 0.000)" />

		<CraneSocket Pos="(2; 1.431; 0.000)" />		
		<WinchSocket Pos="(2; 1.431; 0.000)" />

		<CraneSocket Pos="(-2; 1.431; 0.000)" />		
		<WinchSocket Pos="(-2; 1.431; 0.000)" />
    </GameData>
		<Landmark Mesh="landmarks/cargo_unit_wooden_planks_4_lmk" MinScale="1.8" MaxScale="3.8"/>
</ModelBrand>
