<_templates Include="models" />
<ModelBrand ClipCamera="false" DynamicModel="true">
	<PhysicsModel>
		<Body _template="Gravity"
			Collisions="Dynamic"
			Friction="0.7"
			Mass="4300"
			NoSoftContacts="true"
		/>
	</PhysicsModel>
	<GameData LoadType="CargoRadioactive" PackSlotsNumber="1">
		<CraneSocket Pos="(0; 1.366; 0)" />
		<WinchSocket Pos="(0; 1.366; 0)" />
		<CraneSocket Pos="(0; 0; 0)" />
		<WinchSocket Pos="(0; 0; 0)" />
	</GameData>
	<Landmark Mesh="landmarks/cargo_unit_radioactive_1_lmk" MinScale="1.8" MaxScale="3.8"/>
</ModelBrand>
