<_templates Include="models" />
<ModelBrand ClipCamera="false" DynamicModel="true">
	<PhysicsModel>
		<Body _template="Gravity"
			Collisions="Dynamic"
			Friction="0.8"
			Mass="18000.0"
			NoSoftContacts="true"
			CenterOfMassOffset="(0; -0.3; 0)"
		/>
	</PhysicsModel>
	<GameData LoadType="CargoContainerLargeDrilling" PackSlotsNumber="4" >
		<CraneSocket Pos="(0; 2.365; 0)" />
		<CraneSocket Pos="(4; 0.1; 0)" />
		<CraneSocket Pos="(-4; 0.1; 0)" />
		<WinchSocket Pos="(0; 2.365; 0)" />
		<WinchSocket Pos="(4; 0.1; 0)" />
		<WinchSocket Pos="(-4; 0.1; 0)" />
	</GameData>
	<Landmark Mesh="landmarks/cargo_unit_container_large_drilling_4_lmk"/>
</ModelBrand>
