<_templates Include="models" />
<ModelBrand ClipCamera="false" DynamicModel="true">
	<PhysicsModel>
		<Body _template="Gravity"
			Collisions="Dynamic"
			Friction="0.7"
			Mass="500.0"
			NoSoftContacts="true"
		/>
	</PhysicsModel>
	<GameData LoadType="CargoServiceSparePartsSpecial" PackSlotsNumber="1">
		<CraneSocket Pos="(0; 1.628; 0)" />
		<WinchSocket Pos="(0; 1.628; 0)" />
		<CraneSocket Pos="(0; 0; 0)" />
		<WinchSocket Pos="(0; 0; 0)" />
	</GameData>
		<Landmark Mesh="landmarks/cargo_unit_service_spare_parts_special_1_lmk" MinScale="1.8" MaxScale="3.8"/>
</ModelBrand>
