<_templates Include="models" />
<ModelBrand ClipCamera="false" DynamicModel="true">
	<PhysicsModel>
		<Body _template="Gravity"
			Collisions="Dynamic"
			Friction="0.8"
			Mass="3520.0"
			NoSoftContacts="true"
		/>
	</PhysicsModel>
	<GameData PackSlotsNumber="2" LoadType="CargoPipesSmall" ManualLoadSpawnOffsetY="0">
		
		<CraneSocket Pos="(0.000; 1.048; 0.000)" />
		<WinchSocket Pos="(0.9; 0.2; 0.000)" />
		<CraneSocket Pos="(0.000; 0.524; -1)" />
		<WinchSocket Pos="(0.000; 0.524; -1)" />
    </GameData>
	<Landmark Mesh="landmarks/cargo_unit_pipes_small_2_lmk" MinScale="1.8" MaxScale="3.8"/>
</ModelBrand>
