<_templates Include="models" />
<ModelBrand ClipCamera="false" DynamicModel="true">
	<PhysicsModel>
		<Body _template="Gravity"
			Collisions="Dynamic"
			Friction="0.7"
			Mass="15050.0"
			NoSoftContacts="true"
		/>
	</PhysicsModel>
	<GameData LoadType="CargoConcreteSlab" PackSlotsNumber="2" ManualLoadSpawnOffsetY="0">
		<CraneSocket Pos="(0.9; 0.995; -0.005)" />
		<CraneSocket Pos="(0.04; 0.995; -0.005)" />
		<CraneSocket Pos="(-0.9; 0.995; -0.005)" />
		<WinchSocket Pos="(0.9; 0.1; -0.005)" />
		<WinchSocket Pos="(-0.9; 0.1; -0.005)" />
		<CraneSocket Pos="(0.000; 0.4795; -1)" />
		<WinchSocket Pos="(0.000; 0.4795; -1)" />
		<CraneSocket Pos="(0.000; 0.4795; 1)" />
		<WinchSocket Pos="(0.000; 0.4795; 1)" />
	</GameData>
</ModelBrand>
