<_templates Include="models" />
<ModelBrand ClipCamera="false" DynamicModel="true">
	<PhysicsModel>
		<Body _template="Gravity"
			Collisions="Dynamic"
			Friction="0.7"
			Mass="2470.0"
			NoSoftContacts="true"
		/>
	</PhysicsModel>
	<GameData PackSlotsNumber="1" LoadType="CargoBarrelsMasut" ManualLoadSpawnOffsetY="1">
		<CraneSocket Pos="(0.000; 0; 0.000)" />
		<WinchSocket Pos="(0.000; 0; 0.000)" />
		<CraneSocket Pos="(0.000; 1.03; 0.000)" />
		<WinchSocket Pos="(0.000; 1.03; 0.000)" />
		<WinchSocket Pos="(0.4; 0.1; 0.000)" />

    </GameData>
</ModelBrand>
