<_templates Include="models" />
<ModelBrand ClipCamera="false" DynamicModel="true">
	<PhysicsModel>
		<Body _template="Gravity"
			Collisions="Dynamic"
			Friction="0.7"
			Mass="700.0"
			NoSoftContacts="true"
		/>
	</PhysicsModel>
	<GameData PackSlotsNumber="1" LoadType="CargoServiceSparePartsTown">
		<CraneSocket Pos="(0.000; 0; 0.000)" />
		<WinchSocket Pos="(0.000; 0; 0.000)" />		
		<CraneSocket Pos="(0.000; 1.407; 0.000)" />
		<WinchSocket Pos="(0.000; 1.407; 0.000)" />
    </GameData>
</ModelBrand>
 