<_templates Include="models" />
<ModelBrand ClipCamera="false" DynamicModel="true">
	<PhysicsModel>
		<Body _template="Gravity"
			Collisions="Dynamic"
			Friction="0.7"
			Mass="2470.0"
			NoSoftContacts="true"
		/>
	</PhysicsModel>
	<GameData LoadType="CargoBarrelsOil" PackSlotsNumber="1" ManualLoadSpawnOffsetY="0">
		<CraneSocket Pos="(-0.015; 1.165; 0.01)" />
		<WinchSocket Pos="(0.4; 0.1; 0.000)" />
	</GameData>
	<Landmark Mesh="landmarks/cargo_unit_barrels_oil_1_lmk" MinScale="1.8" MaxScale="3.8"/>
</ModelBrand>
