<_templates Include="models" />
<ModelBrand ClipCamera="false" DynamicModel="true">
	<PhysicsModel>
		<Body _template="Gravity"
			Collisions="Dynamic"
			Friction="0.7"
			Mass="700.0"
			NoSoftContacts="true"
		/>
	</PhysicsModel>
	<GameData PackSlotsNumber="1" LoadType="CargoServiceSpareParts">
		<CraneSocket Pos="(0.000; 0; 0.000)" />
		<WinchSocket Pos="(0.000; 0; 0.000)" />
		<CraneSocket Pos="(0.000; 1.407; 0.000)" />
		<WinchSocket Pos="(0.000; 1.407; 0.000)" />
		<CraneSocket Pos="(1; 0; 0.000)" />
		<WinchSocket Pos="(1; 0; 0.000)" />
		<CraneSocket Pos="(-1; 1.407; 0.000)" />
		<WinchSocket Pos="(-1; 1.407; 0.000)" />
    </GameData>
		<Landmark Mesh="landmarks/cargo_unit_service_spare_parts_1_lmk" MinScale="1.8" MaxScale="3.8"/>
</ModelBrand>
 