<ModelBrand NightLightingShadowsAllowCap="true" DynamicModel="true">
	<Subset IsDefault="true" Name="stage_visible">
		<Mesh Name="geo" />
		<CdtMesh Name="geo" />
	</Subset>
	<Subset Name="stage_hidden">
		<OnSubsetActivateEvent>
			<Sound Name="actors/actor_construction/actor_construct_concrete_block_03" Range="200" Volume="1"/>
			<SFX Name="concrete_block" Dir="(0; 1; 0)" Pos="(-0.073; 0.221; -0.022)"/>
		</OnSubsetActivateEvent>
	</Subset>
	<PhysicsModel>
		<Body Collisions="Dynamic" ModelFrame="geo" Friction="2"/>
	</PhysicsModel>
</ModelBrand>
