<ModelBrand NightLightingShadowsAllowCap="true" DynamicModel="true" AcceptZoneBorderDecals="true">
	<Subset IsDefault="true" Name="stage_visible">
		<Mesh Name="rock_04_rus" />
		<CdtMesh Name="rock_04_rus" />
	</Subset>
	<Subset Name="stage_hidden">
		<OnSubsetActivateEvent>
			<Sound Name="actors/actor_construction/actor_construct_rocks_roadblock" Pos="(0; 0; 0)" Volume="1" Range="20"/>
			<SFX Name="stone_smoke_01" Dir="(0; 1; 0)" Pos="(-0.527; 0.821; -0.11)"/>
		</OnSubsetActivateEvent>
	</Subset>
	<PhysicsModel>
		<Body Collisions="Dynamic" ModelFrame="rock_04_rus" Friction="2.5" />
	</PhysicsModel>
	<Landmark Mesh="landmarks/rock_06_objective_lmk"/>
</ModelBrand>
