<_templates Include="models" />
<ModelBrand ClipCamera="false" DynamicModel="true">
	<PhysicsModel>
		<Body _template="Gravity"
			Collisions="Dynamic"
			Friction="0.7"
			Mass="1300.0"
			NoSoftContacts="true"
		/>
	</PhysicsModel>
<!--	<Landmark Mesh="" MinScale="1.8" MaxScale="3.8" />-->
	<GameData LoadType="CargoRocketEngine" PackSlotsNumber="1" >
		<CraneSocket Pos="(0.000; 2.356; 0.000)" />
		<WinchSocket Pos="(0.000; 2.356; 0.000)" />
	</GameData>
	<Landmark Mesh="landmarks/cargo_unit_rocket_engine_lmk"/>
</ModelBrand>
