<_templates Include="models" />
<ModelBrand ClipCamera="false" DynamicModel="true">
	<PhysicsModel>
		<Body _template="Gravity"
			Collisions="Dynamic"
			Friction="0.7"
			Mass="3000.0"
			NoSoftContacts="true"
		/>
	</PhysicsModel>
<!--	<Landmark Mesh="" MinScale="1.8" MaxScale="3.8" />-->
	<GameData LoadType="CargoRocketPart2" PackSlotsNumber="3">
		<CraneSocket Pos="(0.000; 3.680; 0.000)" />
		<WinchSocket Pos="(0.000; 3.680; 0.000)" />
	</GameData>
	<Landmark Mesh="landmarks/cargo_unit_rocket_part2_lmk"/>
</ModelBrand>
