<_templates Include="trucks">
	<Body NoSoftContacts="true">
		<Anchor Collisions="Default" Mass="500">
			<Constraint
				AxisLocal="(1; 0; 0)"
				Name="AnchorExt"
				Type="Prismatic"
				MinLimit="0"
				MaxLimit="1.7"
			>
				<Motor Force="1000000000" Tau="1" Type="Position" />
			</Constraint>
			<Body
				ForceBodyParams="true"
				Mass="500"
				NoSoftContacts="true"
			>
				<Constraint
					AxisLocal="(0; -1; 0)"
					Name="Anchor"
					Type="Prismatic"
					MinLimit="0"
					MaxLimit="0.8"
				>
					<Motor Force="1000000000" Tau="1" Type="Position" />
				</Constraint>
			</Body>
		</Anchor>
	</Body>
</_templates>
<TruckAddon IsChassisFullOcclusion="true">
	<PoweredConstraints>
		<Chain Name="Anchors" ParentBodies="BoneFrontLeftBase_cdt,BoneRearLeftBase_cdt,BoneFrontRightBase_cdt,BoneRearRightBase_cdt">
			<Group Id="anchors_extend">
				<Constraint
					InitialFix="true"
					Name="AnchorExt"
					TerminalFix="true"
					Position="1.7"
					SpeedMult="0.6"
				/>
			</Group>
			<Group Id="anchors_push">
				<Constraint Name="Anchor" TerminalFix="true" Position="0.8" SpeedMult="0.6"/>
			</Group>
		</Chain>
	</PoweredConstraints>
	<PhysicsModel Mesh="trucks/addons/big_crane_ru">
		<NetSync Legacy="true" />
		<Body _template="Gravity" Mass="8000" CenterOfMassOffset="(1.5; 0; 0)">
			<Constraint Type="Fixed" />
			<Body _template="Gravity" _template="Anchor" ModelFrame="BoneFrontLeftBase_cdt">
				<Body ModelFrame="BoneFrontLeftAnchor_cdt" />
			</Body>
			<Body _template="Gravity" _template="Anchor" ModelFrame="BoneRearLeftBase_cdt">
				<Body ModelFrame="BoneRearLeftAnchor_cdt" />
			</Body>
			<Body _template="Gravity" _template="Anchor" ModelFrame="BoneFrontRightBase_cdt">
				<Body ModelFrame="BoneFrontRightAnchor_cdt" />
			</Body>
			<Body _template="Gravity" _template="Anchor" ModelFrame="BoneRearRightBase_cdt">
				<Body ModelFrame="BoneRearRightAnchor_cdt" />
			</Body>
			<Body _template="Gravity" NoSoftContacts="true"
				CenterOfMassOffset="(-2; 0.8; 0)"
				Mass="4000"
				ModelFrame="BoneCabin_cdt"
			>
				<Constraint
					AxisLocal="(0; 1; 0)"
					Name="Crane"
					Type="Hinge"
					MinLimit="-355"
					MaxLimit="355"
				>
					<Motor Force="1000000000" Tau="1" Type="Position" />
				</Constraint>
				<Body _template="Gravity" NoSoftContacts="true"
					Collisions="None"
					CenterOfMassOffset="(0; 0; 0)"
					Mass="400"
					ModelFrame="BoneShaft_cdt"
				>
					<Constraint
						AxisLocal="(0; 0; 1)"
						Name="Crane"
						Type="Hinge"
						MinLimit="0"
						MaxLimit="55"
					>
						<Motor Force="1000000000" Tau="1" Type="Position" />
					</Constraint>
					<Body _template="Gravity" NoSoftContacts="true"
						Collisions="Internal"
						CenterOfMassOffset="(0; 0; 0)"
						Mass="100"
						ModelFrame="BoneShaft2_cdt"
					>
						<Constraint
							AxisLocal="(1; 0; 0)"
							Name="Crane"
							Type="Prismatic"
							MinLimit="0"
							MaxLimit="10.17"
						>
							<Motor Force="1000000000" Tau="1" Type="Position" />
						</Constraint>
					</Body>
				</Body>
			</Body>
			<Body _template="Gravity" Collisions="None" Mass="5" ModelFrame="BoneFrameR_cdt" NoSoftContacts="true">
				<Constraint ExplicitParentFrame="0" Type="Fixed" />
			</Body>
			<Body Collisions="None" Mass="5" ModelFrame="BoneFrameL_cdt" _template="Gravity" NoSoftContacts="true">
				<Constraint ExplicitParentFrame="1" Type="Fixed" />
			</Body>
		</Body>
	</PhysicsModel>
	<ModelAttachments>
 		<!-- <Ignition>
			<Flare
				_template="IgnitionSignalWhite"
				DirAngle="135"
				Pos="(1.362; 1.351; 0.45)"
				ParentFrame="BoneCabin_cdt"
			/>
 		</Ignition> -->
		<HeadLight>
			<Model _template="HeadLightRay" Org="(1.362; 1.351; 0.45)" Dir="(0.975; -0.221; -0.000)" ParentFrame="BoneCabin_cdt" />
			<Flare _template="HeadLight" Color="g(255; 235; 215) x 1" Size=".4" Pos="(1.362; 1.351; 0.45)" ParentFrame="BoneCabin_cdt" />
			<Flare _template="BlueStreak" Pos="(1.362; 1.351; 0.45)" ParentFrame="BoneCabin_cdt" />
		</HeadLight>
	</ModelAttachments>
	<HeadLight
		_template="Default"
		AttenEnd="32"
		Color="g(255; 212; 154) x 3.2"
		Pos="(3.404; 1.351; 0.450)"
		ParentFrame="BoneCabin_cdt"
	/>
	<GameData
		CameraPreset="addon_1"
		Category="frame_addons"
		Price="7500"
		UnlockByExploration="false"
		UnlockByRank="6"
	>
		<UiDesc
			UiDesc="UI_ADDON_BIG_CRANE_RU_DESC"
			UiIcon30x30=""
			UiIcon40x40=""
			UiName="UI_ADDON_BIG_CRANE_RU_NAME"
		/>
		<SoundPoweredGroupStop Name="addons/common/crane_powergroups_stop" Range="20" Volume="1" />
		<SoundPoweredGroupStart Name="addons/common/crane_powergroups_start" Range="20" Volume="1" />
		<SoundPoweredGroupLoop Name="addons/common/crane_powergroups_loop" Range="20" Volume="1" />
		<SoundIKStop Name="addons/bigcrane_ru/bigcrane_ru_turn_stop" Range="20" Volume="1" />
		<SoundIKStart Name="addons/bigcrane_ru/bigcrane_ru_turn_start" Range="20" Volume="1" />
		<SoundIKLoop Name="addons/bigcrane_ru/bigcrane_ru_turn_loop" Range="20" Volume="1" />
		<InstallSocket Type="BigCraneRu" />
		<CraneSourceSocket Pos="(8.101; 2.404; -0.102)" ParentFrame="BoneShaft2_cdt" />
		<AddonType Name="Crane" />
	</GameData>
	<ControlledIK
		CoeffEndMovementSpeedOY="0.7"
		CoeffEndMovementSpeedOYWithLoad="0.7"
		CoeffEndMovementSpeedXZ="0.7"
		CoeffEndMovementSpeedXZWithLoad="0.7"
	>
		<Chain EndOffset="(1; 0; 0)" ModelFrames="BoneRoot_cdt,BoneCabin_cdt,BoneShaft_cdt,BoneShaft2_cdt" />
	</ControlledIK>
	<AutomaticIK>
		<IKBone ModelFrame="BonePistonBase" ParentFrame="BoneCabin_cdt">
			<IKJoint AxisLocal="(0; 0; 1)" Type="Hinge" />
			<IKBone
				AttachOffset="(0; 0; 0)"
				AttachToFrame="BoneShaft_cdt"
				ModelFrame="BonePiston"
			>
				<IKJoint AxisLocal="(1; 0; 0)" Type="Slider" />
			</IKBone>			
		</IKBone>
		<IKBone ModelFrame="BoneIKShaft" ParentFrame="BoneCabin_cdt">
				<IKJoint AxisLocal="(0; 0; 1)" Type="Hinge" />
				<IKBone
					AttachOffset="(0; 0; 0)"
					AttachToFrame="BoneShaft2_cdt"
					ModelFrame="BoneIKShaft2"
				>
					<IKJoint AxisLocal="(1; 0; 0)" Type="Slider" />
				</IKBone>
			</IKBone>
	</AutomaticIK>
	<AddonCamera
		FirstPersonDir="(1; 0; 0)"
		FirstPersonPos="(-5.75; 3.76; -3.8)"
		ParentFrame="BoneCabin_cdt"
	/>
</TruckAddon>
