<_templates Include="trucks" />
<TruckAddon IsChassisFullOcclusion="true">
	<PhysicsModel Mesh="trucks/addons/cat_745c_log_bunk">
		<Body ImpactType="Truck" Mass="2000" _template="Gravity">
			<Constraint Type="Rigid" />
		</Body>
	</PhysicsModel>
	<GameData
		CameraPreset="addon_1"
		Category="frame_addons"
		Price="7500"
		UnlockByExploration="false"
		UnlockByRank="1"
	>
		<UiDesc
			UiDesc="UI_ADDON_CAT_745C_LOG_BUNK_DESC"
			UiIcon30x30=""
			UiIcon40x40=""
			UiName="UI_ADDON_CAT_745C_LOG_BUNK_NAME"
		/>
		<LoadArea Subtype="Cat745LogBunk" TrailerLoad="true" Type="CargoLogsMedium" Min="(-3.453; 1.889; -1.47)" Max="(-0.245; 3.178; 1.47)" ParentFrame="BoneRoot_cdt" />
		<LoadArea Subtype="Cat745LogBunk" TrailerLoad="true" Type="CargoLogsMedium" Min="(-6.659; 1.889; -1.47)" Max="(-3.453; 3.178; 1.47)" ParentFrame="BoneRoot_cdt" />
        
<!--		<LoadArea Subtype="Cat745LogBunk" TrailerLoad="true" Type="CargoLogsShort" Min="(-2.745; 1.889; -1.47)" Max="(-0.206; 3.774; 1.47)" ParentFrame="BoneRoot_cdt" />
		<LoadArea Subtype="Cat745LogBunk" TrailerLoad="true" Type="CargoLogsShort" Min="(-5.803; 1.889; -1.47)" Max="(-3.264; 3.774; 1.47)" ParentFrame="BoneRoot_cdt" />-->
        
		<InstallSocket Offset="(0; 0; 0)" Type="Cat745CLogBunk" />
		<AddonSlots
			InitialOffset="(-2.907; 2.955; 0)"
			ParentFrames="BoneRoot_cdt"
			Quantity="1"
		/>
	</GameData>
</TruckAddon>
