<_templates Include="trucks">
	<Body NoSoftContacts="true">
		<Anchor Collisions="Default" Mass="100">
			<Constraint
				Name="AnchorExt"
				Type="Prismatic"
				MinLimit="0"
				MaxLimit=".74"
			>
				<Motor Force="1000000000" Tau="1" Type="Position" />
			</Constraint>
			<Body
				ForceBodyParams="true"
				Mass="100"
				NoSoftContacts="true"
			>
				<Constraint
					AxisLocal="(0; -1; 0)"
					Name="Anchor"
					Type="Prismatic"
					MinLimit="0"
					MaxLimit="0.8"
				>
					<Motor Force="100000000" Tau="1" Type="Position" />
				</Constraint>
			</Body>
		</Anchor>
	</Body>
</_templates>
<TruckAddon>
	<PoweredConstraints>
		<Chain Name="Anchors" ParentBodies="BoneLeftAnchorExt_cdt,BoneRightAnchorExt_cdt">
			<Group Id="anchors_position" FoldingDelay="0.2">
				<Constraint
					InitialFix="true"
					Name="AnchorExt"
					TerminalFix="true"
					Position=".74"
					SpeedMult="0.5"
				/>
			</Group>
			<Group Id="anchors_push" UnfoldingDelay="0.2" FoldingDelay="0.2">
				<Constraint
					InitialFix="true"
					Name="Anchor"
					TerminalFix="true"
					Position="0.61"
					SpeedMult="0.4"
				/>
			</Group>
		</Chain>
	</PoweredConstraints>
	<PhysicsModel Mesh="trucks/addons/minicrane_us">
		<NetSync Legacy="true" />
		<Body _template="Gravity" ImpactType="Truck" Mass="800" NoSoftContacts="true">
			<Constraint Type="Fixed" />
			<Body _template="Gravity" Mass="700" ModelFrame="BoneRotationBase_cdt" NoSoftContacts="true">
				<Constraint
					AxisLocal="(0; 1; 0)"
					Name="Crane"
					Type="Hinge"
					MinLimit="-350"
					MaxLimit="350"
				>
					<Motor Force="1000000000" Tau="1" Type="Position" />
				</Constraint>
				<Body _template="Gravity" NoSoftContacts="true"
					CenterOfMassOffset="(0; 0; 0)"
					Mass="800"
					ModelFrame="BoneArm1_cdt"
				>
					<Constraint
						AxisLocal="(1; 0; 0)"
						Name="Arm1"
						Type="Hinge"
						MinLimit="0"
						MaxLimit="130"
					>
						<Motor Force="1000000000" Tau="1" Type="Position" />
					</Constraint>
					<Body _template="Gravity" NoSoftContacts="true"
						CenterOfMassOffset="(0; 0; 0)"
						Collisions="All"
						Mass="700"
						ModelFrame="BoneArm2_cdt"
					>
						<Constraint
							AxisLocal="(1; 0; 0)"
							Name="Arm2"
							Type="Hinge"
							MinLimit="0"
							MaxLimit="157"
						>
							<Motor Force="1000000000" Tau="1" Type="Position" />
						</Constraint>
						<Body _template="Gravity" NoSoftContacts="true"
							CenterOfMassOffset="(0; 0; 0)"
							Collisions="All"
							Mass="300"
							ModelFrame="BoneArmExt1_cdt"
						>
							<Constraint
								AxisLocal="(1; 0; 0)"
								Name="ArmExt"
								Type="Prismatic"
								MinLimit="0"
								MaxLimit="2.43"
							>
								<Motor Force="1000000000" Tau="1" Type="Position" />
							</Constraint>
							<Body _template="Gravity" NoSoftContacts="true"
								CenterOfMassOffset="(0; 0; 0)"
								Collisions="All"
								Mass="200"
								ModelFrame="BoneArmExt2_cdt"
							>
								<Constraint
									AxisLocal="(1; 0; 0)"
									Name="ArmExt"
									Type="Prismatic"
									MinLimit="0"
									MaxLimit="2.04"
								>
									<Motor Force="1000000000" Tau="1" Type="Position" />
								</Constraint>
								<Body _template="Gravity" NoSoftContacts="true"
									CenterOfMassOffset="(0; 0; 0)"
									Collisions="All"
									Mass="200"
									ModelFrame="BoneArmExtEnd_cdt"
								>
									<Constraint
										AxisLocal="(1; 0; 0)"
										Name="ArmExt"
										Type="Prismatic"
										MinLimit="0"
										MaxLimit="2.35"
									>
										<Motor Force="1000000000" Tau="1" Type="Position" />
									</Constraint>
								</Body>
							</Body>
						</Body>
					</Body>
				</Body>
			</Body>
			<Body _template="Gravity" _template="Anchor" ModelFrame="BoneLeftAnchorExt_cdt">
				<Constraint AxisLocal="(0; 0; 1)" />
				<Body ModelFrame="BoneLeftAnchor_cdt" />
			</Body>
			<Body _template="Gravity" _template="Anchor" ModelFrame="BoneRightAnchorExt_cdt">
				<Constraint AxisLocal="(0; 0; -1)" />
				<Body ModelFrame="BoneRightAnchor_cdt" />
			</Body>
			<Body _template="Gravity" Collisions="Default" Mass="5" ModelFrame="BoneMountR_cdt" NoSoftContacts="true">
				<Constraint ExplicitParentFrame="0" Type="Fixed" />
			</Body>
			<Body _template="Gravity" Collisions="Default" Mass="5" ModelFrame="BoneMountL_cdt" NoSoftContacts="true">
				<Constraint ExplicitParentFrame="1" Type="Fixed" />
			</Body>
		</Body>
	</PhysicsModel>
	<ModelAttachments/>
	<GameData
		CameraPreset="addon_1"
		Category="frame_addons"
		IsCustomizable="true"
		Price="5700"
		UnlockByExploration="false"
		UnlockByRank="1"
	>
		<!--		<WinchSocket Pos="(0.335; 1.969; 0.983)" ParentFrame="BoneArmExtEnd_cdt" />-->
		<!--		<CraneSocket Pos="(0.335; 1.969; 0.983)" ParentFrame="BoneArmExtEnd_cdt" />-->
		<UiDesc
			UiDesc="UI_ADDON_MINICRANE_1_DESC"
			UiIcon30x30=""
			UiIcon40x40=""
			UiName="UI_ADDON_MINICRANE_1_NAME"
		/>
		<InstallSocket Offset="(0; 0; 0)" Type="MinicraneUS" />
		<CraneSourceSocket Pos="(0.335; 1.969; 0.983)" ParentFrame="BoneArmExtEnd_cdt" />
		<AddonType Name="Crane" />
		<SoundPoweredGroupStart Name="addons/common/crane_powergroups_start" Range="20" Volume="1"/>
		<SoundPoweredGroupLoop Name="addons/common/crane_powergroups_loop" Range="20" Volume="1"/>
		<SoundPoweredGroupStop Name="addons/common/crane_powergroups_stop" Range="20" Volume="1"/>
		<SoundIKStart Name="addons/minicrane_us/minicrane_us_turn_start" Range="20" Volume="1"/>
		<SoundIKLoop Name="addons/minicrane_us/minicrane_us_turn_loop" Range="20" Volume="1"/>
		<SoundIKStop Name="addons/minicrane_us/minicrane_us_turn_stop" Range="20" Volume="1"/>
		<SoundOpenStart Name="addons/minicrane_us/minicrane_us_open_start" Range="20" Volume="1"/>
		<SoundOpenLoop Name="addons/minicrane_us/minicrane_us_open_loop" Range="20" Volume="1"/>
		<SoundOpenStop Name="addons/minicrane_us/minicrane_us_open_stop" Range="20" Volume="1"/>
		<SoundClose Name="addons/minicrane_us/minicrane_us_close" Range="20" Volume="1"/>
	</GameData>
	<ControlledIK
		CoeffEndMovementSpeedOY=".7"
		CoeffEndMovementSpeedOYWithLoad=".7"
		CoeffEndMovementSpeedXZ=".7"
		CoeffEndMovementSpeedXZWithLoad=".7"
	>
		<Chain EndOffset="(0.1; 0; 0)" ModelFrames="BoneCrane_cdt,BoneRotationBase_cdt,BoneArm1_cdt,BoneArm2_cdt,BoneArmExt1_cdt,BoneArmExt2_cdt,BoneArmExtEnd_cdt">
			<ConstraintStartPosition Name="Arm1" SpeedMult="0.5" Value="80" />
			<ConstraintStartPosition Name="Arm2" SpeedMult="0.5" Value="125" StartDelay=".43" />
		</Chain>
	</ControlledIK>
	<AutomaticIK>
		<IKBone ModelFrame="BoneRotationBaseHingeBase" ParentFrame="BoneRotationBase_cdt">
			<IKJoint AxisLocal="(0; 0; 1)" Type="Hinge" />
			<IKBone
				AttachOffset="(0.242; 0; 0)"
				AttachToFrame="BoneArm1_cdt"
				ModelFrame="BoneRotationBaseHinge"
			>
				<IKJoint AxisLocal="(0; 0; 1)" Type="Hinge" />
			</IKBone>
		</IKBone>
		<IKBone ModelFrame="BoneRotationBasePistonBase" ParentFrame="BoneRotationBase_cdt">
			<IKJoint AxisLocal="(0; 0; 1)" Type="Hinge" />
			<IKBone
				AttachOffset="(0; 0; 0)"
				AttachToFrame="BoneRotationBaseHinge"
				ModelFrame="BoneRotationBasePiston"
			>
				<IKJoint AxisLocal="(1; 0; 0)" Type="Slider" />
			</IKBone>
		</IKBone>
		<IKBone ModelFrame="BoneArm1HingeBase" ParentFrame="BoneArm1_cdt">
			<IKJoint AxisLocal="(0; 0; 1)" Type="Hinge" />
			<IKBone
				AttachOffset="(0.242; 0; 0)"
				AttachToFrame="BoneArm2_cdt"
				ModelFrame="BoneArm1Hinge"
			>
				<IKJoint AxisLocal="(0; 0; 1)" Type="Hinge" />
			</IKBone>
		</IKBone>
		<IKBone ModelFrame="BoneArm1PistonBase" ParentFrame="BoneArm1_cdt">
			<IKJoint AxisLocal="(0; 0; 1)" Type="Hinge" />
			<IKBone
				AttachOffset="(0; 0; 0)"
				AttachToFrame="BoneArm1Hinge"
				ModelFrame="BoneArm1Piston"
			>
				<IKJoint AxisLocal="(1; 0; 0)" Type="Slider" />
			</IKBone>
		</IKBone>
		<IKBone ModelFrame="BoneRightAnchorExtHinge" ParentFrame="BoneRightAnchorExt_cdt">
			<IKJoint AxisLocal="(0; 1; 0)" Type="Hinge2" />
			<IKBone
				AttachOffset="(0; 0; 0)"
				AttachToFrame="BoneRightAnchor_cdt"
				ModelFrame="BoneRightAnchorSlider"
			>
				<IKJoint AxisLocal="(0; 1; 0)" Type="Slider" />
			</IKBone>
		</IKBone>
		<IKBone ModelFrame="BoneLeftAnchorExtHinge" ParentFrame="BoneLeftAnchorExt_cdt">
			<IKJoint AxisLocal="(0; 1; 0)" Type="Hinge2" />
			<IKBone
				AttachOffset="(0; 0; 0)"
				AttachToFrame="BoneLeftAnchor_cdt"
				ModelFrame="BoneLeftAnchorSlider"
			>
				<IKJoint AxisLocal="(0; 1; 0)" Type="Slider" />
			</IKBone>
		</IKBone>
	</AutomaticIK>
	<AddonCamera
		FirstPersonDir="(1; -0.32; 0)"
		FirstPersonPos="(0.75; 3.76; 0.8)"
		ParentFrame="BoneRotationBase_cdt"
	/>
</TruckAddon>
