<_templates Include="trucks" />
<SuspensionSetVariants>
	<SuspensionSet
		_template="Normal"
		BrokenWheelDamageMultiplier="2"
		CriticalDamageThreshold="0.5"
		DamageCapacity="180"
		Name="tuz_108_warthog_suspension_default"
	>
		<Suspension 
			Damping="0.22"
			Height="0.1" 
			Strength="0.041" 
			WheelType="front" 
			BrokenSuspensionMax="0.1" 
			SuspensionMin="-0.35" 
		/>
		<Suspension 
			Damping="0.22"
			Height="0.12" 
			Strength="0.045" 
			WheelType="rear" 
			BrokenSuspensionMax="0.2" 
			SuspensionMin="-0.3" 
		/>
		<GameData
			Price="3000"
			UnlockByExploration="false"
			UnlockByRank="1"
		>
			<UiDesc
				UiDesc="UI_SUSPENSION_DEFAULT_DESC"
				UiIcon30x30=""
				UiIcon40x40=""
				UiName="UI_SUSPENSION_DEFAULT_NAME"
			/>
		</GameData>
	</SuspensionSet>
	<SuspensionSet
		_template="High"
		BrokenWheelDamageMultiplier="2"
		CriticalDamageThreshold="0.6"
		DamageCapacity="160"
		Name="tuz_108_warthog_suspension_high"
	>
		<Suspension 
			Damping="0.2"
			Height="0.22" 
			Strength="0.025" 
			WheelType="front" 
			BrokenSuspensionMax="0.1" 
			SuspensionMin="-0.4" 
		/>
		<Suspension 
			Damping="0.2"
			Height="0.24" 
			Strength="0.028" 
			WheelType="rear" 
			BrokenSuspensionMax="0.2" 
			SuspensionMin="-0.4" 
		/>
		<GameData
			Price="6400"
			UnlockByExploration="true"
			UnlockByRank="1"
		>
			<UiDesc
				UiDesc="UI_SUSPENSION_HIGH_DESC"
				UiIcon30x30=""
				UiIcon40x40=""
				UiName="UI_SUSPENSION_HIGH_NAME"
			/>
		</GameData>
	</SuspensionSet>
	<SuspensionSet
		_template="Active"
		BrokenWheelDamageMultiplier="2"
		CriticalDamageThreshold="0.6"
		DamageCapacity="120"
		Name="tuz_108_warthog_suspension_active"
		DeviationDelta=".003"
	>
		<Suspension 
			Damping="0.4"
			BrokenSuspensionMax="0.1" 
			Height="0.11" 
			Strength="0.041" 
			SuspensionMin="-0.35" 
			WheelType="front" 
			DeviationMax="0.08"
		/>
		<Suspension 
			Damping="0.4"
			BrokenSuspensionMax="0.2" 
			Height="0.13" 
			Strength="0.045" 
			SuspensionMin="-0.35" 
			WheelType="rear" 
			DeviationMax="0.08" 
		/>
		<GameData
			Price="9800"
			UnlockByExploration="true"
			UnlockByRank="1"
		>
			<UiDesc
				UiDesc="UI_SUSPENSION_ACTIVE_DESC"
				UiIcon30x30=""
				UiIcon40x40=""
				UiName="UI_SUSPENSION_ACTIVE_NAME"
			/>
		</GameData>
	</SuspensionSet>
</SuspensionSetVariants>
