<_templates Include="trucks" >
	<Flare>
		<IgnitionSignalOrange
			AspectRatio="0.75"
			Color="g(255; 140; 0) x 0.3"
			ColorMultAtDay="0.6"
			Dir="(0; 1; 0)"
			DirAngle="135"
			Size="0.175"
		/>
	</Flare>
</_templates>
<TruckAddon>
	<TruckData>
		<Damage>
			<Multiplier Multiplier="1.0" Type="Engine" />
		</Damage>
	</TruckData>
	<PhysicsModel Mesh="trucks/international_paystar_5070_tuning/international_paystar_5070_cabin_protector_1">
		<Body ImpactType="Truck" Mass="200" ModelFrame="BoneCabin_cdt" _template="Gravity">
			<Constraint Type="Rigid" />
		</Body>
	</PhysicsModel>
	<ModelAttachments _noinherit="True">
		<Ignition>
			<Flare _template="IgnitionSignalOrange" Dir="(0; 0; 1)" Pos="(-0.098; 2.666; 0.744)" />
			<Flare _template="IgnitionSignalOrange" Dir="(0; 0; -1)" Pos="(-0.098; 2.666; -0.744)" />
			<Flare _template="IgnitionSignalOrange" Dir="(0; 0; 1)" Pos="(-0.097; 1.606; 0.746)" />
			<Flare _template="IgnitionSignalOrange" Dir="(0; 0; -1)" Pos="(-0.097; 1.606; -0.746)" />
		</Ignition>
	</ModelAttachments>
	<GameData
		CameraPreset="side_r"
		Category="miscellenious"
		Price="1000"
		UnlockByExploration="false"
		UnlockByRank="1"
	>
		<UiDesc
			UiDesc="UI_TUNING_CABIN_PROTECTOR_1_DESC"
			UiIcon30x30=""
			UiIcon40x40=""
			UiName="UI_TUNING_CABIN_PROTECTOR_1_NAME"
		/>
		<InstallSocket Type="InternationalPaystar5070CabinProtector" />
	</GameData>
</TruckAddon>
