<_templates Include="trucks">
	<Body _template="Gravity">
		<Limits Collisions="None">
			<Constraint
				LinearLimitsX="(0;0)"
				LinearLimitsY="(0;0.01)"
				LinearLimitsZ="(0;0)"
				Type="Fixed"
			>
				<Motor Damping="500" Spring="0.5" Type="Spring" />
			</Constraint>
		</Limits>
	</Body>
</_templates>
<TruckAddon>
	<WheelRepairsHide>
		<Mesh Frame="wheel" HideThreshold="0.0" />
	</WheelRepairsHide>
	<TruckData
		FuelCapacity="40"
		RepairsCapacity="300"
		WheelRepairsCapacity="1"
	>
		<!--<LimitedFluid Center="(-0.103; 2.058; 0.39)" SizeX="0.496" SizeY="0.180" SizeZ="0.389" Type="Box" ParentFrame="BoneFuel1_cdt" />
		<LimitedFluid Center="(-0.103; 1.853; 0.39)" SizeX="0.496" SizeY="0.180" SizeZ="0.389" Type="Box" ParentFrame="BoneFuel2_cdt" />-->
	</TruckData>
	<RepairsHide>
		<Mesh Frame="repair" HideThreshold="0.0" />
	</RepairsHide>
	<PhysicsModel Mesh="trucks/don_71_tuning/don_71_roofrack_2">
		<Body Mass="50" _template="Gravity">
			<Constraint Type="Rigid" />
			<Body Mass="5" ModelFrame="BoneFuel1_cdt" _template="Gravity">
				<Constraint
					AxisLocal="(1; 0; 0)"
					Type="Prismatic"
					MinLimit="-0.005"
					MaxLimit="0.03"
				>
					<Motor Damping="200" Spring="2000" Type="Spring" />
				</Constraint>
			</Body>
			<Body Mass="5" ModelFrame="BoneFuel2_cdt" _template="Gravity">
				<Constraint
					AxisLocal="(1; 0; 0)"
					Type="Prismatic"
					MinLimit="-0.02"
					MaxLimit="0.03"
				>
					<Motor Damping="200" Spring="2000" Type="Spring" />
				</Constraint>
			</Body>
			<Body 
				_template="Limits"
				LinearDamping="0"
				Mass="50"
				ModelFrame="BoneRepair_cdt"
			>
				<Constraint LinearLimitsX="(0;0.01)" LinearLimitsZ="(-0.03;0.03)" />
			</Body>
			<Body 
				_template="Limits"
				LinearDamping="0"
				Mass="50"
				ModelFrame="BoneWheel_cdt"
			>
				<Constraint LinearLimitsX="(-0.01;0)" LinearLimitsZ="(0;0.03)" />
			</Body>
		</Body>
	</PhysicsModel>
	<ModelAttachments>
		<MainHeadLight>
			<Model _template="HeadLightRay" Org="(0.24; 1.81; -0.41)" />
			<Model _template="HeadLightRay" Org="(0.24; 1.81; 0.41)" />
			<Flare _template="HeadLight" Color="g(255; 235; 215) x 0.6" DirAngle="135" Size="0.25" Pos="(0.24; 1.81; -0.41)" />
			<Flare _template="HeadLight" Color="g(255; 235; 215) x 0.6" DirAngle="135" Size="0.2" Pos="(0.24; 1.81; -0.14)" />
			<Flare _template="HeadLight" Color="g(255; 235; 215) x 0.6" DirAngle="135" Size="0.2" Pos="(0.24; 1.81; 0.14)" />
			<Flare _template="HeadLight" Color="g(255; 235; 215) x 0.6" DirAngle="135" Size="0.25" Pos="(0.24; 1.81; 0.41)" />
		</MainHeadLight>
	</ModelAttachments>
	<MainHeadLight _template="Multiply2" />
	<GameData
		CameraPreset="roof"
		Category="frame_addons"
		IsCustomizable="true"
		Price="2300"
		UnlockByExploration="false"
		UnlockByRank="16"
	>
		<UiDesc
			UiDesc="UI_TUNING_ROOFRACK_REGULAR_DESC"
			UiIcon30x30=""
			UiIcon40x40=""
			UiName="UI_TUNING_ROOFRACK_REGULAR_NAME"
		/>
		<InstallSocket Type="Don71Roofrack2" />
	</GameData>
	<FuelHide>
		<Mesh Frame="fuel" HideThreshold="0.0" />
	</FuelHide>
	<FuelMass>
		<Body Mass="21" ParentFrame="BoneFuel1_cdt"/>
		<Body Mass="21" ParentFrame="BoneFuel2_cdt"/>
	</FuelMass>
</TruckAddon>
