<_templates Include="trucks">
	<Body _template="Gravity">
		<TankPrismatic Collisions="None" Mass="40">
			<Constraint
				AxisLocal="(0; 0; 1)"
				Type="Prismatic"
				MinLimit="-1"
				MaxLimit="1"
			>
				<Motor Damping="2000" Spring="2000" Type="Spring" />
			</Constraint>
		</TankPrismatic>
		<TankHinge Collisions="None" Mass="20">
			<Constraint
				AxisLocal="(0; 0; 1)"
				Type="Hinge"
				MinLimit="-5"
				MaxLimit="5"
			>
				<Motor Damping="50" Spring="500" Type="Spring" />
			</Constraint>
		</TankHinge>
	</Body>
</_templates>
<TruckAddon>
	<WheelRepairsHide>
		<Mesh Frame="wheel" HideThreshold="0.0" />
	</WheelRepairsHide>
	<TruckData
		FuelCapacity="140"
		RepairsCapacity="300"
		WheelRepairsCapacity="1"
	>
		<!--<LimitedFluid Center="(-1.404; 1.986; 0.342)" SizeX="0.359" SizeY="0.169" SizeZ="0.470" Type="Box" />
		<LimitedFluid Center="(-1.403; 1.986; -0.321)" SizeX="0.359" SizeY="0.169" SizeZ="0.470" Type="Box" />
		<LimitedFluid Center="(-1.812; 1.986; 0.342)" SizeX="0.359" SizeY="0.169" SizeZ="0.470" Type="Box" />
		<LimitedFluid Center="(-1.812; 1.986; -0.311)" SizeX="0.359" SizeY="0.169" SizeZ="0.486" Type="Box" />
		<LimitedFluid Center="(-1.093; 2.126; 0.324)" SizeX="0.172" SizeY="0.437" SizeZ="0.362" Type="Box" />
		<LimitedFluid Center="(-1.093; 2.126; -0.095)" SizeX="0.172" SizeY="0.437" SizeZ="0.362" Type="Box" />
		<LimitedFluid Center="(-1.093; 2.133; -0.502)" SizeX="0.174" SizeY="0.437" SizeZ="0.362" Type="Box" />-->
	</TruckData>
	<RepairsHide>
		<Mesh Frame="repair" HideThreshold="0.0" />
	</RepairsHide>
	<PhysicsModel Mesh="trucks/international_scout_800_tuning/international_scout_800_roofrack_1">
		<Body Mass="50" ModelFrame="BoneCabin_cdt" _template="Gravity">
			<Constraint Type="Rigid" />
			<Body _template="TankHinge" ModelFrame="BoneTankHinge_cdt"  _template="Gravity"/>
			<Body _template="TankPrismatic" ModelFrame="BonePrismatic1_cdt" _template="Gravity">
				<Constraint AxisLocal="(1; 0; 0)" MinLimit="-0.01" MaxLimit="0.005">
					<Motor Damping="1000" Spring="1000" Type="Spring" />
				</Constraint>
			</Body>
			<Body _template="TankPrismatic" ModelFrame="BonePrismatic2_cdt" _template="Gravity">
				<Constraint MinLimit="-0.03" MaxLimit="0.06" />
			</Body>
		</Body>
	</PhysicsModel>
	<ModelAttachments>
		<MainHeadLight>
			<Model _template="HeadLightRay" Org="(0.62; 1.948; -0.45)" />
			<Model _template="HeadLightRay" Org="(0.62; 1.948; 0.45)" />
			<Flare _template="HeadLight" Color="g(255; 235; 215) x 0.6" DirAngle="100" Size="0.30" Pos="(0.62; 1.948; -0.45)" />
			<Flare _template="HeadLight" Color="g(255; 235; 215) x 0.6" DirAngle="100" Size="0.30" Pos="(0.62; 1.948; 0.45)" />
			<Flare _template="HeadLight" Color="g(255; 235; 215) x 0.6" DirAngle="100" Size="0.30" Pos="(0.62; 1.948; -0.15)" />
			<Flare _template="HeadLight" Color="g(245; 235; 215) x 0.6" DirAngle="100" Size="0.30" Pos="(0.62; 1.948; 0.15)" />
		</MainHeadLight>
	</ModelAttachments>
	<MainHeadLight _template="Multiply2" />
	<GameData
		CameraPreset="addon_2"
		Category="frame_addons"
		IsCustomizable="true"
		Price="1500"
		UnlockByExploration="false"
		UnlockByRank="1"
	>
		<UiDesc
			UiDesc="UI_TUNING_ROOFRACK_REGULAR_DESC"
			UiIcon30x30=""
			UiIcon40x40=""
			UiName="UI_TUNING_ROOFRACK_REGULAR_NAME"
		/>
		<InstallSocket Type="InternationalScout800Roofrack" />
	</GameData>
	<FuelHide>
		<Mesh Frame="fuel" HideThreshold="0.0" />
	</FuelHide>
	<FuelMass>
		<Body Mass="169" ParentFrame="BoneCabin_cdt" />
	</FuelMass>
</TruckAddon>
