<_templates Include="trucks">
	<Wheel>
		<SecondAxle
			Location="front"
			SteeringAngle="22"
			SteeringCastor="2"
			SteeringJointOffset="0.315"
			Torque="default"
			ParentFrame="BoneCabin_cdt"
		/>
		<RearAxle
			ConnectedToHandbrake="true"
			Location="rear"
			Torque="default"
		/>
		<FirstAxle
			Location="front"
			SteeringAngle="28"
			SteeringCastor="2"
			SteeringJointOffset="0.315"
			Torque="default"
			ParentFrame="BoneCabin_cdt"
		/>
	</Wheel>
	<Body>
		<TieRod Mass="1">
			<Constraint
				AxisLocal="(0; 0; 1)"
				Type="Hinge"
				MinLimit="-25"
				MaxLimit="25"
			>
				<Motor
					Damping="1.0"
					Force="6000"
					Tau="1"
					Type="Position"
				/>
			</Constraint>
		</TieRod>
		<Mudguard Collisions="Default" Mass="1">
			<Constraint Type="Hinge">
				<Motor Damping=".1" Spring="1" Type="Spring" />
			</Constraint>
		</Mudguard>
		<Mirror Collisions="Default" Mass="5">
			<Constraint
				AxisLocal="(0; 1; 0)"
				Type="Hinge"
				MinLimit="-3"
				MaxLimit="3"
			>
				<Motor Damping="5" Spring="150" Type="Spring" />
			</Constraint>
		</Mirror>
	</Body>
</_templates>
<Truck>
	<TruckData
		BackSteerSpeed="0.03"
		DiffLockType="Always"
		EngineIconMesh="env/engine_default"
		EngineIconScale="1.35"
		EngineStartDelay="2"
		ExhaustStartTime="3.8"
		FuelCapacity="500"
		Responsiveness="1"
		SteerSpeed="0.025"
		TruckImage="banditmchr"
		TruckType="OFFROAD"
	>
		<WinchUpgradeSocket Default="w_medium_trucks_default" IsUpgradable="true" Type="winches_medium_trucks" />
		<Wheels
			DefaultRim="rim"
			DefaultTire="offroad_2n"
			DefaultWheelType="ford_clt9000_rear"
		>
			<Wheel _template="FirstAxle" Pos="(3.284; 0.597; 1.03)" />
			<Wheel _template="FirstAxle" RightSide="true" Pos="(3.284; 0.597; 1.03)" />
			<Wheel _template="SecondAxle" Pos="(1.781; 0.597; 1.03)" />
			<Wheel _template="SecondAxle" RightSide="true" Pos="(1.781; 0.597; 1.03)" />
			<Wheel _template="RearAxle" Pos="(-0.912; 0.597; 1.03)" />
			<Wheel _template="RearAxle" RightSide="true" Pos="(-0.912; 0.597; 1.03)" />
			<Wheel _template="RearAxle" Pos="(-2.608; 0.597; 1.03)" />
			<Wheel _template="RearAxle" RightSide="true" Pos="(-2.608; 0.597; 1.03)" />
		</Wheels>
		<SuspensionSocket
			Default="krs_58_bandit_suspension_default"
			Type="s_krs_58_bandit"
			MaxWheelRadiusWithoutSuspension="0.6"
		/>
		<SteeringWheel Frame="BoneSteering" />
		<SteeringRack Frame="BoneRackFront" FrameSteerLeft="BoneRackFrontL" FrameSteerRight="BoneRackFrontR" RackHalfSizeZ="0.756" />
		<SteeringRack Frame="BoneRackRear" FrameSteerLeft="BoneRackRearL" FrameSteerRight="BoneRackRearR" RackHalfSizeZ="0.756" />
		<Steam Origin="(4.647; 1.524; 0)" />
		<SoundsWheels _template="Default" />
		<SoundsDamage _template="Heavy" />
		<Sounds
			_template="Default"
			DisableReversePitch="false"
			MinDist="8.0"
			Origin="(3.245; 1.366; 0)"
		>
			<EngineTrans	Sound="" />
			<Handbrake		Sound="trucks/common/truck_handbrake_switch_alt1" />
			<HandbrakeOff	Sound="trucks/common/truck_handbrake_switch_off" />
			<BrakesSqueal	Sound="trucks/krs_58_bandit/krs_58_bandit_brakes_squeal" />
			<Reverse		Sound="trucks/krs_58_bandit/krs_58_bandit_reverse" />
			<Gear			Sound="trucks/common/truck_gear_shift_medium_rnd_set/truck_gear_shift_medium_rnd" />
			<GearFail		Sound="trucks/common/truck_gear_wrong/truck_gear_wrong_small_old" />
			<Honk			Sound="trucks/krs_58_bandit/krs_58_bandit_honk" />
			<EngineRev		Sound="" />
			<EngineAccel	Sound="trucks/krs_58_bandit/krs_58_bandit_acc" />
			<EngineStart	Sound="trucks/krs_58_bandit/krs_58_bandit_start" />
			<EngineStop		Sound="trucks/krs_58_bandit/krs_58_bandit_stop" />
			<EngineIdle		Sound="trucks/krs_58_bandit/krs_58_bandit_idle" />
			<EngineIdle_2d	Sound="trucks/krs_58_bandit/krs_58_bandit_idle_2d"	IsSound2D="true" />
			<EngineLow		Sound="trucks/krs_58_bandit/krs_58_bandit_low" />
			<EngineLow_2d	Sound="trucks/krs_58_bandit/krs_58_bandit_low_2d"	IsSound2D="true" />
			<EngineHigh		Sound="trucks/krs_58_bandit/krs_58_bandit_high" />
			<EngineHigh_2d	Sound="trucks/krs_58_bandit/krs_58_bandit_high_2d"	IsSound2D="true" />
			<EngineHeavy	Sound="" />
			<EngineHeavy_2d	Sound=""	IsSound2D="true" />
			<AbruptStop		Sound="trucks/common/truck_swing_big_rnd_set/truck_swing_big_rnd" />
		</Sounds>
		<Shafts>
			<Shaft SocketPointA="Shaft1a" SocketPointB="Shaft1b" />
			<Shaft SocketPointA="Shaft2a" SocketPointB="Shaft2b" />
			<Shaft SocketPointA="Shaft3a" SocketPointB="Shaft3b" />
			<Shaft SocketPointA="Shaft4a" SocketPointB="Shaft4b" />
			<Shaft SocketPointA="Shaft5a" SocketPointB="Shaft5b" />
			<Shaft SocketPointA="Shaft6a" SocketPointB="Shaft6b" />
			<Shaft SocketPointA="Shaft7a" SocketPointB="Shaft7b" />
		</Shafts>
		<OcclusionMap HalfSizeZ="1.7" MinX="-5" MaxX="5" />
		<Intake Dir="(1; 0; 0)" Origin="(4.59; 1.524; 0)" Size="1" />
		<GearboxSocket Default="g_truck_default" Type="gearboxes_trucks" />
		<FuelTank DamageCapacity="100" />
		<Exhaust Dir="(-0; -0.192; -0.981)" Origin="(0.432; 0.792; -0.694)" Speed="6.00" />
		<EngineSocket Default="ru_truck_old_engine_0" Type="e_ru_truck_old" />
		<Driver
			AnimationSet="HeavyTruck"
			Pos="(3.257; 1.946; 0.787)"
			SteeringWheelPos="(3.644; 2.292; 0.787)"
			ParentFrame="BoneCabin_cdt"
		/>
		<Dashboard>
			<Gauge Damping="0.9" Dir="(-0.71; 0.705; -0.001)" InputRange="(0;120)" InputType="speed" Mesh="trucks/arrows/krs_58_bandit_arrow_01" Org="(3.97; 2.153; 0.944)" OutputAngles="(-120;120)" />
			<Gauge Damping="0.9" Dir="(-0.71; 0.705; -0.001)" InputRange="(0;1)" InputType="rpm" Mesh="trucks/arrows/krs_58_bandit_arrow_02" Org="(4.002; 2.182; 0.806)" OutputAngles="(-120;-20)" />
			<Gauge Damping="0.9" Dir="(-0.71; 0.705; -0.001)" InputRange="(0;1)" InputType="engineEnabled" Mesh="trucks/arrows/krs_58_bandit_arrow_03" Org="(3.97; 2.153; 0.716)" OutputAngles="(-130;-78)" />
			<Gauge Damping="0.9" Dir="(-0.71; 0.705; -0.001)" InputRange="(0;1)" InputType="engineEnabled" Mesh="trucks/arrows/krs_58_bandit_arrow_03" Org="(3.97; 2.152; 0.622)" OutputAngles="(130;112)" />
			<Gauge Damping="0.9" Dir="(-0.71; 0.705; -0.001)" InputRange="(0;1)" InputType="fuel" Mesh="trucks/arrows/krs_58_bandit_arrow_03" Org="(4.007; 2.189; 0.669)" OutputAngles="(-45;45)" />
			<Gauge Damping="0.9" Dir="(-0.71; 0.705; -0.001)" InputRange="(0;1)" InputType="engineEnabled" Mesh="trucks/arrows/krs_58_bandit_arrow_03" Org="(3.939; 2.121; 0.669)" OutputAngles="(-146;-200" />
		</Dashboard>
		<Damage>
			<DamageArea Type="Engine" Min="(2.9; 0.86; -0.35)" Max="(4; 2; 0.35)" ParentFrame="BoneCabin_cdt" />
			<DamageArea Type="FuelTank" Min="(1.2; 1.1; -0.4)" Max="(2.5; 1.5; 0.4)" ParentFrame="BoneCabin_cdt" />
		</Damage>
		<CompatibleWheels OffsetZ="0.06" Scale="0.56" Type="wheels_scout_btr" />
		<!--0.65-->
		<CompatibleWheels OffsetZ="0.02" Scale="0.63" Type="ford_clt9000_rear" />
		<CompatibleWheels OffsetZ="0.02" Scale="0.63" Type="wheels_tatra_force_815_7" />
		<CompatibleWheels OffsetZ="0.04" Scale="0.65" Type="wheels_heavy_single" />
		<CompatibleWheels OffsetZ="0.04" Scale="0.65" Type="semitrailer_gooseneck_3" />
		<CompatibleWheels OffsetZ="0.06" Scale="0.635" Type="wheels_cat_th357_single" />
		<CompatibleWheels OffsetZ="0.18" Scale="0.65" Type="wheels_heavy_mudtires_tayga" />
		<CompatibleWheels OffsetZ="0.04" Scale="0.655" Type="wheels_tatra_t813" />
		<CompatibleWheels OffsetZ="0.06" Scale="0.67" Type="wheels_tatra_force_815_7" />
		<CompatibleWheels OffsetZ="0.06" Scale="0.67" Type="wheels_cat_th357_single" />

		<!--JAT DLC-->
		<CompatibleWheels OffsetZ="0.132" RearOffsetZ="0.06" Scale="0.65" Type="wheels_medium_offroad_single" />
		<CompatibleWheels OffsetZ="0.132" RearOffsetZ="0.06" Scale="0.65" Type="wheels_medium_highway_single" />
		<CompatibleWheels OffsetZ="0.132" RearOffsetZ="0.06" Scale="0.65" Type="wheels_medium_allterrain_single" />

		<!--PREMIUM-->
		<CompatibleWheels Scale="0.61" Type="wheels_geolkom_single1/3526085" OffsetZ="0.02" RearOffsetZ="0.02" />
		<Camera Center="(-0.1; 0; 0)" Radius="1.2">
			<Cockpit
				_template="Default"
				WindshieldDetailDensity="6.0"
				WindshieldDiffuseTexture="trucks/geolkom_krs_58bandit_glass__d_a.tga"
				WindshieldShadingTexture="trucks/geolkom_krs_58bandit_glass__sh_d.tga"
				ViewPos="(3.13; 2.616; 0.787)"
			>
				<Mirror ClipDir="(-0.956; 0; -0.292)" ClipOffset="0.2" FOVScale="2" MeshFrame="mirror_l_1" ReflectionDir="(-0.956; 0; -0.292)" Size="(0.17; 0.33)" Pos="(4.165; 2.694; 1.577)" />
				<Mirror ClipDir="(-0.359; -0.444; -0.821)" ClipOffset="0.1" FOVScale="2" MeshFrame="mirror_l_2" ReflectionDir="(-0.359; -0.444; -0.821)" Size="(0.18; 0.18)" Pos="(4.262; 2.348; 1.245)" />
				<Mirror ClipDir="(-0.839; 0; 0.545)" ClipOffset="0.1" FOVScale="2" MeshFrame="mirror_r_1" ReflectionDir="(-0.839; 0; 0.545)" Size="(0.17; 0.33)" Pos="(4.161; 2.694; -1.529)" />
				<Mirror ClipDir="(0; -0.446; 0.895)" ClipOffset="0.1" FOVScale="2" MeshFrame="mirror_r_2" ReflectionDir="(0; -0.446; 0.895)" Size="(0.18; 0.18)" Pos="(4.284; 2.348; -1.3)" />
			</Cockpit>
		</Camera>
		<Axles>
			<Axle Frame="BoneAxle1" />
			<Axle Frame="BoneAxle2" />
			<Axle Frame="BoneAxle3" />
			<Axle Frame="BoneAxle4" />
		</Axles>
	</TruckData>
	<PhysicsModel Mesh="trucks/krs_58_bandit">
		<NetSync Legacy="false" />
		<Body _template="Gravity"
			CenterOfMassOffset="(0.3; 0; 0)"
			ImpactType="Truck"
			Mass="3600"
			NetSync="pv"
		>
			<Body _template="Gravity"
				CenterOfMassOffset="(0.2; 0; 0)"
				ImpactType="Truck"
				Mass="2600"
				ModelFrame="BoneCabin_cdt"
				NetSync="pv"
			>
				<Constraint
					AxisLocal="(1; 0; 0)"
					PivotOffset="(0; 0; 0)"
					Type="Hinge"
					MinLimit="-8"
					MaxLimit="8"
				>
					<Motor Damping="60000" Spring="920000" Type="Spring" />
				</Constraint>
				<Body _template="Gravity" _template="TieRod" ModelFrame="BoneTieRod_cdt">
					<Constraint Name="TieRodSteer" />
				</Body>
				<Body _template="Gravity" _template="TieRod" ModelFrame="BoneTieRod_1_cdt">
					<Constraint Name="TieRodSteer1" />
				</Body>
				<Body _template="Gravity" _template="Mirror" ModelFrame="BoneMirrorL_cdt" />
				<Body _template="Gravity" _template="Mirror" ModelFrame="BoneMirrorR_cdt" />
				<Body _template="Gravity" Collisions="None" Mass="0.4" ModelFrame="BoneWire1_cdt">
					<Constraint
						AxisLocal="(0; 1; 0)"
						PivotOffset="(0; 0; 0)"
						Type="Hinge"
						MinLimit="-2"
						MaxLimit="2"
					>
						<Motor Damping="100" Spring=".01" Type="Spring" />
					</Constraint>
					<Body _template="Gravity" Collisions="None" Mass="0.1" ModelFrame="BoneWire2_cdt">
						<Constraint
							PlaneAxisLocal="(0; 0; 1)"
							TwistAxisLocal="(1; 0; 0)"
							Type="Ragdoll"
							ConeMin="-.1"
							ConeMax=".1"
							PlaneMin="-20"
							TwistMin="-6"
							PlaneMax="20"
							TwistMax="6"
						>
							<AllMotor Damping="30" Spring=".001" Type="Spring" />
						</Constraint>
					</Body>
				</Body>
				<Body _template="Gravity" Collisions="None" Mass="0.4" ModelFrame="BoneCase_cdt">
					<Constraint
						AxisLocal="(0; 0; 1)"
						Type="Hinge"
						MinLimit="-90"
						MaxLimit="8"
					>
						<Motor Damping=".1" Spring="1" Type="Spring" />
					</Constraint>
				</Body>
				<Body _template="Gravity" Collisions="None" Mass="3" ModelFrame="BoneJacket_cdt">
					<Constraint
						PlaneAxisLocal="(1; 0; 0)"
						TwistAxisLocal="(0; 1; 0)"
						Type="Ragdoll"
						ConeMin="-30"
						ConeMax="20"
						PlaneMin="-90"
						TwistMin="-90"
						PlaneMax="0"
						TwistMax="20"
					>
						<AllMotor Damping="3" Spring=".00001" Type="Spring" />
					</Constraint>
				</Body>
				<Body _template="Gravity" Collisions="None" Mass="3" ModelFrame="BoneHelmet_cdt">
					<Constraint
						PlaneAxisLocal="(1; 0; 0)"
						TwistAxisLocal="(0; 1; 0)"
						Type="Ragdoll"
						ConeMin="-40"
						ConeMax="40"
						PlaneMin="-90"
						TwistMin="0"
						PlaneMax="0"
						TwistMax="0"
					>
						<AllMotor Damping="1" Spring=".00001" Type="Spring" />
					</Constraint>
				</Body>
			</Body>
			<Body _template="Gravity" _template="Mudguard" ModelFrame="BoneMudguardL_cdt">
				<Constraint AxisLocal="(0; 0; 1)" MinLimit="-30" MaxLimit="20" />
			</Body>
			<Body _template="Gravity" _template="Mudguard" ModelFrame="BoneMudguardR_cdt">
				<Constraint AxisLocal="(0; 0; 1)" MinLimit="-30" MaxLimit="20" />
			</Body>
		</Body>
	</PhysicsModel>
	<ModelAttachments>
		<StopSignals>
			<Light _template="StopSignal" Pos="(-3.646; 1.261; 0)" />
			<Flare _template="StopSignal" Size="0.3" Pos="(-3.646; 1.261; -0.987)" />
			<Flare _template="StopSignal" Size="0.3" Pos="(-3.646; 1.261; 0.987)" />
		</StopSignals>
		<ReverseSignals>
			<Light _template="ReverseSignal" Color="(102; 102; 102)" Pos="(-3.646; 1.261; -0.796)" />
			<Light _template="ReverseSignal" Color="(102; 102; 102)" Pos="(-3.646; 1.261; 0.796)" />
			<Flare _template="ReverseSignal" Size="0.4" Pos="(-3.646; 1.261; -0.796)" />
			<Flare _template="BlueStreak" Color="g(220; 220; 255) x 0.05" Dir="(-1; 0; 0)" Size="0.4" Pos="(-3.646; 1.261; -0.796)" />
			<Flare _template="ReverseSignal" Size="0.4" Pos="(-3.646; 1.261; 0.796)" />
			<Flare _template="BlueStreak" Color="g(220; 220; 255) x 0.05" Dir="(-1; 0; 0)" Size="0.4" Pos="(-3.646; 1.261; 0.796)" />
		</ReverseSignals>
		<Ignition>
			<Light _template="IgnitionSignalWhite" Color="g(255; 205; 145) x .5" Size=".5" Pos="(4.446; 1.572; -0.853)" ParentFrame="BoneCabin_cdt" />
			<Light _template="IgnitionSignalWhite" Color="g(255; 205; 145) x .5" Size=".5" Pos="(4.446; 1.572; 0.853)" ParentFrame="BoneCabin_cdt" />
			<Light _template="IgnitionSignalRed" Pos="(-3.646; 1.261; 0)" />
			<Flare _template="IgnitionSignalWhite" Color="g(165; 149; 130) x 1.7" Size="0.3" Pos="(4.446; 1.572; -0.853)" ParentFrame="BoneCabin_cdt" />
			<Flare _template="IgnitionSignalWhite" Color="g(165; 149; 130) x 1.7" Size="0.3" Pos="(4.446; 1.572; 0.853)" ParentFrame="BoneCabin_cdt" />
			<Flare _template="IgnitionSignalWhite" Color="g(165; 149; 130) x 1.3" Size="0.2" Pos="(4.414; 1.508; -1.061)" ParentFrame="BoneCabin_cdt" />
			<Flare _template="IgnitionSignalWhite" Color="g(165; 149; 130) x 1.3" Size="0.2" Pos="(4.414; 1.508; 1.061)" ParentFrame="BoneCabin_cdt" />
			<Flare _template="IgnitionSignalRed" Pos="(-3.646; 1.261; -0.987)" />
			<Flare _template="IgnitionSignalRed" Pos="(-3.646; 1.261; 0.987)" />
		</Ignition>
		<HeadLight>
			<Model _template="HeadLightRay" Org="(4.446; 1.572; -0.694)" ParentFrame="BoneCabin_cdt" />
			<Model _template="HeadLightRay" Org="(4.446; 1.572; 0.694)" ParentFrame="BoneCabin_cdt" />
			<Model _template="HeadLightRay" Org="(4.273; 2.969; 0)" ParentFrame="BoneCabin_cdt" />
			<Model _template="HeadLightRay" Org="(4.001; 2.978; -0.95)" ParentFrame="BoneCabin_cdt" />
			<Model _template="HeadLightRay" Org="(4.001; 2.978; 0.95)" ParentFrame="BoneCabin_cdt" />
			<Flare _template="HeadLight" Color="g(235; 230; 220) x 0.3" Size="0.3" Pos="(4.444; 1.562; -0.853)" ParentFrame="BoneCabin_cdt" />
			<Flare _template="HeadLight" Color="g(235; 230; 220) x 0.3" Size="0.3" Pos="(4.444; 1.562; 0.853)" ParentFrame="BoneCabin_cdt" />
			<Flare _template="HeadLight" Color="g(235; 230; 220) x 0.5" Size="0.3" Pos="(4.233; 3.006; 0)" ParentFrame="BoneCabin_cdt" />
			<Flare _template="HeadLight" Color="g(235; 230; 220) x 0.5" Size="0.3" Pos="(4.001; 2.978; -0.95)" ParentFrame="BoneCabin_cdt" />
			<Flare _template="HeadLight" Color="g(235; 230; 220) x 0.5" Size="0.3" Pos="(4.001; 2.978; 0.95)" ParentFrame="BoneCabin_cdt" />
			<Flare _template="BlueStreak" Size="0.6" Pos="(4.444; 1.562; -0.853)" ParentFrame="BoneCabin_cdt" />
			<Flare _template="BlueStreak" Size="0.6" Pos="(4.444; 1.562; 0.853)" ParentFrame="BoneCabin_cdt" />
			<Flare _template="BlueStreak" Size="0.6" Pos="(4.233; 3.006; 0)" ParentFrame="BoneCabin_cdt" />
			<Flare _template="BlueStreak" Size="0.6" Pos="(4.001; 2.978; -0.95)" ParentFrame="BoneCabin_cdt" />
			<Flare _template="BlueStreak" Size="0.6" Pos="(4.001; 2.978; 0.95)" ParentFrame="BoneCabin_cdt" />
		</HeadLight>
	</ModelAttachments>
	<Landmark Mesh="landmarks/krs_58_bandit_lmk" MinScale="1.8" MaxScale="3.8" />
	<HeadLight _template="Default" Pos="(5.107; 0.573; 0)" ParentFrame="BoneCabin_cdt" />
	<GameData
		Country="RU,CAS"
		Price="98500"
		UnlockByExploration="false"
		UnlockByRank="1"
	>
		<WinchSocket Pos="(4.617; 1.074; 0)" />
		<WinchSocket Pos="(4.617; 1.074; -0.607)" />
		<WinchSocket Pos="(4.617; 1.074; 0.607)" />
		<WinchSocket Pos="(0.42; 1.13; -0.448)" />
		<WinchSocket Pos="(0.42; 1.13; 0.448)" />
		<WinchSocket Pos="(-3.662; 1.034; 0)" />
		<UiDesc
			UiDesc="UI_VEHICLE_KRS_58_BANDIT_DESC"
			UiIcon30x30="offroadVehicleImg30"
			UiIcon328x458="shopImgBandit"
			UiIcon40x40="offroadVehicleImg"
			UiIconLogo="KRSLogo80"
			UiName="UI_VEHICLE_KRS_58_BANDIT_NAME"
		/>
		<CustomizationCameras>
			<CameraPos FOV="32.0" Interior="true" Name="roof_sticker" InterestPosition="(5.355; 0.652; -0.597)" Position="(8.177; 6.416; -0.261)" />
			<CameraPos FOV="32.0" Interior="true" Name="sticker_1" InterestPosition="(5.875; 0.563; 1.084)" MaxXRotation="360" MaxYRotation="360" MaxZoom="2" Position="(5.81; 3.212; -0.941)" />
			<CameraPos FOV="32.0" Name="addon_1" InterestPosition="(1.036; 1.692; -0)" MaxXRotation="360" MaxYRotation="360" MaxZoom="2" Position="(-6.923; 2.071; 10.147)" />
			<CameraPos FOV="32.0" Name="addon_2" InterestPosition="(4.991; 1.77; 0)" MaxXRotation="360" MaxYRotation="360" MaxZoom="2" Position="(10.328; 3.173; 3.632)" />
			<CameraPos FOV="32.0" Name="glass_sticker" InterestPosition="(7.556; 2.541; -0.462)" MaxXRotation="360" MaxYRotation="360" MaxZoom="2" Position="(12.512; 3.395; 2.269)" />
			<CameraPos FOV="32.0" Interior="true" Name="mirror_mount" InterestPosition="(7.736; 2.617; 0.891)" Position="(5.586; 2.774; -0.399)" />
			<CameraPos FOV="32.0" Name="side_r" InterestPosition="(4.679; 1.146; 0.131)" MaxXRotation="360" MaxYRotation="360" MaxZoom="2" Position="(11.451; 4.564; -2.806)" />
			<CameraPos FOV="32.0" Interior="true" Name="sticker" InterestPosition="(7.52; 3.035; 0.242)" Position="(5.548; 2.717; -0.148)" />
			<CameraPos FOV="32.0" Name="roof" InterestPosition="(6.209; 2.787; -1.094)" MaxXRotation="360" MaxYRotation="360" MaxZoom="2" Position="(10.306; 5.571; -1.465)" />
			<CameraPos FOV="32.0" Interior="true" Name="capote_sticker" InterestPosition="(7.932; 1.936; -1.472)" Position="(10.512; 2.904; -1.657)" />
			<CameraPos FOV="32.0" Name="hoods" InterestPosition="(5.787; 0.976; -0.396)" MaxXRotation="360" MaxYRotation="360" MaxZoom="2" Position="(11.585; 2.202; -2.737)" />
			<CameraPos FOV="32.0" Name="side_l" InterestPosition="(6.733; 1.727; -0.307)" MaxXRotation="360" MaxYRotation="360" MaxZoom="2" Position="(10.471; 2.809; 3.169)" />
			<CameraPos FOV="32.0" Interior="true" Name="bubble_head" InterestPosition="(6.64; 1.526; 1.624)" Position="(5.812; 2.45; -0.885)" />
			<CameraPos FOV="32.0" Name="wheels" InterestPosition="(0; 0.5; -1.5)" MaxXRotation="360" MaxYRotation="360" MaxZoom="2" Position="(15; 3; 5.5)" />
			<CameraPos FOV="32.0" Name="default" InterestPosition="(5.787; 0.976; 0)" MaxXRotation="360" MaxYRotation="360" MaxZoom="2" Position="(11.091; 1.495; -3.925)" />
			<CameraPos FOV="32.0" Name="rear" InterestPosition="(5.042; 0.956; 0)" MaxXRotation="360" MaxYRotation="360" MaxZoom="2" Position="(-0.258; 1.601; 3.76)" />
			<CameraPos FOV="32.0" Interior="true" Name="door_l_sticker" InterestPosition="(3.787; 2.403; -0.496)" Position="(2.952; 2.773; -3.618)" />
		</CustomizationCameras>
		<CraneSocket Pos="(4.617; 1.074; 0)" />
		<CraneSocket Pos="(4.617; 1.074; -0.607)" />
		<CraneSocket Pos="(4.617; 1.074; 0.607)" />
		<CraneSocket Pos="(1.25; 3.1; 0)" />
		<CraneSocket Pos="(0.42; 1.13; -0.448)" />
		<CraneSocket Pos="(0.42; 1.13; 0.448)" />
		<CraneSocket Pos="(-3.662; 1.034; 0)" />
		<AddonSockets>
			<Socket Names="InternationalFleetstarF2070aCabinProtector"
				NamesBlock="FrameAddonTow, FrameAddonTowPlatform, LogLift, FrameAddonLogShort, FrameAddonKung, FrameAddonTank, FrameAddonMaintainer, FrameAddon, TatraSideboard" 
				Offset="(-0.55; 0.31; 0)" 
				ParentFrame="BoneCabin_cdt" 
				NamesBlock="FrameAddon, TatraSideboard" >
				<AddonsShift Offset="(-0.8; 0.015; 0)" Types="CraneKrs58Bandit" />
			</Socket>
		</AddonSockets>
		<AddonSockets DefaultAddon="krs_58_bandit_bumper_default">
			<Socket Names="krs58banditBumper" ParentFrame="BoneCabin_cdt" />
		</AddonSockets>
		<AddonSockets>
			<Socket Names="krs58banditHorn1" ParentFrame="BoneCabin_cdt" />
			<Socket Names="krs58banditHorn2" ParentFrame="BoneCabin_cdt" />
			<Socket Names="krs58banditRoofRack" NamesBlock="krs58banditBeacon" ParentFrame="BoneCabin_cdt" />
		</AddonSockets>
		<AddonSockets DefaultAddon="krs_58_bandit_gabarite_default">
			<Socket Names="krs58banditGabarite" ParentFrame="BoneCabin_cdt" />
		</AddonSockets>
		<AddonSockets>
			<Socket Names="krs58banditVisor" ParentFrame="BoneCabin_cdt" />
		</AddonSockets>
		<AddonSockets>
			<Socket Names="krs58banditBeacon" NamesBlock="krs58banditHorn1" ParentFrame="BoneCabin_cdt" />
		</AddonSockets>
		<AddonSockets>
			<Socket Names="krs58banditSnorkel" ParentFrame="BoneCabin_cdt" />
		</AddonSockets>
		<AddonSockets DefaultAddon="crane_krs_58_bandit">
			<Socket Names="LogLift" Dir="(0;0;-1)" NamesBlock="KamazAddonBody, TatraSideboard, FrameAddonLogShort, FrameAddonTowPlatform, FrameAddonTow, FrameAddon, FrameAddonKung, FrameAddonTank, FrameAddonSeismicVibrator, " Offset="(-0.17; 1.357; 0)" />
			<Socket Names="CraneKrs58Bandit" Offset="(0; 0; 0)" />
		</AddonSockets>
		<AddonSockets DefaultAddon="azov_4220_antarctic_addon_body">
			<Socket 
				Names="KamazAddonBody" 
				Offset="(1; -0.529; 0)"
				ParentFrame="BoneChassis_cdt"
			>
				<ExtraParent Frame="BoneChassis_cdt" Offset="(0; 0; 0)" />
				<ExtraParent Frame="BoneChassis_cdt" Offset="(0; 0; 0)" />
				<AddonsShift Offset="(-0.55; 0; 0)" Types="CraneKrs58Bandit" />
			</Socket>
			<Socket Names="TatraSideboard" Offset="(-0.2; 0.15; 0)" ParentFrame="BoneChassis_cdt">
				<ExtraParent Frame="BoneChassis_cdt" Offset="(0; 0; 0)" />
				<ExtraParent Frame="BoneChassis_cdt" Offset="(0; 0; 0)" />
				<AddonsShift Offset="(-0.63; 0; 0)" Types="CraneKrs58Bandit" />
			</Socket>
			<Socket Names="BunkLog" NamesBlock="CraneKrs58Bandit" Offset="(-5.28; 1.36; 0)" />
			<Socket Names="FrameAddonLogShort" NamesBlock="CraneKrs58Bandit" Offset="(-1.2; 1.357; 0)" />
			<Socket Names="SaddleLow" Offset="(-1.995; 1.347; 0)" />
			<Socket Names="SaddleHigh" Offset="(-1.995; 1.347; 0)" />
			<Socket Names="FrameAddonTowPlatform" Offset="(-0.73; 1.358; 0)" NamesBlock="CraneKrs58Bandit" />
			<Socket Names="FrameAddonTow" Offset="(-1.88; 1.358; 0)" NamesBlock="CraneKrs58Bandit" />
			<Socket Names="FrameAddon" Offset="(-1.336; 1.358; 0)" ParentFrame="BoneChassis_cdt">
				<ExtraParent Frame="BoneChassis_cdt" Offset="(0; 0; 0)" />
				<ExtraParent Frame="BoneChassis_cdt" Offset="(0; 0; 0)" />
				<AddonsShift Offset="(-0.65; 0; 0)" Types="CraneKrs58Bandit" />
			</Socket>
			<Socket Names="FrameAddonKung" Offset="(-1.8; 1.43; -0)" ParentFrame="BoneChassis_cdt">
				<ExtraParent Frame="BoneChassis_cdt" Offset="(0; 0; -0.12)" />
				<ExtraParent Frame="BoneChassis_cdt" Offset="(0; 0; 0.12)" />
				<AddonsShift Offset="(-0.65; 0; 0)" Types="CraneKrs58Bandit" />
			</Socket>
			<!--<Socket Names="FrameAddonMaintainer" NamesBlock="CraneKrs58Bandit, Trailer" Offset="(-1.93; 0.33; 0)" ParentFrame="BoneChassis_cdt" />-->
			<Socket Names="FrameAddonTank" NamesBlock="CraneKrs58Bandit" Offset="(-2.3; 1.358; 0)" ParentFrame="BoneChassis_cdt" />
			<Socket Names="FrameAddonSeismicVibrator" NamesBlock="Trailer, CraneKrs58Bandit" Offset="(0.716; 1.349; 0)" ParentFrame="BoneChassis_cdt" />
		</AddonSockets>
		<AddonSockets>
			<Socket CablesName="env/trailer_cable" TruckCablesPos="(0; 1.347; 0)" Names="Semitrailer, SemitrailerOiltank" Offset="(-1.995; 1.66; 0)" />
			<Socket CablesName="env/trailer_cable" TruckCablesPos="(0; 1.347; 0)" Names="LargeSemitrailer, LargeSemitrailerOiltank" Offset="(-1.995; 1.79; 0)" />
			<Socket Names="Trailer" Offset="(-3.662; 1.014; 0)" />
		</AddonSockets>
		<AddonSockets>
			<Socket InCockpit="true" Names="Krs58BanditSticker_1x1_01" ParentFrame="BoneCabin_cdt" />
		</AddonSockets>
		<AddonSockets>
			<Socket InCockpit="true" Names="Krs58BanditSticker_1x1_02" ParentFrame="BoneCabin_cdt" />
		</AddonSockets>
		<AddonSockets>
			<Socket InCockpit="true" Names="Krs58BanditSticker_1x2_01" ParentFrame="BoneCabin_cdt" />
		</AddonSockets>
		<AddonSockets>
			<Socket InCockpit="true" Names="Krs58BanditSticker_1x2_02" ParentFrame="BoneCabin_cdt" />
		</AddonSockets>
		<AddonSockets>
			<Socket InCockpit="true" Names="Krs58BanditSticker_1x4_01" ParentFrame="BoneCabin_cdt" />
		</AddonSockets>
		<AddonSockets>
			<Socket InCockpit="true" Names="Krs58BanditSticker_GlassTop" ParentFrame="BoneCabin_cdt" />
		</AddonSockets>
		<AddonSockets>
			<Socket InCockpit="true" Names="Krs58BanditSticker_GlassBottom" ParentFrame="BoneCabin_cdt" />
		</AddonSockets>
		<AddonSockets>
			<Socket Names="Krs58BanditSticker_Roof" ParentFrame="BoneCabin_cdt" />
		</AddonSockets>
		<AddonSockets>
			<Socket Names="Krs58BanditSticker_Capote" ParentFrame="BoneCabin_cdt" />
		</AddonSockets>
		<AddonSockets>
			<Socket Names="Krs58BanditSticker_Door_L" ParentFrame="BoneCabin_cdt" />
		</AddonSockets>
		<AddonSockets>
			<Socket
				InCockpit="true"
				Names="StuffAirfreshener"
				Offset="(3.967; 2.886; 0.207)"
				ParentFrame="BoneCabin_cdt"
			/>
		</AddonSockets>
		<AddonSockets>
			<Socket
				Dir="(0.832; 0; 0.555)"
				InCockpit="true"
				Names="StuffDashboard"
				Offset="(3.725; 2.064; -0.125)"
				ParentFrame="BoneCabin_cdt"
			/>
		</AddonSockets>
	</GameData>
	<ControlledConstraints>
		<Constraint Id="chassis_steer" IsLinkedSteering="true" Name="TieRodSteer" />
		<Constraint Id="chassis_steer" IsLinkedSteering="true" Name="TieRodSteer1" />
	</ControlledConstraints>
	<AutomaticIK>
		<IKBone ModelFrame="BoneTieRodIK1" ParentFrame="BoneTieRod_cdt">
			<IKJoint AxisLocal="(1; 0; 0)" Type="Hinge2" />
			<IKBone
				AttachOffset="(0; 0; 0)"
				AttachToFrame="BoneRackFrontL"
				ModelFrame="BoneTieRodIK2"
			>
				<IKJoint AxisLocal="(1; 0; 0)" Type="Slider" />
			</IKBone>
		</IKBone>
		<IKBone ModelFrame="BoneTieRodIK1_1" ParentFrame="BoneTieRod_1_cdt">
			<IKJoint AxisLocal="(1; 0; 0)" Type="Hinge2" />
			<IKBone
				AttachOffset="(0; 0; 0)"
				AttachToFrame="BoneRackRearL"
				ModelFrame="BoneTieRodIK2_1"
			>
				<IKJoint AxisLocal="(1; 0; 0)" Type="Slider" />
			</IKBone>
		</IKBone>
		<IKBone ModelFrame="BonePistonFR" ParentFrame="BoneCabin_cdt">
			<IKJoint AxisLocal="(0; 0; 1)" Type="Hinge2" />
			<IKBone
				AttachOffset="(0; 0; 0)"
				AttachToFrame="BoneAxle1"
				ModelFrame="BonePistonFR2"
			>
				<IKJoint AxisLocal="(0; 0; 1)" Type="Slider" />
			</IKBone>
		</IKBone>
		<IKBone ModelFrame="BonePistonFL" ParentFrame="BoneCabin_cdt">
			<IKJoint AxisLocal="(0; 0; 1)" Type="Hinge2" />
			<IKBone
				AttachOffset="(0; 0; 0)"
				AttachToFrame="BoneAxle1"
				ModelFrame="BonePistonFL2"
			>
				<IKJoint AxisLocal="(0; 0; 1)" Type="Slider" />
			</IKBone>
		</IKBone>
		<IKBone ModelFrame="BonePistonRL" ParentFrame="BoneChassis_cdt">
			<IKJoint AxisLocal="(0; 0; 1)" Type="Hinge2" />
			<IKBone
				AttachOffset="(0; 0; 0)"
				AttachToFrame="BoneAxle4"
				ModelFrame="BonePistonRL2"
			>
				<IKJoint AxisLocal="(0; 0; 1)" Type="Slider" />
			</IKBone>
		</IKBone>
		<IKBone ModelFrame="BonePistonRR" ParentFrame="BoneChassis_cdt">
			<IKJoint AxisLocal="(0; 0; 1)" Type="Hinge2" />
			<IKBone
				AttachOffset="(0; 0; 0)"
				AttachToFrame="BoneAxle4"
				ModelFrame="BonePistonRR2"
			>
				<IKJoint AxisLocal="(0; 0; 1)" Type="Slider" />
			</IKBone>
		</IKBone>
		<IKBone ModelFrame="BonePistonM1L" ParentFrame="BoneChassis_cdt">
			<IKJoint AxisLocal="(0; 0; 1)" Type="Hinge2" />
			<IKBone
				AttachOffset="(0; 0; 0)"
				AttachToFrame="BoneAxle2"
				ModelFrame="BonePistonM1L2"
			>
				<IKJoint AxisLocal="(0; 0; 1)" Type="Slider" />
			</IKBone>
		</IKBone>
		<IKBone ModelFrame="BonePistonM1R" ParentFrame="BoneChassis_cdt">
			<IKJoint AxisLocal="(0; 0; 1)" Type="Hinge2" />
			<IKBone
				AttachOffset="(0; 0; 0)"
				AttachToFrame="BoneAxle2"
				ModelFrame="BonePistonM1R2"
			>
				<IKJoint AxisLocal="(0; 0; 1)" Type="Slider" />
			</IKBone>
		</IKBone>
		<IKBone ModelFrame="BonePistonM2L" ParentFrame="BoneChassis_cdt">
			<IKJoint AxisLocal="(0; 0; 1)" Type="Hinge2" />
			<IKBone
				AttachOffset="(0; 0; 0)"
				AttachToFrame="BoneAxle3"
				ModelFrame="BonePistonM2L2"
			>
				<IKJoint AxisLocal="(0; 0; 1)" Type="Slider" />
			</IKBone>
		</IKBone>
		<IKBone ModelFrame="BonePistonM2R" ParentFrame="BoneChassis_cdt">
			<IKJoint AxisLocal="(0; 0; 1)" Type="Hinge2" />
			<IKBone
				AttachOffset="(0; 0; 0)"
				AttachToFrame="BoneAxle3"
				ModelFrame="BonePistonM2R2"
			>
				<IKJoint AxisLocal="(0; 0; 1)" Type="Slider" />
			</IKBone>
		</IKBone>
	</AutomaticIK>
</Truck>
