<_templates Include="models" />
<TruckAddon _noinherit="true">
	<PhysicsModel Mesh="trucks/cargo/cargo_wing_01">
		<NetSync Legacy="false" />
		<Body Mass="450" ModelFrame="BonePlane1_cdt" _template="Gravity">
			<Constraint ExplicitParentFrame="0" Type="Fixed" />
			<Body Mass="450" ModelFrame="BonePlane2_cdt" _template="Gravity">
				<Constraint ExplicitParentFrame="1" Type="Fixed" />
				<Body Mass="450" ModelFrame="BonePlane3_cdt" _template="Gravity">
					<Constraint ExplicitParentFrame="2" Type="Fixed" />
					<Body Mass="450" ModelFrame="BonePlane4_cdt" _template="Gravity">
						<Constraint ExplicitParentFrame="3" Type="Fixed" />
					</Body>
				</Body>
			</Body>
		</Body>
	</PhysicsModel>
	<GameData>
		<Sounds
			InstallSound="cargo_manual/cargo_manual_container_large"
			TransportedSound="load/metal_large/metal_large_rnd"
			ManualSound="cargo_manual/cargo_manual_container_large"
		/>
		<InstallSlot
			CargoLength="5"
			CargoType="CargoWing1"
			CargoValue="1"
			Offset="(3.127; 0; 0)"
		/>
	</GameData>
</TruckAddon>
