<TruckAddon>
	<WheelRepairsHide>
		<Mesh Frame="wheel1" HideThreshold="0.5" />
		<Mesh Frame="wheel2" HideThreshold="0.0" />
	</WheelRepairsHide>
	<TruckData WheelRepairsCapacity="2" />
	<PhysicsModel Mesh="trucks/derry_longhorn_3194_tuning/derry_longhorn_3194_spare_wheel">
		<Body ImpactType="Truck" Mass="340" _template="Gravity">
			<Constraint Type="Rigid" />
		</Body>
	</PhysicsModel>
	<GameData
		CameraPreset="side_r"
		Category="wheel_addon"
		Price="2700"
		UnlockByExploration="false"
		UnlockByRank="20"
	>
		<WinchSocket Pos="(-1.13; 2.75; 0)" />
		<UiDesc
			UiDesc="UI_TUNING_SPARE_WHEELS_DESC"
			UiIcon30x30=""
			UiIcon40x40=""
			UiName="UI_TUNING_SPARE_WHEELS_NAME"
		/>
		<InstallSocket Type="DerryLonghorn3194SpareWheel" />
	</GameData>
</TruckAddon>
