<_templates Include="trucks">
	<Wheel>
		<SecondAxle
			_template="FirstAxle"
			ConnectedToHandbrake="true"
			Location="front"
			SteeringAngle="-15"
			SteeringCastor="4"
			Torque="default"
		/>
		<RearAxle
			ConnectedToHandbrake="true"
			Location="front"
			Torque="default"
		/>
		<FirstAxle
			Location="front"
			SteeringAngle="36"
			SteeringCastor="0"
			SteeringJointOffset="0.23"
			Torque="full"
			SuspensionMin="-0.3"
			ParentFrame="BoneCabin_cdt"
		/>
	</Wheel>
	<Flare>
		<IgnitionSignalOrangeSmall
			AspectRatio="1.4"
			Color="g(255; 140; 0) x 0.25"
			ColorMultAtDay="0.6"
			Dir="(1; 0; 0)"
			DirAngle="60"
			Size="0.1"
		/>
		<IgnitionSignalOrange
			AspectRatio="1.4"
			Color="g(255; 140; 0) x 0.3"
			ColorMultAtDay="0.6"
			Dir="(0; 1; 0)"
			DirAngle="135"
			Size="0.1"
		/>
	</Flare>
	<Body>
		<Mirror Collisions="Default" Mass="1.5">
			<Constraint
				LinearLimitsX="(-0.01;0.01)"
				LinearLimitsY="(-0.03;0.03)"
				LinearLimitsZ="(0;0)"
				Type="Fixed"
			>
				<Motor Damping="30" Spring="1050" Type="Spring" />
			</Constraint>
		</Mirror>
		<Hitch Collisions="Default" Mass="10">
			<Constraint
				AxisLocal="(0; 0; 1)"
				PivotOffset="(0; 0; 0)"
				Type="Hinge"
				MinLimit="-10"
				MaxLimit="85"
			>
				<Motor Damping="0.1" Spring="2" Type="Spring" />
			</Constraint>
		</Hitch>
	</Body>
</_templates>
<Truck>
	<TruckData
		BackSteerSpeed="0.02"
		DiffLockType="Installed"
		EngineIconMesh="env/engine_default"
		EngineIconScale="1.4"
		EngineStartDelay="3.2"
		ExhaustStartTime="2.8"
		FuelCapacity="947"
		Responsiveness="1"
		SteerSpeed="0.02"
		TruckImage="derryLonghorn4520"
		TruckType="HEAVY"
	>
		<WinchUpgradeSocket Default="w_heavy_trucks_default" IsUpgradable="true" Type="winches_heavy_trucks" />
		<Wheels
			DefaultRim="rim"
			DefaultTire="tire"
			DefaultWheelType="wheels_derry_special_15c177"
		>
			<Wheel _template="FirstAxle" Pos="(3.07; 0.545; 1.02)" />
			<Wheel _template="FirstAxle" RightSide="true" Pos="(3.07; 0.545; 1.02)" />
			<Wheel _template="RearAxle" Pos="(-0.812; 0.601; 1.02)" />
			<Wheel _template="RearAxle" RightSide="true" Pos="(-0.812; 0.601; 1.02)" />
			<Wheel _template="RearAxle" Pos="(-2.332; 0.623; 1.02)" />
			<Wheel _template="RearAxle" RightSide="true" Pos="(-2.332; 0.623; 1.02)" />
			<Wheel _template="SecondAxle" Pos="(-3.833; 0.645; 1.02)" />
			<Wheel _template="SecondAxle" RightSide="true" Pos="(-3.833; 0.645; 1.02)" />
			<!-- <Wheel _template="FirstAxle" Pos="(3.070; 0.645; 1.020)" /> -->
			<!-- <Wheel _template="FirstAxle" Pos="(3.070; 0.645; 1.020)" RightSide="true" /> -->
			<!-- <Wheel _template="RearAxle" Pos="(-0.812; 0.645; 1.020)" /> -->
			<!-- <Wheel _template="RearAxle" Pos="(-0.812; 0.645; 1.020)" RightSide="true" /> -->
			<!-- <Wheel _template="RearAxle" Pos="(-2.332; 0.645; 1.020)" /> -->
			<!-- <Wheel _template="RearAxle" Pos="(-2.332; 0.645; 1.020)" RightSide="true" /> -->
			<!-- <Wheel _template="SecondAxle" Pos="(-3.833; 0.645; 1.020)" /> -->
			<!-- <Wheel _template="SecondAxle" Pos="(-3.833; 0.645; 1.020)" RightSide="true" /> -->
		</Wheels>
		<SuspensionSocket
			Default="derry_longhorn_4520_suspension_default"
			Type="s_derry_longhorn_4520"
			MaxWheelRadiusWithoutSuspension="0.85"
		/>
		<SteeringWheel Frame="BoneSteering" />
		<SteeringRack Frame="BoneRack" FrameSteerLeft="BoneRackLeft" FrameSteerRight="BoneRackRight" RackHalfSizeZ="0.765" />
		<SteeringRack Frame="BoneRackRear" FrameSteerLeft="BoneRackRearLeft" FrameSteerRight="BoneRackRearRight" RackHalfSizeZ="0.765" />
		<Steam Origin="(0.765; 1.45; 0)" />
		<Steam Origin="(3.029; 1.223; 0)" Scale="0.7" ParentFrame="BoneCabin_cdt" />
		<SoundsWheels _template="Default" />
		<SoundsDamage _template="Heavy" />
		<Sounds
			_template="Default"
			DisableReversePitch="true"
			Origin="(3.05; 1.8; 0)"
			MinDist="15.0"
		>
			<EngineTrans	Sound="trucks/common/truck_trans_forward_loop" />
			<Handbrake		Sound="trucks/chevrolet_kodiakc70/chevrolet_kodiakc70_handbrake_on" />
			<HandbrakeOff	Sound="trucks/chevrolet_kodiakc70/chevrolet_kodiakc70_handbrake_off" />
			<Reverse		Sound="trucks/derry_longhorn_4520/derry_longhorn_4520_back_beeper" />
			<BrakeRelease	Sound="trucks/derry_longhorn_4520/derry_longhorn_4520_brake_release" />
			<BrakesSqueal	Sound="trucks/derry_longhorn_4520/derry_longhorn_4520_brakes_squeal" />
			<Honk			Sound="trucks/derry_longhorn_4520/derry_longhorn_4520_honk" />
			<EngineRev		Sound="trucks/derry_longhorn_4520/derry_longhorn_4520_rev" />
			<EngineAccel	Sound="trucks/derry_longhorn_4520/derry_longhorn_4520_acc" />
			<EngineStart	Sound="trucks/derry_longhorn_4520/derry_longhorn_4520_start" />
			<EngineStop		Sound="trucks/derry_longhorn_4520/derry_longhorn_4520_stop" />
			<EngineIdle		Sound="trucks/derry_longhorn_4520/derry_longhorn_4520_idle" />
			<EngineIdle_2d	Sound="trucks/derry_longhorn_4520/derry_longhorn_4520_idle_2d"	IsSound2D="true" />
			<EngineLow		Sound="trucks/derry_longhorn_4520/derry_longhorn_4520_low" />
			<EngineLow_2d	Sound="trucks/derry_longhorn_4520/derry_longhorn_4520_low_2d"	IsSound2D="true" />
			<EngineHigh		Sound="trucks/derry_longhorn_4520/derry_longhorn_4520_high" />
			<EngineHigh_2d	Sound="trucks/derry_longhorn_4520/derry_longhorn_4520_high_2d"	IsSound2D="true" />
			<EngineHeavy	Sound="trucks/derry_longhorn_4520/derry_longhorn_4520_heavy" />
			<EngineHeavy_2d	Sound="trucks/derry_longhorn_4520/derry_longhorn_4520_heavy_2d"	IsSound2D="true" />
			<AbruptStop		Sound="trucks/common/truck_swing_big_rnd_set/truck_swing_big_rnd" />
		</Sounds>
		<Shafts>
			<Shaft SocketPointA="Shaft1a" SocketPointB="Shaft1b" />
			<Shaft SocketPointA="Shaft2a" SocketPointB="Shaft2b" />
			<Shaft SocketPointA="Shaft3a" SocketPointB="Shaft3b" />
			<Shaft SocketPointA="Shaft4a" SocketPointB="Shaft4b" />
		</Shafts>
		<OcclusionMap HalfSizeZ="1.8" MinX="-5.5" MaxX="5" />
		<!--<LimitedFluid Center="(1.799; 0.831; -0.896)" LengthX="0.893" RadiusY="0.388" RadiusZ="0.388" Type="Cylinder" />
		<LimitedFluid Center="(1.536; 0.831; 0.896)" LengthX="1.418" RadiusY="0.388" RadiusZ="0.388" Type="Cylinder" />-->
		<Intake Dir="(1; 0; 0)" Origin="(4.19; 1.61; 0)" Size="0.8" />
		<GearboxSocket Default="g_truck_default" Type="gearboxes_trucks" />
		<FuelTank DamageCapacity="100" />
		<EngineSocket Default="us_special_engine_0" Type="e_us_special, e_us_truck_modern_longhorn_4520" />
		<Driver AnimationSet="HeavyTruck" Pos="(1.938; 2.213; 0.742)" SteeringWheelPos="(2.327; 2.554; 0.746)" />
		<Dashboard>
			<Gauge Dir="(-0.707; 0.707; 0)" InputRange="(0;100)" InputType="speed" Mesh="trucks/arrows/derry_longhorn_4520_arrow_1" Org="(2.64; 2.449; 0.72)" OutputAngles="(-133; 137)" />
			<Gauge Damping="0.99" Dir="(-1; 0; 0)" InputRange="(0;1)" InputType="engineEnabled" Mesh="trucks/arrows/derry_longhorn_4520_arrow_2" Org="(2.704; 2.557; 0.808)" OutputAngles="(-40; 17)" />
			<Gauge Damping="0.99" Dir="(-1; 0; 0)" InputRange="(0;1)" InputType="engineEnabled" Mesh="trucks/arrows/derry_longhorn_4520_arrow_2" Org="(2.704; 2.557; 0.735)" OutputAngles="(-43; -33)" />
			<Gauge Damping="0.99" Dir="(-1; 0; 0)" InputRange="(0;1)" InputType="engineEnabled" Mesh="trucks/arrows/derry_longhorn_4520_arrow_2" Org="(2.704; 2.557; 0.654)" OutputAngles="(-43; -33)" />
			<Gauge Damping="0.99" Dir="(-1; 0; 0)" InputRange="(0;1)" InputType="engineEnabled" Mesh="trucks/arrows/derry_longhorn_4520_arrow_2" Org="(2.704; 2.557; 0.574)" OutputAngles="(-38; 6)" />
			<Gauge Damping="0.99" Dir="(-1; 0; 0)" InputRange="(0;1)" InputType="engineEnabled" Mesh="trucks/arrows/derry_longhorn_4520_arrow_2" Org="(2.704; 2.557; 0.496)" OutputAngles="(-44; -20)" />
			<Gauge Damping="0.99" Dir="(-0.707; 0.707; 0)" InputRange="(0;1)" InputType="fuel" Mesh="trucks/arrows/derry_longhorn_4520_arrow_2" Org="(2.63; 2.439; 0.603)" OutputAngles="(-45; 46)" />
			<Gauge Dir="(-0.707; 0.707; 0)" InputRange="(0;1)" InputType="none" Mesh="trucks/arrows/derry_longhorn_4520_arrow_3" Org="(2.653; 2.463; 0.856)" OutputAngles="(0; 0)" />
		</Dashboard>
		<Damage>
			<DamageArea Type="Engine" Min="(2.82; 0.9; -0.6)" Max="(4.200; 2.2; 0.6)" ParentFrame="BoneCabin_cdt" />
			<DamageArea Type="FuelTank" Min="(0.77; 0.44; -1.3)" Max="(2.285; 1.24; 1.3)" ParentFrame="BoneCabin_cdt" />
		</Damage>
		<!--<CompatibleWheels OffsetZ="0.03" Scale="0.63" Type="wheels_heavy_double1" />-->
		<CompatibleWheels OffsetZ="0.02" Scale="0.67" Type="wheels_derry_special_15c177" />
		<CompatibleWheels OffsetZ="0.05" Scale="0.63" Type="wheels_heavy_double2" />
		<!--<CompatibleWheels OffsetZ="0.05" Scale="0.625" Type="wheels_medium_ank_mk38" />-->
		<CompatibleWheels OffsetZ="0.02" Scale="0.662" Type="wheels_medium_ank_mk38" />
		<CompatibleWheels OffsetZ="0.05" Scale="0.65" Type="wheels_heavy_single" />
		<!--<CompatibleWheels OffsetZ="0.02" Scale="0.65" Type="wheels_tatra_phoenix" />-->
		<CompatibleWheels OffsetZ="0.02" Scale="0.67" Type="wheels_cat_th357_single" />
		<CompatibleWheels OffsetZ="0.07" Scale="0.685" Type="wheels_heavy_single2" />
		<!--<CompatibleWheels OffsetZ="0.02" Scale="0.67" Type="wheels_tatra_force_815_7" />-->
		<CompatibleWheels OffsetZ="0.02" Scale="0.694" Type="wheels_mack_defense_m917" />

		<CompatibleWheels OffsetZ=".02" Scale="0.687" Type="wheels_zetros_3/176593" />
		<CompatibleWheels OffsetZ=".02" Scale="0.687" Type="wheels_zetros_4/176593" />
		<CompatibleWheels OffsetZ=".02" Scale="0.687" Type="wheels_zetros_5/176593" />

		<!--PREMIUM-->
		<CompatibleWheels Scale="0.671" Type="wheels_oskosh_m1070_single1/3526085" />
		<CompatibleWheels Scale="0.694" Type="wheels_oskosh_m1070_single2/3526085" OffsetZ="0.09" />
		<Camera Center="(0; -0.6; 0)" ParentFrame="BoneCabin_cdt">
			<Cockpit
				_template="Default"
				WindshieldDiffuseTexture="trucks/derry_longhorn_4520_glass__d_a.tga"
				WindshieldShadingTexture="trucks/derry_longhorn_4520_glass__sh_d.tga"
				ViewPos="(1.92; 2.921; 0.742)"
			>
				<Mirror ClipDir="(-0.817; -0.105; -0.567)" ClipOffset="0.1" FOVScale="2" MeshFrame="mirror_left" ReflectionDir="(-0.817; -0.105; -0.567)" Size="(0.227; 0.457)" Pos="(2.303; 2.812; 1.934)" />
				<Mirror ClipDir="(-0.724; -0.07; 0.686)" ClipOffset="0.1" FOVScale="2.6" MeshFrame="mirror_right" ReflectionDir="(-0.724; -0.07; 0.686)" Size="(0.227; 0.457)" Pos="(2.312; 2.813; -1.924)" />
			</Cockpit>
		</Camera>
		<Axles>
			<Axle Frame="BoneAxleFront" />
			<Axle Frame="BoneAxleRear1" />
			<Axle Frame="BoneAxleRear2" />
			<Axle Frame="BoneAxleRear3" />
		</Axles>
	</TruckData>
	<Snorkel Origin="(3.098; 2.139; -1.255)" />
	<Snorkel Origin="(3.098; 2.139; 1.255)" />
	<Rotator EngineTorqueFactor=".4" Frame="BoneRotator1" RotationSpeed="8" />
	<Rotator EngineTorqueFactor=".3" Frame="BoneRotator2" RotationSpeed="-7" />
	<PhysicsModel Mesh="trucks/derry_longhorn_4520">
		<NetSync Legacy="false" />
		<Body _template="Gravity" 
			CenterOfMassOffset="(-1.5; -0.5; 0)"
			ImpactType="Truck"
			Mass="8960"
			ModelFrame="BoneChassis_cdt"
			NetSync="pv"
		>
			<Body _template="Gravity" 
				CenterOfMassOffset="(0.5; -0.4; 0)"
				ImpactType="Truck"
				Mass="8440"
				ModelFrame="BoneCabin_cdt"
				NetSync="pv"
			>
				<Constraint
					AxisLocal="(1; 0; 0)"
					PivotOffset="(0; 0; 0)"
					Type="Hinge"
					MinLimit="-5"
					MaxLimit="5"
				>
					<Motor Damping="200000" Spring="500000" Type="Spring" />
				</Constraint>
				<Body _template="Mirror" ModelFrame="BoneMirrorLeft_cdt"  _template="Gravity"/>
				<Body _template="Mirror" ModelFrame="BoneMirrorRight_cdt"  _template="Gravity"/>
				<Body _template="Hitch" ModelFrame="BoneHitch3"  _template="Gravity"/>
				<Body _template="Hitch" ModelFrame="BoneHitch4"  _template="Gravity"/>
				<Body Collisions="Default" Mass="0.5" ModelFrame="BonePipe1_cdt" _template="Gravity">
					<Constraint
						LinearLimitsX="(-.2;.2)"
						LinearLimitsY="(-.2;.2)"
						LinearLimitsZ="(0;.2)"
						Type="Fixed"
					>
						<Motor Damping="2" Spring="30" Type="Spring" />
					</Constraint>
				</Body>
				<Body _template="Gravity"  Collisions="Default" Mass="0.1" ModelFrame="BonePipe2_cdt">
					<Constraint
						LinearLimitsX="(-.1;.1)"
						LinearLimitsY="(-.1;.1)"
						LinearLimitsZ="(-.1;.1)"
						Type="Fixed"
					>
						<Motor Damping="0.3" Spring="35" Type="Spring" />
					</Constraint>
				</Body>
			</Body>
			<Body _template="Gravity"  Collisions="Default" Mass="5" ModelFrame="BoneLeftMudguardJiggle_cdt">
				<Constraint
					AxisLocal="(1; 0; 0)"
					PivotOffset="(1; 0; 0)"
					Type="Hinge"
					MinLimit="-7"
					MaxLimit="7"
				>
					<Motor Damping="7" Spring="2200" Type="Spring" />
				</Constraint>
				<Body _template="Gravity" 
					_template="Mudguard"
					AngularDamping="1.0"
					ModelFrame="BoneLeftMudguard_cdt"
				>
					<Constraint AxisLocal="(0; 0; 1)" MinLimit="-45" MaxLimit="0">
						<Motor Damping="2" Spring="5" Type="Spring" />
					</Constraint>
				</Body>
			</Body>
			<Body _template="Gravity"  Collisions="Default" Mass="5" ModelFrame="BoneRightMudguardJiggle_cdt">
				<Constraint
					AxisLocal="(1; 0; 0)"
					PivotOffset="(1; 0; 0)"
					Type="Hinge"
					MinLimit="-7"
					MaxLimit="7"
				>
					<Motor Damping="10" Spring="2200" Type="Spring" />
				</Constraint>
				<Body _template="Gravity" 
					_template="Mudguard"
					AngularDamping="1.0"
					ModelFrame="BoneRightMudguard_cdt"
				>
					<Constraint AxisLocal="(0; 0; 1)" MinLimit="-45" MaxLimit="0">
						<Motor Damping="2" Spring="5" Type="Spring" />
					</Constraint>
				</Body>
			</Body>
			<Body _template="Gravity"  Collisions="None" Mass="5" ModelFrame="BoneWire1_cdt">
				<Constraint
					AxisLocal="(1; 0; 0)"
					PivotOffset="(0; 0; 0)"
					Type="Hinge"
					MinLimit="-35"
					MaxLimit="5"
				>
					<Motor Damping="6" Spring="20" Type="Spring" />
				</Constraint>
				<Body _template="Gravity"  Collisions="None" Mass="0.1" ModelFrame="BoneWire2_cdt">
					<Constraint
						AxisLocal="(0; 1; 0)"
						Type="Prismatic"
						MinLimit="-0.4"
						MaxLimit="0.2"
					>
						<Motor Damping="0.3" Spring="25" Type="Spring" />
					</Constraint>
				</Body>
			</Body>
			<Body _template="Gravity"  Collisions="None" Mass="15" ModelFrame="BoneRope1_cdt">
				<Constraint
					AxisLocal="(1; 0; 0)"
					PivotOffset="(0; 0; 0)"
					Type="Hinge"
					MinLimit="-55"
					MaxLimit="55"
				>
					<Motor Damping="1" Spring="10" Type="Spring" />
				</Constraint>
			</Body>
		</Body>
	</PhysicsModel>
	<ModelAttachments>
		<StopSignals>
			<Light _template="StopSignal" Pos="(-4.5; 2.046; 0.267)" />
			<Flare _template="StopSignal" Size="0.5" Pos="(-4.612; 1.045; 0.267)" />
			<Flare _template="StopSignal" Size="0.5" Pos="(-4.612; 1.045; -0.267)" />
		</StopSignals>
		<ReverseSignals>
			<!-- RIGHT -->
			<Light AttenEnd="2.0" Color="(255; 255; 255)" Dir="(-1; -0.2; 0)" InnerCone="120" OuterCone="160" Pos="(-4.593; 0.807; -0.246)" />
			<Flare AspectRatio="1.4" Color="g(200; 200; 200) x 0.8" ColorMultAtDay="0.6" Dir="(-1; 0; 0)" DirAngle="90" Reflections="true" Size="0.4" Pos="(-4.593; 0.807; -0.246)" />
			<Flare _template="BlueStreak" Color="g(220; 220; 255) x 0.05" Dir="(-1; 0; 0)" Size="0.4" Pos="(-4.593; 0.807; -0.246)" />
			<!-- LEFT -->
			<Light AttenEnd="2.0" Color="(255; 255; 255)" Dir="(-1; -0.2; 0)" InnerCone="120" OuterCone="160" Pos="(-4.593; 0.807; 0.246)" />
			<Flare AspectRatio="1.4" Color="g(200; 200; 200) x 0.8" ColorMultAtDay="0.6" Dir="(-1; 0; 0)" DirAngle="90" Reflections="true" Size="0.4" Pos="(-4.593; 0.807; 0.246)" />
			<Flare _template="BlueStreak" Color="g(220; 220; 255) x 0.05" Dir="(-1; 0; 0)" Size="0.4" Pos="(-4.593; 0.807; 0.246)" />
			<!-- CABIN_RIGHT -->
			<Light AttenEnd="2.0" Color="(80; 80; 80)" Dir="(-1; -0.2; 0)" InnerCone="120" OuterCone="160" Pos="(0.467; 3.034; -1.114)" />
			<Flare AspectRatio="1.4" Color="g(200; 200; 200) x 0.8" ColorMultAtDay="0.6" Dir="(-1; 0; 0)" DirAngle="90" Reflections="true" Size="0.4" Pos="(0.467; 3.034; -1.114)" />
			<Flare _template="BlueStreak" Color="g(220; 220; 255) x 0.05" Dir="(-1; 0; 0)" Size="0.4" Pos="(0.467; 3.034; -1.114)" />
			<!-- CABIN_LEFT -->
			<Light AttenEnd="2.0" Color="(80; 80; 80)" Dir="(-1; -0.2; 0)" InnerCone="120" OuterCone="160" Pos="(0.467; 3.034; 1.114)" />
			<Flare AspectRatio="1.4" Color="g(200; 200; 200) x 0.8" ColorMultAtDay="0.6" Dir="(-1; 0; 0)" DirAngle="90" Reflections="true" Size="0.4" Pos="(0.467; 3.034; 1.114)" />
			<Flare _template="BlueStreak" Color="g(220; 220; 255) x 0.05" Dir="(-1; 0; 0)" Size="0.4" Pos="(0.467; 3.034; 1.114)" />
		</ReverseSignals>
		<Ignition>
			<Light _template="IgnitionSignalWhite" Pos="(4.5; 1.013; 0.8)" />
			<Light _template="IgnitionSignalWhite" Pos="(4.5; 1.013; -0.8)" />
			<Light _template="IgnitionSignalRed" Color="g(255; 10; 10) x 0.8" Pos="(-5.6; 1.025; -0)" />
			<Flare _template="IgnitionSignalRedSmall" Color="g(255; 0; 0) x 0.4" Pos="(-4.518; 1.185; 0)" />
			<Flare _template="IgnitionSignalRedSmall" Color="g(255; 0; 0) x 0.4" Pos="(-4.599; 1.234; -1.191)" />
			<Flare _template="IgnitionSignalRedSmall" Color="g(255; 0; 0) x 0.4" Pos="(-4.599; 1.234; 1.191)" />
			<Flare _template="IgnitionSignalOrange" Pos="(4.089; 1.296; -0.821)" ParentFrame="BoneCabin_cdt" />
			<Flare _template="IgnitionSignalOrange" Pos="(4.089; 1.296; 0.821)" ParentFrame="BoneCabin_cdt" />
			<Flare _template="IgnitionSignalOrange" Color="g(255; 140; 0) x 0.4" Dir="(0.244; 0; -0.97)" Pos="(3.981; 1.338; -1.036)" ParentFrame="BoneCabin_cdt" />
			<Flare _template="IgnitionSignalOrange" Color="g(255; 140; 0) x 0.4" Dir="(0.244; 0; 0.97)" Pos="(3.981; 1.338; 1.036)" ParentFrame="BoneCabin_cdt" />
			<!--<Flare _template="IgnitionSignalWhite" Dir="(-1; 0; 0)" Size="0.4" Pos="(0.485; 3.034; 1.114)" Color="g(165; 149; 130) x 0.5" ParentFrame="BoneCabin_cdt" />
			<Flare _template="IgnitionSignalWhite" Dir="(-1; 0; 0)" Size="0.4" Pos="(0.485; 3.034; -1.114)" Color="g(165; 149; 130) x 0.5" ParentFrame="BoneCabin_cdt" />-->
			<!--<Flare _template="BlueStreak" Dir="(-1; 0; 0)" Pos="(0.485; 3.034; 1.114)" ParentFrame="BoneCabin_cdt" />
			<Flare _template="BlueStreak" Dir="(-1; 0; 0)" Pos="(0.485; 3.034; -1.114)" ParentFrame="BoneCabin_cdt" />-->
			<Flare _template="IgnitionSignalOrangeSmall" Dir="(0; 0; 1)" DirAngle="85" Pos="(-0.286; 1.457; 1.226)" />
			<Flare _template="IgnitionSignalOrangeSmall" Dir="(0; 0; -1)" DirAngle="85" Pos="(-0.286; 1.457; -1.226)" />
			<Flare _template="IgnitionSignalOrangeSmall" Dir="(0; 0; 1)" DirAngle="85" Size="0.05" Pos="(-0.417; 1.479; 1.224)" />
			<Flare _template="IgnitionSignalOrangeSmall" Dir="(0; 0; -1)" DirAngle="85" Size="0.05" Pos="(-0.417; 1.479; -1.224)" />
			<Flare _template="IgnitionSignalYellow" Color="g(238; 195; 34) x 0.4" Dir="(0; 0; 1)" Size="0.07" Pos="(3.835; 1.185; 1.095)" ParentFrame="BoneCabin_cdt" />
			<Flare _template="IgnitionSignalYellow" Color="g(238; 195; 34) x 0.4" Dir="(0; 0; -1)" Size="0.07" Pos="(3.835; 1.185; -1.095)" ParentFrame="BoneCabin_cdt" />
			<Flare _template="IgnitionSignalWhite" Color="g(165; 149; 130) x 0.8" DirAngle="120" Pos="(4.08; 1.071; -0.821)" />
			<Flare _template="IgnitionSignalWhite" Color="g(165; 149; 130) x 0.8" DirAngle="120" Pos="(4.08; 1.071; 0.821)" />
			<Flare _template="IgnitionSignalRed" Pos="(-4.613; 1.026; -0.267)" />
			<Flare _template="IgnitionSignalRed" Pos="(-4.613; 1.026; 0.267)" />
		</Ignition>
		<HeadLight>
			<Model _template="HeadLightRay" Org="(4.07; 1.071; -0.821)" ParentFrame="BoneCabin_cdt" />
			<Model _template="HeadLightRay" Org="(4.07; 1.071; 0.821)" ParentFrame="BoneCabin_cdt" />
			<Flare _template="HeadLight" Size=".4" Pos="(4.07; 1.071; -0.821)" ParentFrame="BoneCabin_cdt" />
			<Flare _template="HeadLight" Size=".4" Pos="(4.07; 1.071; 0.821)" ParentFrame="BoneCabin_cdt" />
			<Flare _template="BlueStreak" Pos="(4.07; 1.071; -0.821)" ParentFrame="BoneCabin_cdt" />
			<Flare _template="BlueStreak" Pos="(4.07; 1.071; 0.821)" ParentFrame="BoneCabin_cdt" />
		</HeadLight>
	</ModelAttachments>
	<Landmark Mesh="landmarks/derry_longhorn_4520_lmk" MinScale="1.8" MaxScale="3.8" />
	<HeadLight _template="Default" Pos="(4.576; 1.033; 0)" ParentFrame="BoneCabin_cdt" />
	<GameData
		Country="US,NE,CE"
		Price="125500"
		UnlockByExploration="false"
		UnlockByRank="24"
	>
		<WinchSocket Pos="(4.432; 0.723; 0)" ParentFrame="BoneCabin_cdt" />
		<WinchSocket Pos="(4.432; 0.723; -0.481)" ParentFrame="BoneCabin_cdt" />
		<WinchSocket Pos="(4.432; 0.723; 0.481)" ParentFrame="BoneCabin_cdt" />
		<WinchSocket Pos="(-4.744; 0.88; -0.523)" />
		<WinchSocket Pos="(-4.744; 0.88; 0.523)" />
		<WinchSocket Pos="(0.615; 0.905; -0.553)" />
		<WinchSocket Pos="(-0.035; 1.454; 1.213)" />
		<WinchSocket Pos="(-0.7; 2.15; 0.75)" />
		<WinchSocket Pos="(-0.65; 2.35; 0)" />
		<WinchSocket Pos="(-0.7; 2.15; -0.75)" />
		<UiDesc
			UiDesc="UI_VEHICLE_DERRY_LONGHORN_4520_DESC"
			UiIcon30x30="heavyVehicleImg30"
			UiIcon328x458="shopImgDerryLonghorn4520"
			UiIcon40x40="heavyVehicleImg"
			UiIconLogo="DerryLonghornLogo80"
			UiName="UI_VEHICLE_DERRY_LONGHORN_4520_NAME"
		/>
		<CustomizationCameras>
			<CameraPos FOV="32.0" Interior="true" Name="sticker_1" InterestPosition="(7.165; 4.537; 1.118)" Position="(5.018; 2.827; -0.935)" />
			<CameraPos FOV="32.0" Name="addon_1" InterestPosition="(0.561; 1.684; -0)" MaxXRotation="360" MaxYRotation="360" MaxZoom="2" Position="(-7.975; 4.814; 6.571)" />
			<CameraPos FOV="32.0" Name="addon_2" InterestPosition="(5.074; 2.075; 0)" MaxXRotation="360" MaxYRotation="360" MaxZoom="2" Position="(9.141; 4.511; 5.732)" />
			<CameraPos FOV="32.0" Interior="true" Name="mirror_mount" InterestPosition="(6.764; 2.94; -0.145)" Position="(4.241; 3.049; -0.565)" />
			<CameraPos FOV="32.0" Name="side_r" InterestPosition="(4.494; 2.616; -0)" MaxXRotation="360" MaxYRotation="360" MaxZoom="2" Position="(-0.753; 4.897; 5.666)" />
			<CameraPos FOV="32.0" Interior="true" Name="sticker" InterestPosition="(6.458; 0.793; 2.347)" Position="(5.286; 3.015; -0.65)" />
			<CameraPos FOV="32.0" Interior="true" Name="glass_sticker" InterestPosition="(6.227; 2.898; -0.7)" Position="(8.169; 3.949; 1.028)" />
			<CameraPos FOV="32.0" Interior="true" Name="door_r_sticker" InterestPosition="(6.324; 1.796; 0)" Position="(2.401; 2.445; 3.166)" />
			<CameraPos FOV="32.0" Name="roof" InterestPosition="(5.118; 3.503; 0)" MaxXRotation="360" MaxYRotation="360" MaxZoom="2" Position="(11.064; 5.516; -4.015)" />
			<CameraPos FOV="32.0" Interior="true" Name="capote_sticker" InterestPosition="(4.821; 0.365; -0.023)" Position="(9.708; 5.975; -0.966)" />
			<CameraPos FOV="32.0" Name="hoods" InterestPosition="(5.187; 1.818; 0)" MaxXRotation="360" MaxYRotation="360" MaxZoom="2" Position="(13.18; 1.275; -5.377)" />
			<CameraPos FOV="32.0" Interior="true" Name="sticker_2" InterestPosition="(7.165; 4.566; 2.414)" Position="(4.936; 2.784; 0.295)" />
			<CameraPos FOV="32.0" Name="side_l" InterestPosition="(5.074; 2.075; 0)" MaxXRotation="360" MaxYRotation="360" MaxZoom="2" Position="(9.141; 4.511; 5.732)" />
			<CameraPos FOV="32.0" Interior="true" Name="bubble_head" InterestPosition="(6.764; 2.229; 1.419)" Position="(4.816; 2.867; -0.443)" />
			<CameraPos FOV="32.0" Name="wheels" InterestPosition="(0; 0.669; -1.5)" MaxXRotation="360" MaxYRotation="360" MaxZoom="2" Position="(13; 2; 5.834)" />
			<CameraPos FOV="32.0" Name="default" InterestPosition="(5.187; 1.818; 0)" MaxXRotation="360" MaxYRotation="360" MaxZoom="2" Position="(13.18; 1.275; -5.377)" />
			<CameraPos FOV="32.0" Name="rear" InterestPosition="(5.074; 2.075; 0)" MaxXRotation="360" MaxYRotation="360" MaxZoom="2" Position="(9.141; 4.511; 5.732)" />
			<CameraPos FOV="32.0" Interior="true" Name="door_l_sticker" InterestPosition="(4.170; 1.898; 0.086" Position="(2.566; 2.602; -3.115)" />
			<CameraPos FOV="32.0" Interior="true" Name="hood_ornament" InterestPosition="(7.506; 2.247; -1.339)" Position="(8.557; 2.563; -1.339)" />
			<CameraPos FOV="32.0" Interior="true" Name="curtain" InterestPosition="(6.764; 2.94; -0.145)" Position="(4.241; 3.049; -0.565)" />
		</CustomizationCameras>
		<CraneSocket Pos="(4.432; 0.723; 0)" ParentFrame="BoneCabin_cdt" />
		<CraneSocket Pos="(4.432; 0.723; -0.481)" ParentFrame="BoneCabin_cdt" />
		<CraneSocket Pos="(4.432; 0.723; 0.481)" ParentFrame="BoneCabin_cdt" />
		<CraneSocket Pos="(-4.744; 0.88; -0.523)" />
		<CraneSocket Pos="(-4.744; 0.88; 0.523)" />
		<CraneSocket Pos="(-0.65; 2.35; 0)" />
		<CraneSocket Pos="(0.615; 0.905; -0.553)" />
		<CraneSocket Pos="(-0.035; 1.454; 1.213)" />
		<AddonSockets DefaultAddon="saddle_derry_longhorn_4520">
			<Socket Names="BunkLog" Offset="(-6.559; 1.259; 0)" />
			<Socket Names="SaddleLow" Offset="(-3; 1.25; 0)">
				<ExtraParent Frame="BoneChassis_cdt" Offset="(0; 0; -0.05)" />
				<ExtraParent Frame="BoneChassis_cdt" Offset="(0; 0; 0.05)" />
			</Socket>
			<Socket Names="SaddleDerryLonghorn4520" Offset="(-2.6; 1.25; 0)" />
		</AddonSockets>
		<AddonSockets DefaultAddon="derry_special_15c177_spare_wheel_01">
			<Socket Names="Dan96320WheelAddon" Offset="(2.5; -0.4; -0.23)" Dir="(0, 0, -1)" ParentFrame="BoneCabin_cdt" />
			<Socket Names="AnkMk38WheelAddon" Offset="(-3.69; 1.19; -1.77)" Dir="(0, 1, 0)" ParentFrame="BoneCabin_cdt" />
			<Socket Names="azov64131WheelAddon" Offset="(1; -1.12; -0.4)" Dir="(1, 0, 0)" ParentFrame="BoneCabin_cdt" />
			<Socket Names="DerrySpecial15c177SpareWheel" Dir="(0;0;-1)" Offset="(1.57; -1.03; -1.83)" ParentFrame="BoneCabin_cdt" />
			<Socket Names="OSHKOSH_M1070HET_SpareWheel" ParentFrame="BoneCabin_cdt" />
		</AddonSockets>
		<AddonSockets>
			<Socket Names="LargeSemitrailer, LargeSemitrailerOiltank" Offset="(-2.82; 1.6; 0)" />
			<Socket Names="Semitrailer, SemitrailerOiltank" Offset="(-3; 1.57; 0)" />
			<Socket Names="Trailer" Offset="(-4.772; 1.02; 0)" />
		</AddonSockets>
		<AddonSockets DefaultAddon="derry_longhorn_4520_bumper_default">
			<Socket Names="DerryLonghorn4520Bumper" ParentFrame="BoneCabin_cdt" />
		</AddonSockets>
		<AddonSockets DefaultAddon="derry_longhorn_4520_exhaust_default">
			<Socket Names="DerryLonghorn4520Exhaust" ParentFrame="BoneCabin_cdt">
				<ExtraParent Frame="BoneChassis_cdt" />
			</Socket>
		</AddonSockets>
		<AddonSockets DefaultAddon="derry_longhorn_4520_gabarite_default">
			<Socket Names="DerryLonghorn4520GabariteDefault" ParentFrame="BoneCabin_cdt" />
		</AddonSockets>
		<AddonSockets>
			<Socket Names="DerryLonghorn4520Gabarite" ParentFrame="BoneCabin_cdt" />
		</AddonSockets>
		<AddonSockets DefaultAddon="derry_longhorn_4520_beacon_default">
			<Socket Names="DerryLonghorn4520Beacon" ParentFrame="BoneCabin_cdt" />
		</AddonSockets>
		<AddonSockets>
			<Socket Names="DerryLonghorn4520Beacon1" ParentFrame="BoneCabin_cdt" />
		</AddonSockets>
		<AddonSockets>
			<Socket Names="DerryLong4520Spotlight" ParentFrame="BoneCabin_cdt" />
		</AddonSockets>
		<AddonSockets>
			<Socket Names="DerryLonghorn4520Snorkel" ParentFrame="BoneCabin_cdt" />
		</AddonSockets>
		<AddonSockets>
			<Socket Names="DerryLonghorn4520Horn" ParentFrame="BoneCabin_cdt" />
		</AddonSockets>
		<AddonSockets DefaultAddon="derry_longhorn_4520_diff_lock_default">
			<Socket Names="DerryLonghorn4520DiffLock" Offset="(0; 0; 0)" ParentFrame="BoneChassis_cdt" />
		</AddonSockets>
		<AddonSockets>
			<Socket
				InCockpit="true"
				Names="StuffDashboard"
				Offset="(2.611; 2.618; 0.048)"
				ParentFrame="BoneCabin_cdt"
			/>
		</AddonSockets>
		<AddonSockets>
			<Socket InCockpit="true" Names="DerryLonghorn4520Sticker_1x1_01" ParentFrame="BoneCabin_cdt" />
		</AddonSockets>
		<AddonSockets>
			<Socket InCockpit="true" Names="DerryLonghorn4520Sticker_1x1_02" ParentFrame="BoneCabin_cdt" />
		</AddonSockets>
		<AddonSockets>
			<Socket InCockpit="true" Names="DerryLonghorn4520Sticker_1x2_01" ParentFrame="BoneCabin_cdt" />
		</AddonSockets>
		<AddonSockets>
			<Socket InCockpit="true" Names="DerryLonghorn4520Sticker_1x2_02" ParentFrame="BoneCabin_cdt" />
		</AddonSockets>
		<AddonSockets>
			<Socket InCockpit="true" Names="DerryLonghorn4520Sticker_1x4_01" ParentFrame="BoneCabin_cdt" />
		</AddonSockets>
		<AddonSockets>
			<Socket InCockpit="true" Names="DerryLonghorn4520Sticker_1x4_02" ParentFrame="BoneCabin_cdt" />
		</AddonSockets>
		<AddonSockets>
			<Socket
				InCockpit="true"
				Names="StuffAirfreshener"
				Offset="(2.457; 3.136; 0.917)"
				ParentFrame="BoneCabin_cdt"
			/>
			<Socket InCockpit="true" Names="StuffCurtainDerryLonghorn4520" ParentFrame="BoneCabin_cdt" />
		</AddonSockets>
		<AddonSockets>
			<Socket InCockpit="true" Names="derryLonghorn4520Sticker_GlassTop" ParentFrame="BoneCabin_cdt" />
		</AddonSockets>
		<AddonSockets>
			<Socket InCockpit="true" Names="derryLonghorn4520Sticker_GlassBottom" ParentFrame="BoneCabin_cdt" />
		</AddonSockets>
		<AddonSockets>
			<Socket Names="derryLonghorn4520Sticker_Door_L" ParentFrame="BoneCabin_cdt" />
		</AddonSockets>
		<AddonSockets>
			<Socket Names="derryLonghorn4520Sticker_Door_R" ParentFrame="BoneCabin_cdt" />
		</AddonSockets>
		<AddonSockets>
			<Socket Names="derryLonghorn4520Sticker_Capote" ParentFrame="BoneCabin_cdt" />
		</AddonSockets>
		<AddonSockets>
			<Socket Names="StuffHoodDerryLonghorn4520" ParentFrame="BoneCabin_cdt" />
		</AddonSockets>
		<AddonSockets>
			<Socket Names="AddonHornsSmall" NamesBlock="StuffHoodDerryLonghorn4520" Offset="(4.160; 2.165; 0)" ParentFrame="BoneCabin_cdt" />
		</AddonSockets>
	</GameData>
	<AutomaticIK>
		<IKBone ModelFrame="BoneIKRear1Left" ParentFrame="BoneChassis_cdt">
			<IKJoint AxisLocal="(0; 0; 1)" Type="Hinge" />
			<IKBone
				AttachOffset="(0; 0; 0)"
				AttachToFrame="BoneAxleRear1"
				ModelFrame="BoneIKRear1Left1"
			>
				<IKJoint AxisLocal="(1; 0; 0)" Type="Slider" />
			</IKBone>
		</IKBone>
		<IKBone ModelFrame="BoneIKRear1Right" ParentFrame="BoneChassis_cdt">
			<IKJoint AxisLocal="(0; 0; 1)" Type="Hinge" />
			<IKBone
				AttachOffset="(0; 0; 0)"
				AttachToFrame="BoneAxleRear1"
				ModelFrame="BoneIKRear1Right1"
			>
				<IKJoint AxisLocal="(1; 0; 0)" Type="Slider" />
			</IKBone>
		</IKBone>
		<IKBone ModelFrame="BoneIKRear2Left" ParentFrame="BoneChassis_cdt">
			<IKJoint AxisLocal="(0; 0; 1)" Type="Hinge" />
			<IKBone
				AttachOffset="(0; 0; 0)"
				AttachToFrame="BoneAxleRear2"
				ModelFrame="BoneIKRear2Left1"
			>
				<IKJoint AxisLocal="(1; 0; 0)" Type="Slider" />
			</IKBone>
		</IKBone>
		<IKBone ModelFrame="BoneIKRear2Right" ParentFrame="BoneChassis_cdt">
			<IKJoint AxisLocal="(0; 0; 1)" Type="Hinge" />
			<IKBone
				AttachOffset="(0; 0; 0)"
				AttachToFrame="BoneAxleRear2"
				ModelFrame="BoneIKRear2Right1"
			>
				<IKJoint AxisLocal="(1; 0; 0)" Type="Slider" />
			</IKBone>
		</IKBone>
		<IKBone ModelFrame="BoneIKRear3Left" ParentFrame="BoneChassis_cdt">
			<IKJoint AxisLocal="(0; 0; 1)" Type="Hinge" />
			<IKBone
				AttachOffset="(0; 0; 0)"
				AttachToFrame="BoneAxleRear3"
				ModelFrame="BoneIKRear3Left1"
			>
				<IKJoint AxisLocal="(1; 0; 0)" Type="Slider" />
			</IKBone>
		</IKBone>
		<IKBone ModelFrame="BoneIKRear3Right" ParentFrame="BoneChassis_cdt">
			<IKJoint AxisLocal="(0; 0; 1)" Type="Hinge" />
			<IKBone
				AttachOffset="(0; 0; 0)"
				AttachToFrame="BoneAxleRear3"
				ModelFrame="BoneIKRear3Right1"
			>
				<IKJoint AxisLocal="(1; 0; 0)" Type="Slider" />
			</IKBone>
		</IKBone>
		<IKBone ModelFrame="BoneIKFront" ParentFrame="BoneChassis_cdt">
			<IKJoint AxisLocal="(0; 1; 0)" Type="Hinge" />
			<IKBone
				AttachOffset="(0; 0; 0)"
				AttachToFrame="BoneRackLeft"
				ModelFrame="BoneIKFront1"
			>
				<IKJoint AxisLocal="(0; 0; 1)" Type="Slider" />
			</IKBone>
		</IKBone>
		<IKBone ModelFrame="BoneIKTest" ParentFrame="BoneChassis_cdt">
			<IKJoint AxisLocal="(0; 0; 1)" Type="Hinge" />
			<IKBone
				AttachOffset="(0; 0; 0)"
				AttachToFrame="BoneIKFront1"
				ModelFrame="BoneIKTest1"
			>
				<IKJoint AxisLocal="(0; 1; 0)" Type="Slider" />
			</IKBone>
		</IKBone>
	</AutomaticIK>
</Truck>
