<_templates Include="trucks">
	<Wheel>
		<RearWheel
			ConnectedToHandbrake="true"
			Location="rear"
			Torque="default"
		/>
		<FrontWheel
			Location="front"
			SteeringAngle="40"
			SteeringCastor="4"
			SteeringJointOffset="0.16"
			Torque="none"
			ParentFrame="BoneCabin_cdt"
		/>
	</Wheel>
	<Body>
		<SideMirror Collisions="Default" Mass="5">
			<Constraint
				AxisLocal="(0; 1; 0)"
				Type="Hinge"
				MinLimit="-15"
				MaxLimit="15"
			>
				<Motor Damping="5" Spring="250" Type="Spring" />
			</Constraint>
		</SideMirror>
	</Body>
</_templates>
<Truck>
	<TruckData
		BackSteerSpeed="0.02"
		DiffLockType="Installed"
		EngineIconMesh="env/engine_default"
		EngineIconScale="1.3"
		EngineStartDelay="0.8"
		ExhaustStartTime="0.9"
		FuelCapacity="454"
		Responsiveness="1"
		SteerSpeed="0.03"
		TruckImage="intertranstarmchr"
		TruckType="HIGHWAY"
	>
		<WinchUpgradeSocket Default="w_medium_trucks_default" IsUpgradable="true" Type="winches_medium_trucks" />
		<Wheels
			DefaultRim="rim_2"
			DefaultTire="highway_2"
			DefaultWheelType="wheels_heavy_double1"
		>
			<Wheel _template="FrontWheel" Pos="(2.59; 0.561; 1)" />
			<Wheel _template="FrontWheel" RightSide="true" Pos="(2.59; 0.561; 1)" />
			<Wheel _template="RearWheel" Pos="(-1.456; 0.559; 0.913)" />
			<Wheel _template="RearWheel" RightSide="true" Pos="(-1.456; 0.559; 0.913)" />
			<Wheel _template="RearWheel" Pos="(-2.716; 0.559; 0.913)" />
			<Wheel _template="RearWheel" RightSide="true" Pos="(-2.716; 0.559; 0.913)" />
		</Wheels>
		<SuspensionSocket
			Default="transtar_4070a_suspension_default"
			Type="s_international_transtar_4070a"
			MaxWheelRadiusWithoutSuspension="0.39"
		/>
		<SteeringWheel Frame="BoneSteering" />
		<SteeringRack
			Frame="BoneRack"
			FrameSteerLeft="BoneRackL"
			FrameSteerRight="BoneRackR"
			RackHalfSizeZ="0.756"
		/>
		<Steam Origin="(1.949; 1.274; 0)" />
		<Steam Origin="(2.617; 0.926; 0)" Scale="0.5" ParentFrame="BoneCabin_cdt" />
		<SoundsWheels _template="Default" />
		<SoundsDamage _template="Heavy" />
		<Sounds
			_template="Default"
			AirHissInterval="12.0"
			DisableReversePitch="false"
			Origin="(2.2; 1.25; 0)"
			MinDist="10.0"
			ParentFrame="BoneCabin_cdt"
		>
			<EngineTurbo	Sound="" />
			<Reverse		Sound="trucks/int_transtar_4070a/int_transtar_4070a_reverse" />
			<BrakePull		Sound="trucks/int_transtar_4070a/int_transtar_4070a_brake_pull" />
			<BrakeRelease	Sound="trucks/int_transtar_4070a/int_transtar_4070a_brake_release" />
			<BrakesSqueal	Sound="trucks/int_transtar_4070a/int_transtar_4070a_brakes_squeal" />
			<Handbrake		Sound="trucks/int_transtar_4070a/int_transtar_4070a_handbrake_on" />
			<HandbrakeOff	Sound="trucks/int_transtar_4070a/int_transtar_4070a_handbrake_off" />
			<Honk			Sound="trucks/int_transtar_4070a/int_transtar_4070a_honk" />
			<EngineRev		Sound="trucks/int_transtar_4070a/int_transtar_4070a_rev" />
			<EngineAccel	Sound="trucks/int_transtar_4070a/int_transtar_4070a_acc" />
			<EngineStart	Sound="trucks/int_transtar_4070a/int_transtar_4070a_start" />
			<EngineStop		Sound="trucks/int_transtar_4070a/int_transtar_4070a_stop" />
			<EngineIdle		Sound="trucks/int_transtar_4070a/int_transtar_4070a_idle" />
			<EngineIdle_2d	Sound="trucks/int_transtar_4070a/int_transtar_4070a_idle_2d"	IsSound2D="true" />
			<EngineLow		Sound="trucks/int_transtar_4070a/int_transtar_4070a_low" />
			<EngineLow_2d	Sound="trucks/int_transtar_4070a/int_transtar_4070a_low_2d"	IsSound2D="true" />
			<EngineHigh		Sound="trucks/int_transtar_4070a/int_transtar_4070a_high" />
			<EngineHigh_2d	Sound="trucks/int_transtar_4070a/int_transtar_4070a_high_2d"	IsSound2D="true" />
			<EngineHeavy	Sound="" />
			<AbruptStop		Sound="trucks/common/truck_swing_big_rnd_set/truck_swing_big_rnd" />
		</Sounds>
		<Shakers>
			<Shaker Frame="BoneRightExhaust" MaxAngle="(0.5; 0.5; 0.5)" MaxFrequency="1" ParentFrame="BoneCabin_cdt" />
			<Shaker Frame="BoneGearstick" MaxAngle="(1; 1; 1)" MaxFrequency="0.1" ParentFrame="BoneCabinPrismatic_cdt" />
			<Shaker Frame="BoneHandle" MaxAngle="(0; 0; 1)" MaxFrequency="0.1" ParentFrame="BoneCabinPrismatic_cdt" />
		</Shakers>
		<Shafts>
			<Shaft SocketPointA="Shaft1a" SocketPointB="Shaft1b" />
			<Shaft SocketPointA="Shaft2a" SocketPointB="Shaft2b" />
		</Shafts>
		<OcclusionMap HalfSizeZ="1.7" MinX="-3.5" MaxX="3.8" />
		<!--<LimitedFluid Center="(1.064; 0.735; -0.88)" LengthX="0.765" RadiusY="0.349" RadiusZ="0.349" Type="Cylinder" />
		<LimitedFluid Center="(1.064; 0.735; 0.88)" LengthX="0.765" RadiusY="0.349" RadiusZ="0.349" Type="Cylinder" />-->
		<Intake Dir="(1; 0; 0)" Origin="(3.335; 1.221; 0)" Size="1" />
		<GearboxSocket Default="g_truck_default" Type="gearboxes_trucks" />
		<FuelTank DamageCapacity="50" />
		<EngineSocket Default="us_truck_old_engine_0" Type="e_us_truck_old, e_us_truck_old_4070" />
		<Driver
			AnimationSet="HeavyTruck"
			Pos="(2.406; 1.781; 0.718)"
			SteeringWheelPos="(2.793; 2.126; 0.718)"
			ParentFrame="BoneCabinPrismatic_cdt"
		/>
		<Dashboard>
			<Gauge Damping="0.9" Dir="(-0.795; 0.607; 0.001)" InputRange="(0;160)" InputType="speed" Mesh="trucks/arrows/international_transtar_4070a_arrow_01" Org="(2.968; 2.04; 0.803)" OutputAngles="(-120;120)" />
			<Gauge Damping="0.9" Dir="(-0.795; 0.607; 0.001)" InputRange="(0;1)" InputType="rpm" Mesh="trucks/arrows/international_transtar_4070a_arrow_01" Org="(2.967; 2.04; 0.63)" OutputAngles="(-130;130)" />
			<Gauge Damping="0.9" Dir="(-0.901; 0.375; 0.219)" InputRange="(0;1)" InputType="fuel" Mesh="trucks/arrows/international_transtar_4070a_arrow_02" Org="(2.851; 1.948; 0.244)" OutputAngles="(-41;44)" />
			<Gauge Damping="0.9" Dir="(-0.901; 0.375; 0.219)" InputRange="(0;1)" InputType="engineEnabled" Mesh="trucks/arrows/international_transtar_4070a_arrow_02" Org="(2.851; 1.948; 0.173)" OutputAngles="(-32;5)" />
			<Gauge Damping="0.9" Dir="(-0.901; 0.375; 0.219)" InputRange="(0;1)" InputType="engineEnabled" Mesh="trucks/arrows/international_transtar_4070a_arrow_02" Org="(2.855; 1.958; 0.106)" OutputAngles="(-130;-100)" />
			<Gauge Damping="0.9" Dir="(-0.901; 0.375; 0.219)" InputRange="(0;1)" InputType="engineEnabled" Mesh="trucks/arrows/international_transtar_4070a_arrow_02" Org="(2.881; 2.019; 0.245)" OutputAngles="(-131;-30)" />
			<Gauge Damping="0.9" Dir="(-0.901; 0.375; 0.219)" InputRange="(0;1)" InputType="engineEnabled" Mesh="trucks/arrows/international_transtar_4070a_arrow_02" Org="(2.881; 2.019; 0.174)" OutputAngles="(-150;90)" />
			<Gauge Damping="0.9" Dir="(-0.795; 0.607; 0.001)" InputRange="(0;1)" InputType="engineEnabled" Mesh="trucks/arrows/international_transtar_4070a_arrow_03" Org="(2.968; 2.04; 0.63)" OutputAngles="(-130;45)" />
			<Gauge Damping="0.9" Dir="(-0.795; 0.607; 0.001)" InputRange="(0;1)" InputType="engineEnabled" Mesh="trucks/arrows/international_transtar_4070a_arrow_03" Org="(2.969; 2.039; 0.63)" OutputAngles="(-130;85)" />
		</Dashboard>
		<Damage>
			<DamageArea Type="Engine" Min="(1.9; 0.55; -0.6)" Max="(3.3; 1.9; 0.6)" ParentFrame="BoneCabin_cdt" />
			<DamageArea Type="FuelTank" Min="(0.66; 0.37; -1.25)" Max="(1.47; 1.1; 1.25)" ParentFrame="BoneChassis_cdt" />
		</Damage>
		<CompatibleWheels Scale="0.50" Type="wheels_heavy_double1" />
		<CompatibleWheels Scale="0.53" Type="wheels_heavy_double1" />
		<!--JAT DLC-->
		<CompatibleWheels Scale="0.53" Type="wheels_heavy_offroad_double" />
		<CompatibleWheels Scale="0.53" Type="wheels_heavy_allterrain_double" />
		<CompatibleWheels Scale="0.53" Type="wheels_heavy_highway_double" />

		<!--PREMIUM-->
		<CompatibleWheels Scale="0.546" Type="wheels_international_transtar_4070a_double1/3526085" />
		<CompatibleWheels Scale="0.55" Type="wheels_international_transtar_4070a_single1/3526085" OffsetZ="0.02" RearOffsetZ="0.06" />
		<CompatibleWheels Scale="0.55" Type="wheels_international_transtar_4070a_single2/3526085" OffsetZ="0.02" RearOffsetZ="0.00" RearScale="0.575" />
		<Camera Center="(-1.5; 0; 0)" ParentFrame="BoneCabin_cdt" RadiusMultiplier="0.8">
			<Cockpit
				_template="Default"
				WindshieldDiffuseTexture="trucks/international_transtar_4070a_glass__d_a.tga"
				WindshieldShadingTexture="trucks/international_transtar_4070a_glass__sh_d.tga"
				ViewPos="(2.245; 2.482; 0.718)"
			>
				<Rear ViewPosOffset="(0.1; -0.1; 0.7)" />
				<Mirror ClipDir="(-0.9; -0.006; -0.436)" ClipOffset="0.075" FOVScale="1.8" LookAtOffset="(0; 0; 0.05)" MeshFrame="mirror_left" ReflectionDir="(-0.9; -0.006; -0.436)" Size="(0.185; 0.397)" Pos="(2.652; 2.385; 1.402)" />
				<Mirror ClipDir="(-0.783; 0.007; 0.622)" ClipOffset="0.1" FOVScale="2.4" MeshFrame="mirror_right" ReflectionDir="(-0.783; 0.007; 0.622)" Size="(0.185; 0.397)" Pos="(2.648; 2.382; -1.404)" />
			</Cockpit>
		</Camera>
		<Axles>
			<Axle Frame="BoneAxle1" />
			<Axle Frame="BoneAxle2" />
			<Axle Frame="BoneAxle3" />
		</Axles>
	</TruckData>
	<PhysicsModel Mesh="trucks/international_transtar_4070a">
		<NetSync Legacy="false" />
		<Body _template="Gravity"
			CenterOfMassOffset="(-1; 0; 0)"
			ImpactType="Truck"
			Mass="2000"
			ModelFrame="BoneChassis_cdt"
			NetSync="pv"
		>
			<Body _template="Gravity"
				CenterOfMassOffset="(1; 0; 0)"
				ImpactType="Truck"
				Mass="3500"
				ModelFrame="BoneCabin_cdt"
				NetSync="pv"
			>
				<Constraint
					AxisLocal="(1; 0; 0)"
					PivotOffset="(0; 0; 0)"
					Type="Hinge"
					MinLimit="-10"
					MaxLimit="10"
				>
					<Motor Damping="24000" Spring="200000" Type="Spring" />
				</Constraint>
				<Body _template="Gravity" Mass="500" ModelFrame="BoneCabinPrismatic_cdt">
					<Constraint
						AxisLocal="(0; 1; 0)"
						Type="Prismatic"
						MinLimit="-0.1"
						MaxLimit="0.1"
					>
						<Motor Damping="10000" Spring="200000" Type="Spring" />
					</Constraint>
					<Body _template="SideMirror" ModelFrame="BoneMirrorLeft_cdt"  _template="Gravity"/>
					<Body _template="SideMirror" ModelFrame="BoneMirrorRight_cdt"  _template="Gravity"/>
					<Body _template="Gravity" Mass="0.2" ModelFrame="BoneKeyFob_cdt">
						<Constraint
							AxisLocal="(1; 0; 0)"
							PivotOffset="(0; 0; 0)"
							Type="Hinge"
							MinLimit="-50"
							MaxLimit="50"
						>
							<Motor Damping="0.001" Spring="0.001" Type="Spring" />
						</Constraint>
					</Body>
					<Body _template="Gravity" Mass="10" ModelFrame="BoneVisor_cdt">
						<Constraint
							AxisLocal="(1; 0; 0)"
							PivotOffset="(0; 0; 0)"
							Type="Hinge"
							MinLimit="-5"
							MaxLimit="10"
						>
							<Motor Damping="1" Spring="5" Type="Spring" />
						</Constraint>
					</Body>
					<Body _template="Gravity" Mass="2" ModelFrame="BoneWire2Hinge_cdt">
						<Constraint
							AxisLocal="(1; 0; 0)"
							Type="Hinge"
							MinLimit="-50"
							MaxLimit="20"
						>
							<Motor Damping="0.2" Spring="0.2" Type="Spring" />
						</Constraint>
					</Body>
				</Body>
				<!--Wires-->
				<Body _template="Gravity" Mass="2" ModelFrame="BoneWire1Hinge_cdt">
					<Constraint
						AxisLocal="(1; 0; 0)"
						Type="Hinge"
						MinLimit="-20"
						MaxLimit="20"
					>
						<Motor Damping="0.2" Spring="0.2" Type="Spring" />
					</Constraint>
				</Body>
				<Body _template="Gravity" Mass="10" ModelFrame="BoneWire3_cdt">
					<Constraint
						AxisLocal="(0; 1; 0)"
						Type="Prismatic"
						MinLimit="-0.1"
						MaxLimit="0.1"
					>
						<Motor Damping="15" Spring="3000" Type="Spring" />
					</Constraint>
				</Body>
				<Body _template="Gravity" Mass="2" ModelFrame="BoneWire4_cdt">
					<Constraint
						AxisLocal="(0; 0; 1)"
						Type="Prismatic"
						MinLimit="-0.3"
						MaxLimit="0.3"
					>
						<Motor Damping="10" Spring="500" Type="Spring" />
					</Constraint>
				</Body>
				<Body _template="Gravity" Mass="5" ModelFrame="BoneWire5_cdt">
					<Constraint
						AxisLocal="(0; 1; 0)"
						Type="Prismatic"
						MinLimit="-0.1"
						MaxLimit="0.2"
					>
						<Motor Damping="20" Spring="1000" Type="Spring" />
					</Constraint>
				</Body>
				<Body _template="Gravity" Mass="6" ModelFrame="BoneWire6_cdt">
					<Constraint
						AxisLocal="(0; 0; 1)"
						Type="Prismatic"
						MinLimit="-0.1"
						MaxLimit="0.1"
					>
						<Motor Damping="20" Spring="1000" Type="Spring" />
					</Constraint>
				</Body>
				<Body _template="TieRod" ModelFrame="BoneTieRod_cdt" _template="Gravity">
					<Constraint
						AxisLocal="(0; 0; 1)"
						Name="TieRodSteer"
						MinLimit="-40"
						MaxLimit="40"
					/>
				</Body>
			</Body>
		</Body>
	</PhysicsModel>
	<ModelAttachments>
		<StopSignals>
			<Light _template="StopSignal" Pos="(-3.376; 0.635; 0)" />
			<Flare _template="StopSignal" Pos="(-3.312; 0.742; -0.273)" />
			<Flare _template="StopSignal" Pos="(-3.312; 0.742; 0.273)" />
		</StopSignals>
		<ReverseSignals>
			<Light _template="ReverseSignal" Color="g(220; 220; 200)" Pos="(-3.376; 0.635; 0)" />
			<Flare _template="ReverseSignal" Size="0.4" Pos="(-3.312; 0.742; -0.273)" />
			<Flare _template="ReverseSignal" Size="0.4" Pos="(-3.312; 0.742; 0.273)" />
			<Flare _template="BlueStreak" Color="g(220; 220; 200) x 0.05" Dir="(-1; 0; 0)" Size="0.4" Pos="(-3.312; 0.742; -0.273)" />
			<Flare _template="BlueStreak" Color="g(220; 220; 200) x 0.05" Dir="(-1; 0; 0)" Size="0.4" Pos="(-3.312; 0.742; 0.273)" />
		</ReverseSignals>
		<Ignition>
			<Light _template="IgnitionSignalWhite" Pos="(3.8; 1.013; 0.8)" />
			<Light _template="IgnitionSignalWhite" Pos="(3.8; 1.013; -0.8)" />
			<Light _template="IgnitionSignalRed" Pos="(-3.7; 1.025; -0)" />
			<Flare _template="IgnitionSignalWhite" Color="g(165; 149; 130) x 0.9" DirAngle="120" Size="0.4" Pos="(3.2; 1.017; -0.904)" ParentFrame="BoneCabinPrismatic_cdt" />
			<Flare _template="IgnitionSignalWhite" Color="g(165; 149; 130) x 0.9" DirAngle="120" Size="0.4" Pos="(3.2; 1.017; 0.904)" ParentFrame="BoneCabinPrismatic_cdt" />
			<Flare _template="IgnitionSignalWhite" Color="g(165; 149; 130) x 0.45" Size="0.2" Pos="(3.26; 1.422; -0.788)" ParentFrame="BoneCabinPrismatic_cdt" />
			<Flare _template="IgnitionSignalWhite" Color="g(165; 149; 130) x 0.45" Size="0.2" Pos="(3.26; 1.422; 0.788)" ParentFrame="BoneCabinPrismatic_cdt" />
			<Flare _template="Beacon" Size="0.3" Pos="(2.993; 1.666; -1.232)" ParentFrame="BoneCabinPrismatic_cdt" />
			<Flare _template="Beacon" Size="0.3" Pos="(2.993; 1.666; 1.232)" ParentFrame="BoneCabinPrismatic_cdt" />
			<Flare _template="IgnitionSignalRed" Size="0.12" Pos="(-3.312; 0.742; -0.273)" />
			<Flare _template="IgnitionSignalRed" Size="0.12" Pos="(-3.312; 0.742; 0.273)" />
		</Ignition>
		<HeadLight>
			<Model _template="HeadLightRay" Org="(3.182; 1.017; -0.904)" ParentFrame="BoneCabinPrismatic_cdt" />
			<Model _template="HeadLightRay" Org="(3.182; 1.017; 0.904)" ParentFrame="BoneCabinPrismatic_cdt" />
			<Flare _template="HeadLight" Pos="(3.182; 1.017; -0.904)" ParentFrame="BoneCabinPrismatic_cdt" />
			<Flare _template="HeadLight" Pos="(3.182; 1.017; 0.904)" ParentFrame="BoneCabinPrismatic_cdt" />
			<Flare _template="BlueStreak" Pos="(3.182; 1.017; -0.904)" ParentFrame="BoneCabinPrismatic_cdt" />
			<Flare _template="BlueStreak" Pos="(3.182; 1.017; 0.904)" ParentFrame="BoneCabinPrismatic_cdt" />
		</HeadLight>
	</ModelAttachments>
	<Landmark Mesh="landmarks/international_transtar_4070a_lmk" MinScale="1.8" MaxScale="3.8" />
	<HeadLight _template="Default" Pos="(3.357; 0.832; 0)" ParentFrame="BoneCabinPrismatic_cdt" />
	<GameData
		Country="US"
		Price="17900"
		UnlockByExploration="false"
		UnlockByRank="6"
	>
		<WinchSocket Pos="(3.287; 0.7; 0)" ParentFrame="BoneCabin_cdt" />
		<WinchSocket Pos="(3.287; 0.7; -0.45)" ParentFrame="BoneCabin_cdt" />
		<WinchSocket Pos="(3.287; 0.7; 0.45)" ParentFrame="BoneCabin_cdt" />
		<WinchSocket Pos="(-0.42; 0.94; -0.44)" />
		<WinchSocket Pos="(-0.42; 0.94; 0.44)" />
		<WinchSocket Pos="(-3.285; 0.89; 0)" />
		<UiDesc
			UiDesc="UI_VEHICLE_INTERNATIONAL_TRANSTAR_4070A_DESC"
			UiIcon30x30="highwayVehicleImg30"
			UiIcon328x458="shopImgTranstar4070"
			UiIcon40x40="highwayVehicleImg"
			UiIconLogo="InternationalNavistarLogo80"
			UiName="UI_VEHICLE_INTERNATIONAL_TRANSTAR_4070A_NAME"
		/>
		<CustomizationCameras>
			<CameraPos FOV="32.0" Interior="true" Name="roof_sticker" InterestPosition="(5.503; 0.94; -0.62)" Position="(8.076; 4.463; -0.333)" />
			<CameraPos FOV="32.0" Interior="true" Name="sticker_1" InterestPosition="(6.177; -0.045; 2.232)" Position="(6.339; 2.377; -0.793)" />
			<CameraPos FOV="32.0" Name="addon_1" InterestPosition="(2.488; 1.994; -0)" MaxXRotation="360" MaxYRotation="360" MaxZoom="2" Position="(-5.538; 3.78; 6.364)" />
			<CameraPos FOV="32.0" Name="addon_2" InterestPosition="(6.094; 1.716; 0)" MaxXRotation="360" MaxYRotation="360" MaxZoom="2" Position="(10.936; 4.516; -3.212)" />
			<CameraPos FOV="32.0" Interior="true" Name="mirror_mount" InterestPosition="(10.134; 2.791; 2.414)" Position="(6.015; 2.377; -0.793)" />
			<CameraPos FOV="32.0" Name="side_r" InterestPosition="(5.601; 1.97; 0)" MaxXRotation="360" MaxYRotation="360" MaxZoom="2" Position="(3.352; 1.747; -7.216)" />
			<CameraPos FOV="32.0" Interior="true" Name="sticker" InterestPosition="(8.263; -0.08; 2.447)" Position="(6.274; 2.642; -0.04)" />
			<CameraPos FOV="32.0" Interior="true" Name="door_r_sticker" InterestPosition="(8.615; 1.383; 0)" Position="(5.762; 1.878; 2.639)" />
			<CameraPos FOV="32.0" Name="roof" InterestPosition="(5.735; 2.091; 0)" MaxXRotation="360" MaxYRotation="360" MaxZoom="2" Position="(0.191; 4.643; 4.422)" />
			<CameraPos FOV="32.0" Interior="true" Name="glass_sticker" InterestPosition="(6.058; 1.99; -1.29)" Position="(9.552; 3.16; 1.193)" />
			<CameraPos FOV="32.0" Name="hoods" InterestPosition="(6.094; 1.716; 0)" MaxXRotation="360" MaxYRotation="360" MaxZoom="2" Position="(10.936; 4.516; -3.212)" />
			<CameraPos FOV="32.0" Name="hoods_default" InterestPosition="(5.997; 1.735; 0)" MaxXRotation="360" MaxYRotation="360" MaxZoom="2" Position="(13.213; 1.446; -3.663)" />
			<CameraPos FOV="32.0" Interior="true" Name="sticker_2" InterestPosition="(8.153; 4.391; 1.898)" Position="(6.4; 2.197; -0.509)" />
			<CameraPos FOV="32.0" Name="side_l" InterestPosition="(4.104; 0.673; 0)" MaxXRotation="360" MaxYRotation="360" MaxZoom="2" Position="(2.058; 3.425; -3.441)" />
			<CameraPos FOV="32.0" Interior="true" Name="bubble_head" InterestPosition="(9.879; 1.04; 1.374)" Position="(6.398; 2.350; -0.905)" />
			<CameraPos FOV="32.0" Name="wheels" InterestPosition="(5.855; 0.77; 0)" MaxXRotation="360" MaxYRotation="360" MaxZoom="2" Position="(8.851; 0.966; -4.483)" />
			<CameraPos FOV="32.0" Name="default" InterestPosition="(5.997; 1.735; 0)" MaxXRotation="360" MaxYRotation="360" MaxZoom="2" Position="(13.213; 1.446; -3.663)" />
			<CameraPos FOV="32.0" Name="rear" InterestPosition="(0.479; 0.992; -0)" MaxXRotation="360" MaxYRotation="360" MaxZoom="2" Position="(-5.767; 1.805; 2.899)" />
			<CameraPos FOV="32.0" Interior="true" Name="door_l_sticker" InterestPosition="(6.502; 1.49; 0)" Position="(5.659; 1.806; -2.543)" />
			<CameraPos FOV="32.0" Interior="true" Name="curtain" InterestPosition="(10.134; 2.791; 2.414)" Position="(6.015; 2.377; -0.793)" />
		</CustomizationCameras>
		<CraneSocket Pos="(3.287; 0.7; 0)" ParentFrame="BoneCabin_cdt" />
		<CraneSocket Pos="(3.287; 0.7; -0.45)" ParentFrame="BoneCabin_cdt" />
		<CraneSocket Pos="(3.287; 0.7; 0.45)" ParentFrame="BoneCabin_cdt" />
		<CraneSocket Pos="(-0.42; 0.94; -0.44)" />
		<CraneSocket Pos="(-0.42; 0.94; 0.44)" />
		<CraneSocket Pos="(-3.285; 0.89; 0)" />
		<CraneSocket Pos="(2.1; 2.78; 0)" />
		<AddonSockets>
			<Socket 
				Names="InternationalPaystar5070CabinProtector"
				NamesBlock="FrameAddonTow, FrameAddonTowPlatform, LogLift, MinicraneUS, BigCraneUs, BigCraneUsWS4964, FrameAddon, FrameAddonTank, FrameAddonKung, MetalDetector" 
				Offset="(0.7; -0.166; 0)" ParentFrame="BoneCabin_cdt"  
			/>
		</AddonSockets>
		<AddonSockets>	
			<Socket Names="LogLift" Dir="(0;0;-1)" Offset="(-0.51; 1.065; 0)" NamesBlock="FrameAddonTow, FrameAddonTowPlatform, BunkLog, SemitrailerOiltank, LargeSemitrailerOiltank, InternationalTranstar4070aSpareWheel, FrameAddon, FrameAddonKung, FrameAddonTank, FrameAddonMaintainer, FrameAddonLogShort, BigCraneUs, BigCraneUsWS4964, MinicraneUS, MetalDetector" />
		</AddonSockets>
		<AddonSockets>
			<Socket Names="FleetstarF2070ADiffLock" Offset="(0; 0; 0)" ParentFrame="BoneChassis_cdt" />
		</AddonSockets>
		<AddonSockets>
			<Socket Names="InternationalTranstar4070aSpareWheel" Offset="(0; 0; 0)" ParentFrame="BoneChassis_cdt">
				<ExtraParent Frame="BoneCabin_cdt" />
			</Socket>
		</AddonSockets>
		<AddonSockets>
			<Socket Names="LargeSemitrailer, LargeSemitrailerOiltank" Offset="(-2.084; 1.58; 0)" />
			<Socket Names="Semitrailer, SemitrailerOiltank" Offset="(-2.084; 1.384; 0)" >
				<AddonsShift Offset="(0; 0.2; 0)" Types="SaddleLow1" />
			</Socket>
			<Socket Names="Trailer" Offset="(-3.49; 0.886; 0)">
				<!-- <AddonsShift Offset="(0; 0; 0)" TrailerNamesBlock="Trailer" Types="MinicraneUS, FrameAddon" /> -->
			</Socket>
		</AddonSockets>
		<AddonSockets DefaultAddon="saddle_low">
			<Socket Names="BunkLog" Offset="(-5.484; 1.068; 0)" NamesBlock="MinicraneUS, MetalDetector" />
			<Socket Names="SaddleLow" Offset="(-2.084; 1.064; 0)">
				<ExtraParent Frame="BoneChassis_cdt" Offset="(0; 0; 0.01)" />
				<ExtraParent Frame="BoneChassis_cdt" Offset="(0; 0; -0.01)" />
			</Socket>
			<Socket Names="SaddleLow1" Offset="(-2.084; 1.064; 0)">
				<ExtraParent Frame="BoneChassis_cdt" Offset="(0; 0; 0.01)" />
				<ExtraParent Frame="BoneChassis_cdt" Offset="(0; 0; -0.01)" />
			</Socket>
			<Socket Names="SaddleHigh" Offset="(-2.084; 1.064; 0)">
				<ExtraParent Frame="BoneChassis_cdt" Offset="(0; 0; 0.01)" />
				<ExtraParent Frame="BoneChassis_cdt" Offset="(0; 0; -0.01)" />
			</Socket>
			<Socket Names="FrameAddon" Offset="(-1; 1.063; 0)">
				<AddonsShift Offset="(-1; 0; 0)" Types="MinicraneUS" />
			</Socket>
			<Socket Names="FrameAddonTowPlatform" Offset="(-0.5; 1.068; 0)" NamesBlock="MinicraneUS, MetalDetector, Trailer" />
			<Socket Names="FrameAddonTow" Offset="(-1.65; 1.068; 0)" NamesBlock="MinicraneUS, MetalDetector, Trailer" />
			<Socket Names="FrameAddonKung" Offset="(-1.62; 1.14; 0)" ParentFrame="BoneChassis_cdt">
				<ExtraParent Frame="BoneChassis_cdt" Offset="(0; 0; -0.12)" />
				<ExtraParent Frame="BoneChassis_cdt" Offset="(0; 0; 0.12)" />
			</Socket>
			<Socket Names="FrameAddonTank" Offset="(-2; 1.063; 0)" ParentFrame="BoneChassis_cdt" />
			<Socket Names="BigCraneUs" NamesBlock="MinicraneUS, Semitrailer" Offset="(-1.682; 1.065; 0)" />
			<!-- <Socket Names="BigCraneRu" NamesBlock="Minicrane, Semitrailer" Offset="(-1.9; 1.064; 0)" /> --> 
		</AddonSockets>
		<AddonSockets>
			<Socket Names="MetalDetector" NamesBlock="InternationalTranstar4070aSpareWheel, FrameAddonKung, FrameAddonTank, FrameAddon, BigCraneUs, BigCraneUsWS4964, SaddleHigh" Offset="(0.048; 0.011; 0)" ParentFrame="BoneChassis_cdt" />
			<Socket Names="MinicraneUS" NamesBlock="FrameAddonKung, FrameAddonTank" Offset="(0.9; 1.07; 0)">
				<ExtraParent Frame="BoneChassis_cdt" Offset="(0; 0; -0.025)" />
				<ExtraParent Frame="BoneChassis_cdt" Offset="(0; 0; 0.025)" />
			</Socket>
		</AddonSockets>
		<AddonSockets DefaultAddon="international_transtar_4070a_bumper_default">
			<Socket Names="InternationalTranstar4070Bumper" Offset="(0; 0; 0)" ParentFrame="BoneCabin_cdt" />
		</AddonSockets>
		<AddonSockets DefaultAddon="international_transtar_4070a_exhaust">
			<Socket Names="InternationalTranstar4070Exhaust" Offset="(0; 0; 0)" ParentFrame="BoneChassis_cdt">
				<ExtraParent Frame="BoneCabin_cdt" />
				<ExtraParent Frame="BoneRightExhaust" />
			</Socket>
		</AddonSockets>
		<AddonSockets>
			<Socket Names="InternationalTranstar4070Snorkel" Offset="(0; 0; 0)" ParentFrame="BoneChassis_cdt">
				<ExtraParent Frame="BoneCabin_cdt" />
				<ExtraParent Frame="BoneRightExhaust" />
			</Socket>
		</AddonSockets>
		<AddonSockets DefaultAddon="international_transtar_4070a_horn_default">
			<Socket Names="InternationalTranstar4070Horn" Offset="(0; 0; 0)" ParentFrame="BoneCabinPrismatic_cdt" />
		</AddonSockets>
		<AddonSockets DefaultAddon="international_transtar_4070a_gabarite_default">
			<Socket Names="InternationalTranstar4070Gabarite" Offset="(0; 0; 0)" ParentFrame="BoneCabinPrismatic_cdt" />
		</AddonSockets>
		<AddonSockets>
			<Socket Names="InternationalTranstar4070Beacon" Offset="(0; 0; 0)" ParentFrame="BoneCabinPrismatic_cdt" />
			<Socket Names="InternationalTranstar4070AirConditioner" Offset="(0; 0; 0)" ParentFrame="BoneCabinPrismatic_cdt" />
		</AddonSockets>
		<AddonSockets>
			<Socket Names="InternationalTranstar4070Visor" Offset="(0; 0; 0)" ParentFrame="BoneCabinPrismatic_cdt" />
		</AddonSockets>
		<AddonSockets DefaultAddon="international_transtar_4070a_fender_default">
			<Socket Names="InternationalTranstar4070Fender" Offset="(0; 0; 0)" ParentFrame="BoneChassis_cdt">
				<ExtraParent Frame="BoneCabin_cdt" />
			</Socket>
		</AddonSockets>
		<AddonSockets>
			<Socket
				InCockpit="true"
				Names="StuffDashboard"
				Offset="(3.126; 2.037; 0.508)"
				ParentFrame="BoneCabinPrismatic_cdt"
			/>
		</AddonSockets>
		<AddonSockets>
			<Socket InCockpit="true" Names="internationalTranstar4070aSticker_1x1_01" ParentFrame="BoneCabinPrismatic_cdt" />
		</AddonSockets>
		<AddonSockets>
			<Socket InCockpit="true" Names="internationalTranstar4070aSticker_1x1_02" ParentFrame="BoneCabinPrismatic_cdt" />
		</AddonSockets>
		<AddonSockets>
			<Socket InCockpit="true" Names="internationalTranstar4070aSticker_1x1_03" ParentFrame="BoneCabinPrismatic_cdt" />
		</AddonSockets>
		<AddonSockets>
			<Socket InCockpit="true" Names="internationalTranstar4070aSticker_1x2_01" ParentFrame="BoneCabinPrismatic_cdt" />
		</AddonSockets>
		<AddonSockets>
			<Socket InCockpit="true" Names="internationalTranstar4070aSticker_1x2_02" ParentFrame="BoneVisor_cdt" />
		</AddonSockets>
		<AddonSockets>
			<Socket InCockpit="true" Names="internationalTranstar4070aSticker_1x2_03" ParentFrame="BoneCabinPrismatic_cdt" />
		</AddonSockets>
		<AddonSockets>
			<Socket InCockpit="true" Names="internationalTranstar4070ASticker_GlassTop" ParentFrame="BoneCabinPrismatic_cdt" />
		</AddonSockets>
		<AddonSockets>
			<Socket InCockpit="true" Names="internationalTranstar4070ASticker_GlassBottom" ParentFrame="BoneCabinPrismatic_cdt" />
		</AddonSockets>
		<AddonSockets>
			<Socket Names="internationalTranstar4070ASticker_Door_R" ParentFrame="BoneCabinPrismatic_cdt" />
		</AddonSockets>
		<AddonSockets>
			<Socket Names="internationalTranstar4070ASticker_Door_L" ParentFrame="BoneCabinPrismatic_cdt" />
		</AddonSockets>
		<AddonSockets>
			<Socket Names="internationalTranstar4070ASticker_Roof" ParentFrame="BoneCabinPrismatic_cdt" />
		</AddonSockets>
		<AddonSockets>
			<Socket
				InCockpit="true"
				Names="StuffAirfreshener"
				Offset="(2.95; 2.76; 0.129)"
				ParentFrame="BoneCabinPrismatic_cdt"
			/>
			<Socket InCockpit="true" Names="StuffCurtainInternationalTranstar4070a" ParentFrame="BoneCabinPrismatic_cdt" />
		</AddonSockets>
		<AddonSockets>
			<Socket Names="AddonHornsSmall" NamesBlock="InternationalTranstar4070AirConditioner" Offset="(2.610; 2.815; 0)" ParentFrame="BoneCabinPrismatic_cdt" />
		</AddonSockets>
	</GameData>
	<ControlledConstraints>
		<Constraint Id="chassis_steer" IsLinkedSteering="true" Name="TieRodSteer" />
	</ControlledConstraints>
	<AutomaticIK>
		<IKBone ModelFrame="BoneTieRodHinge2" ParentFrame="BoneTieRod_cdt">
			<IKJoint AxisLocal="(1; 0; 0)" Type="Hinge2" />
			<IKBone
				AttachOffset="(0; 0; 0)"
				AttachToFrame="BoneRackL"
				ModelFrame="BoneTieRodPrismatic"
			>
				<IKJoint AxisLocal="(1; 0; 0)" Type="Slider" />
			</IKBone>
		</IKBone>
	</AutomaticIK>
</Truck>
