<_templates Include="trucks">
	<Wheel>
		<RearWheel
			ConnectedToHandbrake="true"
			Location="rear"
			Torque="default"
		/>
		<FrontWheel
			Location="front"
			SteeringAngle="28"
			SteeringCastor="5"
			SteeringJointOffset="0.3"
			Torque="default"
			ParentFrame="BoneChassis_cdt"
		/>
	</Wheel>
	<Body>
		<TieRod Mass="1">
			<Constraint
				AxisLocal="(0; -1; 0)"
				Type="Hinge"
				MinLimit="-80"
				MaxLimit="20"
			>
				<Motor
					Damping="1.0"
					Force="6000"
					Tau="1"
					Type="Position"
				/>
			</Constraint>
		</TieRod>
		<Sunshield
			CenterOfMassOffset="(0; 0; 0)"
			Collisions="None"
			ImpactType="Truck"
			Mass="2.5"
		>
			<Constraint
				AxisLocal="(0; 0; 1)"
				Type="Hinge"
				MinLimit="-7"
				MaxLimit="7"
			>
				<Motor Damping=".05" Spring="10" Type="Spring" />
			</Constraint>
		</Sunshield>
		<SideMirror Collisions="None" Mass="5">
			<Constraint
				AxisLocal="(0; 1; 0)"
				Type="Hinge"
				MinLimit="-15"
				MaxLimit="15"
			>
				<Motor Damping="0.1" Spring="100" Type="Spring" />
			</Constraint>
		</SideMirror>
	</Body>
</_templates>
<Truck>
	<TruckData
		BackSteerSpeed="0.06"
		DiffLockType="Installed"
		EngineIconMesh="env/engine_small"
		EngineIconScale="1"
		EngineStartDelay="1.7"
		ExhaustStartTime="1.6"
		FuelCapacity="78"
		FueltankMarkerOffset="(1; 0.4; 0)"
		Responsiveness="1"
		SteerSpeed="0.03"
		SuspensionMarkerOffset="(1; -0.3; 0)"
		TruckImage="khanMarshallmchr"
		TruckType="SCOUT"
	>
		<WinchUpgradeSocket Default="w_scout_default" IsUpgradable="true" Type="winches_scouts" />
		<Wheels
			DefaultRim="rim_1"
			DefaultTire="mudtires_2"
			DefaultWheelType="wheels_scout_yar_871"
		>
			<Wheel _template="FrontWheel" Pos="(1.412; 0.56; 0.76)" />
			<Wheel _template="FrontWheel" RightSide="true" Pos="(1.412; 0.56; 0.76)" />
			<Wheel _template="RearWheel" Pos="(-1.166; 0.519; 0.76)" />
			<Wheel _template="RearWheel" RightSide="true" Pos="(-1.166; 0.519; 0.76)" />
		</Wheels>
		<SuspensionSocket
			Default="khan_39_marshall_suspension_default"
			Type="s_khan_39_marshall"
			MaxWheelRadiusWithoutSuspension="0.44"
		/>
		<SteeringWheel Frame="BoneSteering" />
		<SteeringRack
			Frame="BoneRack"
			FrameSteerLeft="BoneRackLeft"
			FrameSteerRight="BoneRackRight"
			RackHalfSizeZ="0.627"
		/>
		<Steam Origin="(1.402; 0.639; 0)" />
		<SoundsWheels _template="Default" />
		<SoundsDamage _template="Scout" />
		<Sounds
			_template="Default"
			DisableReversePitch="true"
			MinDist="8.0"
			Origin="(1.28; 1.3; 0)"
		>
			<GearFail		Sound="trucks/common/truck_gear_wrong/truck_gear_wrong_small_old" />
			<Gear			Sound="trucks/common/truck_gear_shift_light_rnd_set/truck_gear_shift_light_rnd" />
			<Handbrake		Sound="trucks/khan_39_marshall/khan_39_marshall_handbrake_on" />
			<HandbrakeOff	Sound="trucks/khan_39_marshall/khan_39_marshall_handbrake_off" />
			<Honk			Sound="trucks/khan_39_marshall/khan_39_marshall_honk" />
			<Reverse		Sound="" />
			<BrakePull		Sound="" />
			<BrakeRelease	Sound="" />
			<BrakesSqueal	Sound="trucks/khan_39_marshall/khan_39_marshall_brakes_squeal" />
			<EngineRev		Sound="trucks/khan_39_marshall/khan_39_marshall_rev" />
			<EngineAccel	Sound="trucks/khan_39_marshall/khan_39_marshall_acc" />
			<EngineStart	Sound="trucks/khan_39_marshall/khan_39_marshall_start" />
			<EngineStop		Sound="trucks/khan_39_marshall/khan_39_marshall_stop" />
			<EngineIdle		Sound="trucks/khan_39_marshall/khan_39_marshall_idle" />
			<EngineIdle_2d	Sound="trucks/khan_39_marshall/khan_39_marshall_idle_2d"	IsSound2D="true" />
			<EngineLow		Sound="trucks/khan_39_marshall/khan_39_marshall_low" />
			<EngineLow_2d	Sound="trucks/khan_39_marshall/khan_39_marshall_low_2d"	IsSound2D="true" />
			<EngineHigh		Sound="trucks/khan_39_marshall/khan_39_marshall_high" />
			<EngineHigh_2d	Sound="trucks/khan_39_marshall/khan_39_marshall_high_2d"	IsSound2D="true" />
			<EngineHeavy	Sound="" />
			<EngineHeavy_2d	Sound=""	IsSound2D="true" />
		</Sounds>
		<Shakers>
			<Shaker Frame="BoneExhaust" MinAngle="(0.5; 0.5; 0.5)" MaxAngle="(1.8; 1.8; 1.8)" MaxFrequency="3.8" />
			<Shaker Frame="BoneGearstick" MinAngle="(0.6; 0.6; 0.6)" MaxAngle="(0.8; 0.8; 0.8)" MaxFrequency=".8" />
		</Shakers>
		<Shafts>
			<Shaft Mesh="env/minishaft" SocketPointA="Shaft1a" SocketPointB="Shaft1b" />
			<Shaft Mesh="env/minishaft" SocketPointA="Shaft2a" SocketPointB="Shaft2b" />
		</Shafts>
		<OcclusionMap
			HalfSizeZ="1.4"
			Texture="trucks/occlusion/chassis_small__s_d_a.tga"
			MinX="-2.3"
			MaxX="2.35"
		/>
		<GearboxSocket Default="g_scout_default" Type="gearboxes_scouts" />
		<FuelTank DamageCapacity="50" />
		<Exhaust
			Dir="(-0.808; -0.589; 0)"
			IsLight="true"
			Origin="(-1.971; 0.701; 0.315)"
			Speed="2.0"
		/>
		<EngineSocket Default="ru_scout_old_engine_0" Type="e_ru_scout_old, e_ru_scout_modern" />
		<Driver AnimationSet="Scout" Pos="(0.099; 1.354; 0.414)" SteeringWheelPos="(0.371; 1.729; 0.417)" />
		<Dashboard>
			<Gauge Damping="0.99" Dir="(-0.884; 0.468; 0)" InputRange="(0;1)" InputType="fuel" Mesh="trucks/arrows/khan_39_marshall_arrow_1" Org="(0.539; 1.628; 0.097)" OutputAngles="(-56; 56)" />
			<Gauge Damping="0.99" Dir="(-0.884; 0.468; 0)" InputRange="(0;1)" InputType="engineEnabled" Mesh="trucks/arrows/khan_39_marshall_arrow_1" Org="(0.539; 1.628; 0.03)" OutputAngles="(-56; 7)" />
			<Gauge Damping="0.99" Dir="(-0.884; 0.468; 0)" InputRange="(0;1)" InputType="engineEnabled" Mesh="trucks/arrows/khan_39_marshall_arrow_1" Org="(0.539; 1.628; -0.03)" OutputAngles="(-52; -9)" />
			<Gauge Damping="0.99" Dir="(-0.884; 0.468; 0)" InputRange="(0;1)" InputType="engineEnabled" Mesh="trucks/arrows/khan_39_marshall_arrow_1" Org="(0.539; 1.628; -0.097)" OutputAngles="(-50; 28)" />
			<Gauge Dir="(-0.881; 0.472; 0.008)" InputRange="(0;160)" InputType="speed" Mesh="trucks/arrows/khan_39_marshall_arrow_2" Org="(0.553; 1.65; 0.191)" OutputAngles="(-121; 94)" />
			<Gauge Damping="0.99" Dir="(-0.881; 0.472; 0.008)" InputRange="(0;1)" InputType="rpm" Mesh="trucks/arrows/khan_39_marshall_arrow_2" Org="(0.553; 1.65; -0.191)" OutputAngles="(-120; 107)" />
		</Dashboard>
		<Damage>
			<DamageArea Type="Engine" Min="(0.7; 0.8; -0.28)" Max="(1.9; 1.55; 0.28)" ParentFrame="BoneChassis_cdt" />
			<DamageArea Type="FuelTank" Min="(-0.5; 0.75; -0.85)" Max="(0.7; 1; 0.85)" ParentFrame="BoneChassis_cdt" />
		</Damage>
		<!--35"-->
		<CompatibleWheels OffsetZ="0.02" Scale="0.4445" Type="wheels_scout_apache_1" />
		<CompatibleWheels OffsetZ="0.06" Scale="0.4445" Type="wheels_gor_by4" />
		<!--37"-->
		<CompatibleWheels OffsetZ="0.02" Scale="0.47" Type="wheels_scout_apache_1" />
		<CompatibleWheels OffsetZ="0.07" Scale="0.47" Type="semitrailer_flatbed_4" />
		<!--<CompatibleWheels OffsetZ="0.07" Scale="0.47" Type="wheels_scout_yar_871" />-->
		<CompatibleWheels OffsetZ=".1" Scale="0.5" Type="wheels_scout_mudtires" />
		<!--44"-->
		<CompatibleWheels OffsetZ="0.10" Scale="0.56" Type="wheels_scout_yar_871" />
		<CompatibleWheels OffsetZ="0.12" Scale="0.56" Type="wheels_medium_mudtires_actaeon" />
		<CompatibleWheels OffsetZ=".1" Scale="0.56" Type="wheels_scout_yar87_mudtires" />
		<!--<CompatibleWheels OffsetZ="0.18" Scale="0.57" Type="wheels_medium_mudtires_ankmk38" />-->
		<CompatibleWheels OffsetZ="0.10" Scale="0.65" Type="wheels_scout_yar_871" />
		<!--DLC 13.5 Rezvani Tank-->
		<CompatibleWheels OffsetZ="0.02" Scale="0.4445" Type="wheels_scout_allterrain" />
		<CompatibleWheels OffsetZ="0.02" Scale="0.4445" Type="wheels_scout_allterrain_chain" />

		<!--PREMIUM-->
		<CompatibleWheels OffsetZ="0.05" Scale="0.48" Type="wheels_scout_pack1_alligator/3526085"/>
		<CompatibleWheels OffsetZ="0.08" Scale="0.45" Type="wheels_avtoros_m_trim1/3526085"/>
		<CompatibleWheels Scale="0.42" Type="wheels_scout_pack1/3526085" />
		<CompatibleWheels OffsetZ="0.04" Scale="0.44" Type="wheels_scout_pack4/3526085" />
		<CompatibleWheels OffsetZ="0.02" Scale="0.45" Type="wheels_scout_pack3/3526085" />
		<CompatibleWheels OffsetZ="0.02" Scale="0.47" Type="wheels_scout_pack3/3526085" />
		<CompatibleWheels OffsetZ="0.08" Scale="0.6" Type="wheels_scout_trekol2/3526085"/>
		<CompatibleWheels Scale="0.65" Type="wheels_4NS_single/3526085"	OffsetZ="0.10" />
		<CompatibleWheels OffsetZ="0.07" Scale="0.48" Type="wheels_scout_pack4/3526085" />
		<Camera Center="(-1.2; 0; 0)" RadiusMultiplier="0.8">
			<Cockpit
				_template="Default"
				WindshieldDiffuseTexture="trucks/khan_39_marshall_glass__d_a.tga"
				WindshieldShadingTexture="trucks/khan_39_marshall_glass__sh_d.tga"
				ViewPos="(-0.03; 2; 0.421)"
			>
				<Mirror ClipDir="(-0.969; 0.066; -0.239)" FOVScale="0.9" MeshFrame="mirror_left" ReflectionDir="(-0.946; 0.137; -0.292)" Size="(0.17; 0.2)" Pos="(0.548; 1.759; 0.893)" />
				<Mirror ClipDir="(-0.847; 0.02; 0.525)" FOVScale="0.9" MeshFrame="mirror_right" ReflectionDir="(-0.855; 0.088; 0.512)" Size="(0.17; 0.2)" Pos="(0.5; 1.759; -0.876)" />
				<Mirror ClipDir="(-1; 0; 0)" ClipOffset="0.1" FOVScale="1.75" MeshFrame="hp_cab_mirror" ReflectionDir="(-0.937; -0.07; 0.342)" Size="(0.175; 0.08)" Pos="(0.435; 2.038; 0)" />
			</Cockpit>
		</Camera>
		<Axles>
			<Axle Frame="BoneAxle1" />
			<Axle Frame="BoneAxle2" />
		</Axles>
	</TruckData>
	<Snorkel Origin="(1.92; 1.279; 0)" />
	<PhysicsModel Mesh="trucks/khan_39_marshall">
		<NetSync Legacy="false" />
		<Body _template="Gravity"
			CenterOfMassOffset="(-0.3; -0.3; 0)"
			ImpactType="Truck"
			Mass="1500"
			ModelFrame="BoneChassis_cdt"
			NetSync="pv"
		>
			<Body _template="TieRod" ModelFrame="BoneTieRod_cdt" _template="Gravity">
				<Constraint Name="TieRodSteer" />
			</Body>
			<Body _template="SideMirror" ModelFrame="BoneMirrorRight_cdt" _template="Gravity"/>
			<Body _template="SideMirror" ModelFrame="BoneMirrorLeft_cdt" _template="Gravity"/>
			<Body _template="Sunshield" ModelFrame="BoneSunshieldRight_cdt" _template="Gravity"/>
			<Body _template="Sunshield" ModelFrame="BoneSunshieldLeft_cdt" _template="Gravity"/>
			<Body Mass="0.2" ModelFrame="BoneKey_cdt">
				<Constraint
					AxisLocal="(1; 0; 0)"
					Type="Hinge"
					MinLimit="-30"
					MaxLimit="50"
				>
					<Motor Damping="0.001" Spring="0.001" Type="Spring" />
				</Constraint>
			</Body>
			<Body _template="Mudguard" ModelFrame="BoneMudguardLeftFront_cdt" _template="Gravity">
				<Constraint AxisLocal="(0; 0; 1)" MinLimit="-50" MaxLimit="18" />
			</Body>
			<Body _template="Mudguard" ModelFrame="BoneMudguardRightFront_cdt" _template="Gravity">
				<Constraint AxisLocal="(0; 0; 1)" MinLimit="-50" MaxLimit="18" />
			</Body>
			<Body _template="Mudguard" ModelFrame="BoneMudguardLeftRear_cdt" _template="Gravity">
				<Constraint AxisLocal="(0; 0; 1)" MinLimit="-50" MaxLimit="15" />
			</Body>
			<Body _template="Mudguard" ModelFrame="BoneMudguardRightRear_cdt" _template="Gravity">
				<Constraint AxisLocal="(0; 0; 1)" MinLimit="-50" MaxLimit="15" />
			</Body>
			<Body Collisions="None" Mass="1" ModelFrame="BoneBelt1_cdt" _template="Gravity">
				<Constraint
					AxisLocal="(0; 0; 1)"
					Type="Prismatic"
					MinLimit="-0.01"
					MaxLimit="0.03"
				>
					<Motor Damping="30" Spring="200" Type="Spring" />
				</Constraint>
			</Body>
			<Body Collisions="None" Mass="1" ModelFrame="BoneBelt2_cdt" _template="Gravity">
				<Constraint
					AxisLocal="(0; 0; 1)"
					Type="Prismatic"
					MinLimit="-0.01"
					MaxLimit="0.03"
				>
					<Motor Damping="30" Spring="200" Type="Spring" />
				</Constraint>
			</Body>
			<Body Collisions="None" Mass="1" ModelFrame="BoneBelt3_cdt" _template="Gravity">
				<Constraint
					AxisLocal="(0; 1; 0)"
					PivotOffset="(0; 0; 0)"
					Type="Hinge"
					MinLimit="-3"
					MaxLimit="3"
				>
					<Motor Damping="1" Spring="1" Type="Spring" />
				</Constraint>
			</Body>
		</Body>
	</PhysicsModel>
	<ModelAttachments>
		<StopSignals>
			<Light _template="StopSignal" Pos="(-1.969; 1.286; 0)" ParentFrame="BoneChassis_cdt" />
			<Flare _template="StopSignal" Size="0.2" Pos="(-1.843; 1.467; -0.717)" ParentFrame="BoneChassis_cdt" />
			<Flare _template="StopSignal" Size="0.2" Pos="(-1.843; 1.467; 0.717)" ParentFrame="BoneChassis_cdt" />
		</StopSignals>
		<ReverseSignals>
			<Light _template="ReverseSignal" Color="g(255; 255; 255)" Pos="(-1.969; 1.323; 0)" ParentFrame="BoneChassis_cdt" />
			<Flare _template="ReverseSignal" Size="0.25" Pos="(-1.843; 1.323; -0.717)" ParentFrame="BoneChassis_cdt" />
			<Flare _template="ReverseSignal" Size="0.25" Pos="(-1.843; 1.323; 0.717)" ParentFrame="BoneChassis_cdt" />
			<Flare _template="BlueStreak" Color="g(255; 255; 255) x 0.05" Dir="(-1; 0; 0)" Size="0.4" Pos="(-1.843; 1.323; -0.717)" ParentFrame="BoneChassis_cdt" />
			<Flare _template="BlueStreak" Color="g(255; 255; 255) x 0.05" Dir="(-1; 0; 0)" Size="0.4" Pos="(-1.843; 1.323; 0.717)" ParentFrame="BoneChassis_cdt" />
		</ReverseSignals>
		<Ignition>
			<Light _template="IgnitionSignalWhite" Pos="(1.907; 1.392; -0.525)" ParentFrame="BoneChassis_cdt" />
			<Light _template="IgnitionSignalWhite" Pos="(1.907; 1.392; 0.525)" ParentFrame="BoneChassis_cdt" />
			<Light _template="IgnitionSignalRed" Pos="(-1.843; 1.395; -0.716)" ParentFrame="BoneChassis_cdt" />
			<Light _template="IgnitionSignalRed" Pos="(-1.843; 1.395; 0.716)" ParentFrame="BoneChassis_cdt" />
			<Flare _template="IgnitionSignalWhite" Color="g(165; 149; 130) x .7" DirAngle="120" Size="0.3" Pos="(1.907; 1.392; 0.525)" ParentFrame="BoneChassis_cdt" />
			<Flare _template="IgnitionSignalWhite" Color="g(165; 149; 130) x .7" DirAngle="120" Size="0.3" Pos="(1.907; 1.392; -0.525)" ParentFrame="BoneChassis_cdt" />
			<Flare _template="IgnitionSignalRed" Size="0.2" Pos="(-1.843; 1.393; -0.716)" ParentFrame="BoneChassis_cdt" />
			<Flare _template="IgnitionSignalRed" Size="0.2" Pos="(-1.843; 1.393; 0.716)" ParentFrame="BoneChassis_cdt" />
		</Ignition>
		<HeadLight>
			<Model _template="HeadLightRay" Org="(1.907; 1.392; 0.525)" />
			<Model _template="HeadLightRay" Org="(1.907; 1.392; -0.525)" />
			<Flare _template="HeadLight" Color="g(255; 235; 195) x 0.5" Size="0.5" Pos="(1.907; 1.392; -0.525)" />
			<Flare _template="HeadLight" Color="g(255; 235; 195) x 0.5" Size="0.5" Pos="(1.907; 1.392; 0.525)" />
			<Flare _template="BlueStreak" Color="g(220; 220; 255) x 0.05" Size="0.5" Pos="(1.907; 1.392; -0.525)" />
			<Flare _template="BlueStreak" Color="g(220; 220; 255) x 0.05" Size="0.5" Pos="(1.907; 1.392; 0.525)" />
		</HeadLight>
	</ModelAttachments>
	<Landmark Mesh="landmarks/khan_39_marshall_lmk" MinScale="1.8" MaxScale="3.8" />
	<HeadLight _template="Default" Pos="(2.178; 1.377; 0)" />
	<GameData
		Country="RU,CAS"
		Price="2700"
		Recallable="true"
		UnlockByExploration="false"
		UnlockByRank="1"
	>
		<WinchSocket Pos="(-2.062; 1.043; 0)" />
		<WinchSocket Pos="(-0.163; 0.845; 0.862)" />
		<WinchSocket Pos="(-0.163; 0.845; -0.862)" />
		<WinchSocket Pos="(2.120; 0.958; 0.315)" />
		<WinchSocket Pos="(2.120; 0.958; -0.315)" />
		<WinchSocket Pos="(2.120; 0.958; 0)" />
		<UiDesc
			UiDesc="UI_VEHICLE_KHAN_39_MARSHALL_DESC"
			UiIcon30x30="scoutVehicleImg30"
			UiIcon328x458="shopImgKhan39Marshal"
			UiIcon40x40="scoutVehicleImg"
			UiIconLogo="KhanLogo80"
			UiName="UI_VEHICLE_KHAN_39_MARSHALL_NAME"
		/>
		<CustomizationCameras>
			<CameraPos FOV="32.0" Name="addon_1" InterestPosition="(4.616; 1.747; 0)" MaxXRotation="360" MaxYRotation="360" MaxZoom="2" Position="(-0.75; 4.237; 5.28)" />
			<CameraPos FOV="32.0" Name="addon_2" InterestPosition="(5.049; 0.753; -0)" MaxXRotation="360" MaxYRotation="360" MaxZoom="2" Position="(9.986; 2.494; -3.936)" />
			<CameraPos FOV="32.0" Name="side_r" InterestPosition="(6.387; 1.501; 0)" MaxXRotation="360" MaxYRotation="360" MaxZoom="2" Position="(9.381; 2.79; 3.583)" />
			<CameraPos FOV="32.0" Name="roof" InterestPosition="(3.76; 2.358; -0)" MaxXRotation="360" MaxYRotation="360" MaxZoom="2" Position="(9.194; 4.675; 5.039)" />
			<CameraPos FOV="32.0" Name="side_l" InterestPosition="(5.274; 0.632; 0)" MaxXRotation="360" MaxYRotation="360" MaxZoom="2" Position="(0.952; 1.73; 2.678)" />
			<CameraPos FOV="32.0" Name="hoods" InterestPosition="(6.197; 1.39; 0)" MaxXRotation="360" MaxYRotation="360" MaxZoom="2" Position="(12.073; 1.463; -3.949)" />
			<CameraPos FOV="32.0" Name="wheels" InterestPosition="(0; 0.669; -1.5)" MaxXRotation="360" MaxYRotation="360" MaxZoom="2" Position="(13; 2; 4)" />
			<CameraPos FOV="32.0" Name="default" InterestPosition="(6.197; 1.39; 0)" MaxXRotation="360" MaxYRotation="360" MaxZoom="2" Position="(12.073; 1.463; -3.949)" />
			<CameraPos FOV="32.0" Name="rear" InterestPosition="(4.646; 1.589; 0)" MaxXRotation="360" MaxYRotation="360" MaxZoom="2" Position="(0.452; 2.566; 2.073)" />
			<CameraPos FOV="32.0" Interior="true" Name="sticker_1" InterestPosition="(7.736; 0.802; 0.916)" Position="(5.336; 2.076; -0.461)" />
			<CameraPos FOV="32.0" Interior="true" Name="hood_ornament" InterestPosition="(7.506; 1.596; -1.231)" Position="(8.557; 1.912; -1.231)" />
			<CameraPos FOV="32.0" Interior="true" Name="glass_sticker" InterestPosition="(6.015; 1.929; -0.893)" Position="(8.721; 2.485; 0.569)" />
			<CameraPos FOV="32.0" Interior="true" Name="roof_sticker" InterestPosition="(5.838; 2.705; -0.567)" Position="(6.817; 7.492; 0.032)" />
			<CameraPos FOV="32.0" Interior="true" Name="mirror_mount" InterestPosition="(7.736; 1.681; 1.811)" Position="(5.095; 1.925; -0.461)" />
			<CameraPos FOV="32.0" Interior="true" Name="sticker" InterestPosition="(7.736; 2.894; 2.275)" Position="(5.095; 1.925; -0.461)" />
			<CameraPos FOV="32.0" Interior="true" Name="door_r_sticker" InterestPosition="(7.245; 0.895; -0.013)" Position="(4.916; 1.776; 2.909)" />
			<CameraPos FOV="32.0" Interior="true" Name="capote_sticker" InterestPosition="(7.274; 1.476; -0.801)" Position="(8.860; 5.008; -0.202)" />
			<CameraPos FOV="32.0" Interior="true" Name="sticker_2" InterestPosition="(7.736; 1.164; 1.98)" Position="(5.171; 1.988; 0.167)" />
			<CameraPos FOV="32.0" Interior="true" Name="bubble_head" InterestPosition="(7.736; 1.681; 1.811)" Position="(5.095; 1.925; -0.461)" />
			<CameraPos FOV="32.0" Interior="true" Name="door_l_sticker" InterestPosition="(4.929; 1.208; -0.761)" Position="(4.94; 1.829; -2.884)" />
		</CustomizationCameras>
		<CraneSocket Pos="(-2.062; 1.043; 0)" />
		<CraneSocket Pos="(-0.163; 0.845; 0.862)" />
		<CraneSocket Pos="(-0.163; 0.845; -0.862)" />
		<CraneSocket Pos="(-0.2; 2.3; 0)" />
		<CraneSocket Pos="(2.120; 0.958; 0.315)" />
		<CraneSocket Pos="(2.120; 0.958; -0.315)" />
		<CraneSocket Pos="(2.120; 0.958; 0)" />
		<AddonSockets>
			<Socket 
				Names="Khan317SpotLight" 
				NamesBlock="KHAN39MarshallRooftopTrunk"
				Offset="(-1.7; 0.23; 0)" 
			/>
		</AddonSockets>
		<AddonSockets>
			<Socket Names="Tuz166SpotLight" Offset="(0.17; 0.32; 0.13)" />
		</AddonSockets>
		<AddonSockets DefaultAddon="khan_39_marshall_snorkel_default">
			<Socket Names="KHAN39MarshallSnorkel" Offset="(0; 0; 0)" ParentFrame="BoneChassis_cdt" />
		</AddonSockets>
		<AddonSockets DefaultAddon="khan_39_marshall_bumper_default">
			<Socket Names="KHAN39MarshallBumper" Offset="(0; 0; 0)" ParentFrame="BoneChassis_cdt" />
			<Socket Names="KHAN39MarshallBumperCable" Offset="(0; 0; 0)" ParentFrame="BoneChassis_cdt">
				<ExtraParent Frame="BoneChassis_cdt" />
			</Socket>
		</AddonSockets>
		<AddonSockets DefaultAddon="khan_39_marshall_bumper_rear_default">
			<Socket Names="KHAN39MarshallBumperRear" Offset="(0; 0; 0)" ParentFrame="BoneChassis_cdt" />
			<Socket Names="KHAN39MarshallBumperRear2" Offset="(0; 0; 0)" ParentFrame="BoneChassis_cdt">
				<ExtraParent Frame="BoneChassis_cdt" />
			</Socket>
		</AddonSockets>
		<AddonSockets DefaultAddon="khan_39_marshall_wheel_addon_default">
			<Socket Names="KHAN39MarshallWheelAddon" Offset="(0.01; 0.19; 0)" ParentFrame="BoneChassis_cdt">
				<ExtraParent Frame="BoneChassis_cdt" />
			</Socket>
		</AddonSockets>
		<AddonSockets DefaultAddon="khan_39_marshall_diff_lock_default">
			<Socket Names="KHAN39MarshallDiffLock" Offset="(0; 0; 0)" ParentFrame="BoneChassis_cdt" />
		</AddonSockets>
		<AddonSockets>
			<Socket Names="KHAN39MarshallExpander" Offset="(0; 0; 0)" ParentFrame="BoneChassis_cdt" />
		</AddonSockets>
		<AddonSockets>
			<Socket Names="KHAN39MarshallThreshold" Offset="(0; 0; 0)" ParentFrame="BoneChassis_cdt" />
		</AddonSockets>
		<AddonSockets>
			<Socket Names="KHAN39MarshallRooftopTrunk" Offset="(0; 0; 0)" ParentFrame="BoneChassis_cdt" />
		</AddonSockets>
		<AddonSockets>
			<Socket InCockpit="true" Names="khan39MarshallSticker_1x1_01" ParentFrame="BoneChassis_cdt" />
		</AddonSockets>
		<AddonSockets>
			<Socket InCockpit="true" Names="khan39MarshallSticker_1x1_02" ParentFrame="BoneChassis_cdt" />
		</AddonSockets>
		<AddonSockets>
			<Socket InCockpit="true" Names="khan39MarshallSticker_1x1_03" ParentFrame="BoneChassis_cdt" />
		</AddonSockets>
		<AddonSockets>
			<Socket InCockpit="true" Names="khan39MarshallSticker_1x2_01" ParentFrame="BoneChassis_cdt" />
		</AddonSockets>
		<AddonSockets>
			<Socket InCockpit="true" Names="khan39MarshallSticker_1x2_02" ParentFrame="BoneChassis_cdt" />
		</AddonSockets>
		<AddonSockets>
			<Socket InCockpit="true" Names="khan39MarshallSticker_1x4_01" ParentFrame="BoneChassis_cdt" />
		</AddonSockets>
		<AddonSockets>
			<Socket Names="khan39MarshallSticker_Roof" ParentFrame="BoneChassis_cdt" />
		</AddonSockets>
		<AddonSockets>
			<Socket InCockpit="true" Names="khan39MarshallSticker_Capote" ParentFrame="BoneChassis_cdt" />
		</AddonSockets>
		<AddonSockets>
			<Socket InCockpit="true" Names="khan39MarshallSticker_Door_L" ParentFrame="BoneChassis_cdt" />
		</AddonSockets>
		<AddonSockets>
			<Socket Names="khan39MarshallSticker_Door_R" ParentFrame="BoneChassis_cdt" />
		</AddonSockets>
		<AddonSockets>
			<Socket InCockpit="true" Names="khan39MarshallSticker_GlassTop" ParentFrame="BoneChassis_cdt" />
		</AddonSockets>
		<AddonSockets>
			<Socket
				InCockpit="true"
				Names="StuffAirfreshener"
				Offset="(0.473; 2.042; 0)"
				ParentFrame="BoneChassis_cdt"
			/>
		</AddonSockets>
		<AddonSockets>
			<Socket Names="StuffHoodKhan39Marshall" ParentFrame="BoneChassis_cdt" />
		</AddonSockets>
		<AddonSockets>
			<Socket Names="ScautTrailer" Offset="(-2.062; 1.06; 0)">
				<AddonsShift Offset="(0.04; 0; 0)" Types="KHAN39MarshallBumperRear2" />
			</Socket>
		</AddonSockets>
	</GameData>
	<ControlledConstraints>
		<Constraint Id="chassis_steer" IsLinkedSteering="true" Name="TieRodSteer" />
	</ControlledConstraints>
</Truck>
