<_templates Include="trucks">
	<Wheel>
		<Rear
			ConnectedToHandbrake="true"
			Location="rear"
			Torque="default"
		/>
		<Front
			Location="front"
			SteeringAngle="28"
			SteeringCastor="6"
			SteeringJointOffset="0.27"
			Torque="default"
			ParentFrame="BoneCabin_cdt"
		/>
	</Wheel>
	<Socket>
		<Chassis2Cabin Offset="(0; 0; 0)" ParentFrame="BoneChassis_cdt">
			<ExtraParent Frame="BoneCabin_cdt" />
		</Chassis2Cabin>
		<Cabin2Chassis Offset="(0; 0; 0)" ParentFrame="BoneCabin_cdt">
			<ExtraParent Frame="BoneChassis_cdt" />
		</Cabin2Chassis>
	</Socket>
	<Body>
		<Mirror Collisions="Default" Mass="5">
			<Constraint
				AxisLocal="(0; 1; 0)"
				Type="Hinge"
				MinLimit="-45"
				MaxLimit="45"
			>
				<Motor Damping="1" Spring="60" Type="Spring" />
			</Constraint>
		</Mirror>
		<Antenna Collisions="None" Mass=".1">
			<Constraint
				Cone="100"
				PlaneAxisLocal="(0; 0; 1)"
				TwistAxisLocal="(0; 1; 0)"
				Type="Ragdoll"
			>
				<AllMotor Damping=".001" Spring=".8" Type="Spring" />
			</Constraint>
		</Antenna>
	</Body>
</_templates>
<Truck>
	<TruckData
		BackSteerSpeed="0.02"
		DiffLockType="Installed"
		EngineIconMesh="env/engine_default"
		EngineIconScale="1.4"
		EngineStartDelay="3.2"
		ExhaustStartTime="2.8"
		FuelCapacity="530"
		Responsiveness="1"
		SteerSpeed="0.025"
		TruckImage="navistar5000mchr"
		TruckType="HEAVY"
	>
		<WinchUpgradeSocket Default="w_medium_trucks_default" IsUpgradable="true" Type="winches_medium_trucks" />
		<Wheels
			DefaultRim="rim_5"
			DefaultTire="highway_1"
			DefaultWheelType="wheels_heavy_double1"
		>
			<Wheel _template="Front" Pos="(1.351; 0.546; 1.03)" />
			<Wheel _template="Front" RightSide="true" Pos="(1.351; 0.546; 1.03)" />
			<Wheel _template="Rear" Pos="(-4.042; 0.546; 0.92)" />
			<Wheel _template="Rear" RightSide="true" Pos="(-4.042; 0.546; 0.92)" />
			<Wheel _template="Rear" Pos="(-5.451; 0.546; 0.92)" />
			<Wheel _template="Rear" RightSide="true" Pos="(-5.451; 0.546; 0.92)" />
		</Wheels>
		<SuspensionSocket
			Default="navistar_5000mv_suspension_default"
			Type="s_navistar_5000mv"
			MaxWheelRadiusWithoutSuspension="0.42"
		/>
		<SteeringWheel Frame="BoneSteering" />
		<SteeringRack
			Frame="BoneRack"
			FrameSteerLeft="BoneRackL"
			FrameSteerRight="BoneRackR"
			RackHalfSizeZ="0.785"
		/>
		<Steam Origin="(-2.126; 1.048; 0)" />
		<Steam Origin="(1.243; 1.048; 0)" />
		<SoundsWheels _template="Default" />
		<SoundsDamage _template="Heavy" />
		<Sounds
			_template="Default"
			DisableReversePitch="false"
			Origin="(0.962; 1.636; 0)"
			MinDist="15.0"
		>
			<Reverse		Sound="trucks/navistar_500mv/navistar_500mv_reverse" />
			<BrakePull		Sound="trucks/navistar_500mv/navistar_500mv_brake_pull" />
			<BrakeRelease	Sound="trucks/navistar_500mv/navistar_500mv_brake_release" />
			<BrakesSqueal	Sound="trucks/navistar_500mv/navistar_500mv_brakes_squeal" />
			<Honk			Sound="trucks/navistar_500mv/navistar_500mv_honk" />
			<Handbrake		Sound="trucks/navistar_500mv/navistar_500mv_handbrake_on" />
			<HandbrakeOff	Sound="trucks/navistar_500mv/navistar_500mv_handbrake_off" />
			<EngineRev		Sound="trucks/navistar_500mv/navistar_500mv_rev" />
			<EngineAccel	Sound="trucks/navistar_500mv/navistar_500mv_acc" />
			<EngineStart	Sound="trucks/navistar_500mv/navistar_500mv_start" />
			<EngineStop		Sound="trucks/navistar_500mv/navistar_500mv_stop" />
			<EngineIdle		Sound="trucks/navistar_500mv/navistar_500mv_idle" />
			<EngineIdle_2d	Sound="trucks/navistar_500mv/navistar_500mv_idle_2d"	IsSound2D="true" />
			<EngineLow		Sound="trucks/navistar_500mv/navistar_500mv_low" />
			<EngineLow_2d	Sound="trucks/navistar_500mv/navistar_500mv_low_2d"	IsSound2D="true" />
			<EngineHigh		Sound="trucks/navistar_500mv/navistar_500mv_high" />
			<EngineHigh_2d	Sound="trucks/navistar_500mv/navistar_500mv_high_2d"	IsSound2D="true" />
			<EngineHeavy	Sound="trucks/navistar_500mv/navistar_500mv_heavy" />
			<EngineHeavy_2d	Sound="trucks/navistar_500mv/navistar_500mv_heavy_2d"	IsSound2D="true" />
			<ChassisStress	Sound="trucks/common/truck_stress_rnd_set/truck_stress_rnd" />
			<AbruptStop		Sound="trucks/common/truck_swing_big_rnd_set/truck_swing_big_rnd" />
		</Sounds>
		<Shafts>
			<Shaft SocketPointA="ShaftEngine" SocketPointB="ShaftBoxEngine" />
			<Shaft SocketPointA="ShaftBoxFrontWheel" SocketPointB="ShaftFrontWheel" />
			<Shaft SocketPointA="ShaftBoxRearWheel" SocketPointB="ShaftRearWheel" />
			<Shaft SocketPointA="ShaftWheel2WheelA" SocketPointB="ShaftWheel2WheelB" />
		</Shafts>
		<OcclusionMap HalfSizeZ="1.8" MinX="-6.6" MaxX="2.8" />
		<!--<LimitedFluid Center="(-1.493; 0.769; 0.8)" LengthX="1.416" RadiusY="0.395" RadiusZ="0.369" Type="Cylinder" />
		<LimitedFluid Center="(-1.863; 0.769; -0.775)" LengthX="1.416" RadiusY="0.400" RadiusZ="0.394" Type="Cylinder" />-->
		<Intake Dir="(1; 0; 0)" Origin="(2.07; 1.439; 0)" Size="1" />
		<GearboxSocket Default="g_truck_default" Type="gearboxes_trucks" />
		<FuelTank DamageCapacity="100" />
		<EngineSocket Default="us_truck_military_navistar_0" Type="e_us_truck_military_navistar, e_us_truck_modern_mack_defense_m917" />
		<Driver Pos="(-0.57; 1.855; 0.505)" SteeringWheelPos="(-0.188; 2.183; 0.498)" ParentFrame="BoneCabin_cdt" />
		<Dashboard>
			<Gauge Damping="0.99" Dir="(-0.963; 0.27; 0)" InputRange="(0;1)" InputType="engineEnabled" Mesh="trucks/arrows/navistar_5000mv_arrow1" Org="(0.098; 2.203; 0.811)" OutputAngles="(-140; 17)" />
			<Gauge Damping="0.99" Dir="(-0.963; 0.27; 0)" InputRange="(0;1)" InputType="engineEnabled" Mesh="trucks/arrows/navistar_5000mv_arrow1" Org="(0.08; 2.138; 0.811)" OutputAngles="(-55; 4)" />
			<Gauge Damping="0.99" Dir="(-0.963; 0.27; 0)" InputRange="(0;1)" InputType="engineEnabled" Mesh="trucks/arrows/navistar_5000mv_arrow1" Org="(0.061; 2.072; 0.811)" OutputAngles="(-55; -4)" />
			<Gauge Damping="0.99" Dir="(-0.963; 0.27; 0)" InputRange="(0;1)" InputType="engineEnabled" Mesh="trucks/arrows/navistar_5000mv_arrow1" Org="(0.098; 2.203; 0.713)" OutputAngles="(-140; -60)" />
			<Gauge Damping="0.99" Dir="(-0.963; 0.27; 0)" InputRange="(0;1)" InputType="engineEnabled" Mesh="trucks/arrows/navistar_5000mv_arrow1" Org="(0.08; 2.138; 0.713)" OutputAngles="(-140; 60)" />
			<Gauge Damping="0.99" Dir="(-0.963; 0.27; 0)" InputRange="(0;1)" InputType="engineEnabled" Mesh="trucks/arrows/navistar_5000mv_arrow1" Org="(0.061; 2.072; 0.713)" OutputAngles="(-140; 30)" />
			<Gauge Damping="0.8" Dir="(-0.963; 0.27; 0)" InputRange="(0;1)" InputType="rpm" Mesh="trucks/arrows/navistar_5000mv_arrow4" Org="(0.091; 2.175; 0.574)" OutputAngles="(-135;135)" />
			<Gauge Dir="(-0.963; 0.27; 0)" InputRange="(0;85)" InputType="speed" Mesh="trucks/arrows/navistar_5000mv_arrow4" Org="(0.091; 2.175; 0.423)" OutputAngles="(-130;130)" />
			<Gauge Damping="0.99" Dir="(-0.963; 0.27; 0)" InputRange="(0;1)" InputType="engineEnabled" Mesh="trucks/arrows/navistar_5000mv_arrow1" Org="(0.098; 2.203; 0.282)" OutputAngles="(-140; 30)" />
			<Gauge Damping="0.99" Dir="(-0.963; 0.27; 0)" InputRange="(0;1)" InputType="engineEnabled" Mesh="trucks/arrows/navistar_5000mv_arrow1" Org="(0.08; 2.138; 0.282)" OutputAngles="(-140; 30)" />
			<Gauge Damping="0.99" Dir="(-0.963; 0.27; 0)" InputRange="(0;1)" InputType="fuel" Mesh="trucks/arrows/navistar_5000mv_arrow1" Org="(0.061; 2.072; 0.282)" OutputAngles="(-140; 134)" />
			<Gauge Damping="0.99" Dir="(-0.963; 0.27; 0)" InputRange="(0;1)" InputType="engineEnabled" Mesh="trucks/arrows/navistar_5000mv_arrow1" Org="(0.098; 2.203; 0.185)" OutputAngles="(-55; -10)" />
			<Gauge Damping="0.99" Dir="(-0.963; 0.27; 0)" InputRange="(0;1)" InputType="engineEnabled" Mesh="trucks/arrows/navistar_5000mv_arrow1" Org="(0.08; 2.138; 0.185)" OutputAngles="(-55; 10)" />
			<Gauge Damping="0.99" Dir="(-0.963; 0.27; 0)" InputRange="(0;1)" InputType="engineEnabled" Mesh="trucks/arrows/navistar_5000mv_arrow1" Org="(0.061; 2.072; 0.185)" OutputAngles="(-55; 30)" />
			<Gauge Damping="0.99" Dir="(-0.878; 0.248; 0.409)" InputRange="(0;1)" InputType="engineEnabled" Mesh="trucks/arrows/navistar_5000mv_arrow3" Org="(-0.045; 2.135; -0.142)" OutputAngles="(-140; 17)" />
			<Gauge Damping="0.99" Dir="(-0.878; 0.248; 0.409)" InputRange="(0;1)" InputType="engineEnabled" Mesh="trucks/arrows/navistar_5000mv_arrow2" Org="(-0.064; 2.196; -0.224)" OutputAngles="(-50; -5)" />
		</Dashboard>
		<Damage>
			<DamageArea Type="Engine" Min="(0.3; 0.8; -0.635)" Max="(2; 2; 0.635)" ParentFrame="BoneCabin_cdt" />
			<DamageArea Type="FuelTank" Min="(-2.6; 0.35; -1.173)" Max="(-0.78; 1.2; 1.173)" ParentFrame="BoneChassis_cdt" />
		</Damage>
		<CompatibleWheels RearOffsetZ=".02" Scale="0.56" Type="wheels_heavy_double1" />
		<CompatibleWheels RearOffsetZ=".04" Scale="0.57" Type="wheels_heavy_double2" />
		<CompatibleWheels RearOffsetZ=".04" Scale="0.62" Type="wheels_heavy_double1" />
		<CompatibleWheels RearOffsetZ=".06" Scale="0.63" Type="wheels_heavy_double2" />
		<!--Single-->
		<CompatibleWheels RearOffsetZ=".11" Scale="0.63" Type="wheels_tatra_force_815_7" />
		<CompatibleWheels RearOffsetZ=".11" Scale="0.625" Type="wheels_medium_ank_mk38" />
		<CompatibleWheels OffsetZ="0.02" RearOffsetZ=".13" Scale="0.615" Type="wheels_heavy_single2" />
		<!--PREMIUM-->
		<CompatibleWheels Scale="0.546" Type="wheels_international_fleetstar_f2070a_double1/3526085" RearOffsetZ=".05" />
		<CompatibleWheels Scale="0.58" Type="wheels_navistar_double1/3526085" RearOffsetZ=".05" />
		<CompatibleWheels Scale="0.63" Type="wheels_navistar_double2/3526085" RearOffsetZ=".07" />
		<CompatibleWheels Scale="0.62" Type="wheels_man_tgs_double2/3526085" OffsetZ="0.00" RearOffsetZ="0.05" RearScale="0.62" />
		<Camera Center="(-2; 0; 0)" ParentFrame="BoneCabin_cdt" RadiusMultiplier="0.8">
			<Cockpit
				_template="Default"
				WindshieldDiffuseTexture="trucks/navistar_5000mv_glass__d_a.tga"
				WindshieldShadingTexture="trucks/navistar_5000mv_glass__sh_d.tga"
				ViewPos="(-0.65; 2.572; 0.505)"
			>
				<Rear ViewPosOffset="(0.1; -0.1; 0.7)" />
				<Mirror ClipDir="(-0.883; 0; -0.469)" ClipOffset="0.25" FOVScale="2" LookAtOffset="(0; 0; 0.05)" MeshFrame="mirror_left" ReflectionDir="(-0.883; 0; -0.469)" Size="(0.18; 0.37)" Pos="(-0.279; 2.519; 1.299)" />
				<Mirror ClipDir="(-0.884; 0.18; -0.432)" CurveAngle="10" FOVScale="2" MeshFrame="mirror_left_convex" ReflectionDir="(-0.884; 0.18; -0.432)" Size="(0.155; 0.155)" Pos="(-0.28; 2.177; 1.26)" />
				<Mirror
					ClipDir="(-0.788; 0; 0.616)"
					ClipOffset="0.3"
					FOVScale="2"
					MeshFrame="mirror_right"
					ReflectionDir="(-0.788; 0; 0.616)"
					Size="(0.18; 0.37)"
					Pos="(-0.278; 2.519; -1.298)"
				>
					<SecondaryView
						ClipDir="(-0.788; 0; 0.616)"
						CurveAngle="10"
						FOVScale="2"
						MeshFrame="mirror_right_convex"
						Size="(0.155; 0.155)"
						Pos="(-0.276; 2.174; -1.261)"
					/>
				</Mirror>
			</Cockpit>
		</Camera>
		<Axles>
			<Axle Frame="BoneAxle1" />
			<Axle Frame="BoneAxle3" />
			<Axle Frame="BoneAxle4" />
		</Axles>
	</TruckData>
	<PhysicsModel Mesh="trucks/navistar_5000mv">
		<NetSync Legacy="false" />
		<Body _template="Gravity"
			CenterOfMassOffset="(-0.5; 0; 0)"
			ImpactType="Truck"
			Mass="5900"
			ModelFrame="BoneChassis_cdt"
			NetSync="pv"
		>
			<Body _template="Gravity"
				CenterOfMassOffset="(0.5; -0.5; 0)"
				ImpactType="Truck"
				Mass="5900"
				ModelFrame="BoneCabin_cdt"
				NetSync="pv"
			>
				<Constraint
					AxisLocal="(1; 0; 0)"
					Type="Hinge"
					MinLimit="-3"
					MaxLimit="3"
				>
					<Motor Damping="10000" Spring="400000" Type="Spring" />
				</Constraint>
				<Body _template="Mirror" ModelFrame="BoneMirrorL_cdt" _template="Gravity">
					<Body _template="Antenna" ModelFrame="BoneAntenna_cdt"  _template="Gravity"/>
				</Body>
				<Body _template="Mirror" Mass="4.8" ModelFrame="BoneMirrorR_cdt"  _template="Gravity"/>
				<Body _template="TieRod" ModelFrame="BoneTieRodL_cdt" _template="Gravity">
					<Constraint
						AxisLocal="(0; 0; 1)"
						Name="TieRodSteerR"
						MinLimit="-25"
						MaxLimit="25"
					/>
				</Body>
				<Body _template="TieRod" ModelFrame="BoneTieRodR_cdt" _template="Gravity">
					<Constraint
						AxisLocal="(0; 0; 1)"
						Name="TieRodSteerL"
						MinLimit="-25"
						MaxLimit="25"
					/>
				</Body>
				<Body ImpactType="Truck" Mass="4" ModelFrame="BoneWire1_cdt" _template="Gravity">
					<Constraint
						AxisLocal="(0; 0; 1)"
						Type="Hinge"
						MinLimit="-50"
						MaxLimit="50"
					>
						<Motor Damping="0.02" Spring="1" Type="Spring" />
					</Constraint>
					<Body Collisions="None" Mass="0.2" ModelFrame="BoneWire2_cdt" _template="Gravity">
						<Constraint
							LinearLimitsX="(-.2;.2)"
							LinearLimitsY="(-.2;.1)"
							LinearLimitsZ="(0;0)"
							Type="Fixed"
						>
							<Motor Damping="3" Spring="70" Type="Spring" />
						</Constraint>
					</Body>
				</Body>
				<Body Collisions="None" Mass="1" ModelFrame="BoneCurtain_cdt" _template="Gravity">
					<Constraint
						LinearLimitsX="(-.2;.2)"
						LinearLimitsY="(0;0)"
						LinearLimitsZ="(-.2;.2)"
						Type="Fixed"
					>
						<Motor Damping="5" Spring="100" Type="Spring" />
					</Constraint>
				</Body>
			</Body>
		</Body>
	</PhysicsModel>
	<ModelAttachments>
		<StopSignals>
			<Light _template="StopSignal" Pos="(-6.5; 0.785; -0.268)" />
			<Light _template="StopSignal" Pos="(-6.5; 0.785; 0.268)" />
			<Flare _template="StopSignal" Pos="(-6.188; 0.785; -0.268)" />
			<Flare _template="StopSignal" Pos="(-6.188; 0.785; 0.268)" />
		</StopSignals>
		<Ignition>
			<Light _template="IgnitionSignalWhite" Pos="(1.978; 1.121; -0.943)" />
			<Light _template="IgnitionSignalWhite" Pos="(1.978; 1.121; 0.943)" />
			<Light _template="IgnitionSignalRed" Pos="(-6.5; 0.785; 0)" />
			<Flare _template="IgnitionSignalWhite" Color="g(165; 149; 130) x 0.9" DirAngle="90" Pos="(1.978; 1.121; -0.943)" ParentFrame="BoneCabin_cdt" />
			<Flare _template="IgnitionSignalWhite" Color="g(165; 149; 130) x 0.9" DirAngle="90" Pos="(1.978; 1.121; 0.943)" ParentFrame="BoneCabin_cdt" />
			<Flare _template="IgnitionSignalWhite" AspectRatio=".9" Color="g(165; 149; 130) x 0.9" DirAngle="130" Size="0.2" Pos="(1.945; 1.14; 1.134)" ParentFrame="BoneCabin_cdt" />
			<Flare _template="IgnitionSignalWhite" AspectRatio=".9" Color="g(165; 149; 130) x 0.9" DirAngle="130" Size="0.2" Pos="(1.945; 1.14; -1.134)" ParentFrame="BoneCabin_cdt" />
			<Flare _template="IgnitionSignalRed" Pos="(-6.188; 0.785; -0.268)" />
			<Flare _template="IgnitionSignalRed" Pos="(-6.188; 0.785; 0.268)" />
		</Ignition>
		<HeadLight>
			<Model _template="HeadLightRay" Org="(1.978; 1.121; -0.943)" ParentFrame="BoneCabin_cdt" />
			<Model _template="HeadLightRay" Org="(1.978; 1.121; 0.943)" ParentFrame="BoneCabin_cdt" />
			<Flare _template="HeadLight" Pos="(1.978; 1.121; -0.943)" ParentFrame="BoneCabin_cdt" />
			<Flare _template="HeadLight" Pos="(1.978; 1.121; 0.943)" ParentFrame="BoneCabin_cdt" />
			<Flare _template="BlueStreak" Pos="(1.978; 1.121; -0.943)" ParentFrame="BoneCabin_cdt" />
			<Flare _template="BlueStreak" Pos="(1.978; 1.121; 0.943)" ParentFrame="BoneCabin_cdt" />
		</HeadLight>
	</ModelAttachments>
	<Landmark Mesh="landmarks/navistar_5000mv_lmk" MinScale="1.8" MaxScale="3.8" />
	<HeadLight _template="Default" Pos="(2; 1.121; 0)" />
	<GameData
		Country="US,NE,CE"
		Price="113600"
		UnlockByExploration="false"
		UnlockByRank="1"
	>
		<WinchSocket Pos="(2.383; 0.623; 0)" ParentFrame="BoneCabin_cdt" />
		<WinchSocket Pos="(2.383; 0.623; -0.57)" ParentFrame="BoneCabin_cdt" />
		<WinchSocket Pos="(2.383; 0.623; 0.57)" ParentFrame="BoneCabin_cdt" />
		<WinchSocket Pos="(-6.356; 0.887; 0)" />
		<WinchSocket Pos="(-1.025; 0.602; -1.115)" ParentFrame="BoneCabin_cdt" />
		<WinchSocket Pos="(-0.601; 0.602; 1.133)" ParentFrame="BoneCabin_cdt" />
		<WinchSocket Pos="(-1.747; 3.375; 1.188)" ParentFrame="BoneCabin_cdt" />
		<WinchSocket Pos="(-1.747; 3.375; -1.188)" ParentFrame="BoneCabin_cdt" />
		<UiDesc
			UiDesc="UI_VEHICLE_NAVISTAR_5000_DESC"
			UiIcon30x30="heavyVehicleImg30"
			UiIcon328x458="shopImgNavi500"
			UiIcon40x40="heavyVehicleImg"
			UiIconLogo="InternationalNavistarLogo80"
			UiName="UI_VEHICLE_NAVISTAR_5000_NAME"
		/>
		<CustomizationCameras>
			<CameraPos FOV="32.0" Interior="true" Name="roof_sticker" InterestPosition="(3.245; 1.667; -0.591)" Position="(6.352; 8.039; -0.024)" />
			<CameraPos FOV="32.0" Interior="true" Name="sticker_1" InterestPosition="(6.912; 3.311; -1.324)" Position="(4.273; 2.614; -0.064)" />
			<CameraPos FOV="32.0" Name="addon_1" InterestPosition="(0.338; 1.675; -0)" MaxXRotation="360" MaxYRotation="360" MaxZoom="2" Position="(-7.032; 2.99; 3.352)" />
			<CameraPos FOV="32.0" Name="addon_2" InterestPosition="(4.991; 1.77; 0)" MaxXRotation="360" MaxYRotation="360" MaxZoom="2" Position="(10.328; 3.173; 3.632)" />
			<CameraPos FOV="32.0" Interior="true" Name="mirror_mount" InterestPosition="(7.23; 2.74; 1.935)" Position="(4.267; 2.574; -0.656)" />
			<CameraPos FOV="32.0" Name="side_r" InterestPosition="(3.136; 1.986; -0)" MaxXRotation="360" MaxYRotation="360" MaxZoom="2" Position="(-2.522; 4.197; 2.717)" />
			<CameraPos FOV="32.0" Interior="true" Name="sticker" InterestPosition="(6.912; 0.96; -0.108)" Position="(4.672; 2.683; -0.244)" />
			<CameraPos FOV="32.0" Interior="true" Name="glass_sticker" InterestPosition="(5.509; 2.532; -0.841)" Position="(8.355; 3.56; 0.681)" />
			<CameraPos FOV="32.0" Interior="true" Name="door_r_sticker" InterestPosition="(4.631; 2.07; 0.593)" Position="(0.737; 2.674; 5.054)" />
			<CameraPos FOV="32.0" Name="roof" InterestPosition="(5.282; 2.097; 0)" MaxXRotation="360" MaxYRotation="360" MaxZoom="2" Position="(11.079; 3.805; -3.534)" />
			<CameraPos FOV="32.0" Interior="true" Name="capote_sticker" InterestPosition="(6.811; 2.242; -0.726)" Position="(8.352; 5.900; 0.052)" />
			<CameraPos FOV="32.0" Name="hoods" InterestPosition="(6.412; 1.711; 0)" MaxXRotation="360" MaxYRotation="360" MaxZoom="2" Position="(13.555; 1.659; -2.751)" />
			<CameraPos FOV="32.0" Interior="true" Name="sticker_2" InterestPosition="(6.662; 0.61; 1.935)" Position="(5.221; 1.595; 0.03)" />
			<CameraPos FOV="32.0" Name="side_l" InterestPosition="(5.028; 1.776; -0)" MaxXRotation="360" MaxYRotation="360" MaxZoom="2" Position="(10.515; 3.331; 3.554)" />
			<CameraPos FOV="32.0" Interior="true" Name="bubble_head" InterestPosition="(6.759; 1.23; 1.505)" Position="(4.552; 2.688; -0.455)" />
			<CameraPos FOV="32.0" Name="wheels" InterestPosition="(0; 0.669; -1.5)" MaxXRotation="360" MaxYRotation="360" MaxZoom="2" Position="(13; 2; 5.834)" />
			<CameraPos FOV="32.0" Name="default" InterestPosition="(6.412; 1.711; 0)" MaxXRotation="360" MaxYRotation="360" MaxZoom="2" Position="(13.555; 1.659; -2.751)" />
			<CameraPos FOV="32.0" Name="rear" InterestPosition="(-0.391; 1.117; -0)" MaxXRotation="360" MaxYRotation="360" MaxZoom="2" Position="(-6.509; 1.857; 2.371)" />
			<CameraPos FOV="32.0" Interior="true" Name="door_l_sticker" InterestPosition="(2.79; 2.172; -0.794)" Position="(0.633; 2.99; -4.873)" />
			<CameraPos FOV="32.0" Interior="true" Name="hood_ornament" InterestPosition="(7.506; 2.025; -1.231)" Position="(8.557; 2.961; -1.231)" />
			<CameraPos FOV="32.0" Interior="true" Name="curtain" InterestPosition="(7.23; 2.74; 1.935)" Position="(4.267; 2.574; -0.656)" />
		</CustomizationCameras>
		<CraneSocket Pos="(2.383; 0.623; 0)" ParentFrame="BoneCabin_cdt" />
		<CraneSocket Pos="(2.383; 0.623; -0.57)" ParentFrame="BoneCabin_cdt" />
		<CraneSocket Pos="(2.383; 0.623; 0.57)" ParentFrame="BoneCabin_cdt" />
		<CraneSocket Pos="(-6.356; 0.887; 0)" />
		<CraneSocket Pos="(-1.025; 0.602; -1.115)" ParentFrame="BoneCabin_cdt" />
		<CraneSocket Pos="(-0.601; 0.602; 1.133)" ParentFrame="BoneCabin_cdt" />
		<CraneSocket Pos="(-1.747; 3.375; 1.188)" ParentFrame="BoneCabin_cdt" />
		<CraneSocket Pos="(-1.747; 3.375; 0)" ParentFrame="BoneCabin_cdt" />
		<CraneSocket Pos="(-1.747; 3.375; -1.188)" ParentFrame="BoneCabin_cdt" />
		<AddonSockets DefaultAddon="western_star_49x_diff_lock_default">
			<Socket Names="WS49XDiffLock" Offset="(0; 0; 0)" ParentFrame="BoneChassis_cdt" />
		</AddonSockets>
		<AddonSockets DefaultAddon="navistar_5000mv_window_mesh_default">
			<Socket _template="Cabin2Chassis" Names="Navistar5000mvWindowMesh" />
		</AddonSockets>
		<AddonSockets DefaultAddon="navistar_5000mv_snorkel_default">
			<Socket _template="Cabin2Chassis" Names="Navistar5000mvSnorkel" />
		</AddonSockets>
		<AddonSockets DefaultAddon="navistar_5000mv_fender_default">
			<Socket _template="Chassis2Cabin" Names="Navistar5000mvFender" />
		</AddonSockets>
		<AddonSockets DefaultAddon="navistar_5000mv_exhaust_default">
			<Socket _template="Chassis2Cabin" Names="Navistar500mvExhaust" />
		</AddonSockets>
		<AddonSockets DefaultAddon="navistar_5000mv_visor_default">
			<Socket _template="Cabin2Chassis" Names="Navistar5000mvVisor" />
		</AddonSockets>
		<AddonSockets>
			<Socket _template="Cabin2Chassis" Names="Navistar5000mvLights" />
		</AddonSockets>
		<AddonSockets>
			<Socket _template="Chassis2Cabin" Names="Navistar5000mvSpareWheel" />
		</AddonSockets>
		<AddonSockets DefaultAddon="navistar_5000mv_bumper_default">
			<Socket Names="Navistar5000mvBumper" ParentFrame="BoneCabin_cdt" />
		</AddonSockets>
		<AddonSockets>
			<Socket Names="Trailer" Offset="(-6.356; 0.87; 0)" />
			<Socket Names="Semitrailer, SemitrailerOiltank" Offset="(-4.747; 1.47; 0)" />
			<Socket Names="LargeSemitrailer, LargeSemitrailerOiltank" Offset="(-4.4; 1.64; 0)" />
		</AddonSockets>
		<AddonSockets DefaultAddon="saddle_low">
			<Socket Names="BunkLog" Offset="(-7.993; 1.155; 0)" NamesBlock="Navistar5000mvSpareWheel" />
			<Socket Names="SaddleLow" Offset="(-4.747; 1.15; 0)" />
			<Socket Names="SaddleHigh" Offset="(-4.4; 1.15; 0)" />
			<Socket Names="MinicraneNavistar" Offset="(-3.6; 1.15; 0)" />
		</AddonSockets>
		<AddonSockets>
			<Socket
				_template="Cabin2Chassis"
				InCockpit="true"
				Names="StuffDashboard"
				Offset="(0.158; 2.28; 0.174)"
			/>
		</AddonSockets>
		<AddonSockets>
			<Socket _template="Cabin2Chassis" InCockpit="true" Names="Navistar5000MvSticker_1x1_01" />
		</AddonSockets>
		<AddonSockets>
			<Socket _template="Cabin2Chassis" InCockpit="true" Names="Navistar5000MvSticker_1x1_02" />
		</AddonSockets>
		<AddonSockets>
			<Socket _template="Cabin2Chassis" InCockpit="true" Names="Navistar5000MvSticker_1x1_03" />
		</AddonSockets>
		<AddonSockets>
			<Socket _template="Cabin2Chassis" InCockpit="true" Names="Navistar5000MvSticker_1x2_01" />
		</AddonSockets>
		<AddonSockets>
			<Socket _template="Cabin2Chassis" InCockpit="true" Names="Navistar5000MvSticker_1x2_02" />
		</AddonSockets>
		<AddonSockets>
			<Socket _template="Cabin2Chassis" InCockpit="true" Names="Navistar5000MvSticker_1x4_01" />
		</AddonSockets>
		<AddonSockets>
			<Socket
				_template="Cabin2Chassis"
				InCockpit="true"
				Names="StuffAirfreshener"
				Offset="(0.048; 2.788; 0.18)"
			/>
			<Socket _template="Cabin2Chassis" InCockpit="true" Names="StuffCurtainNavistar5000Mv" />
		</AddonSockets>
		<AddonSockets>
			<Socket _template="Cabin2Chassis" Names="Navistar5000MvSticker_Roof" />
		</AddonSockets>
		<AddonSockets>
			<Socket _template="Cabin2Chassis" InCockpit="true" Names="Navistar5000MvSticker_Capote" />
		</AddonSockets>
		<AddonSockets>
			<Socket _template="Cabin2Chassis" InCockpit="true" Names="Navistar5000MvSticker_Door_L" />
		</AddonSockets>
		<AddonSockets>
			<Socket _template="Cabin2Chassis" Names="Navistar5000MvSticker_Door_R" />
		</AddonSockets>
		<AddonSockets>
			<Socket _template="Cabin2Chassis" InCockpit="true" Names="Navistar5000MvSticker_GlassTop" />
		</AddonSockets>
		<AddonSockets>
			<Socket _template="Cabin2Chassis" InCockpit="true" Names="Navistar5000MvSticker_GlassBottom" />
		</AddonSockets>
		<AddonSockets>
			<Socket _template="Cabin2Chassis" Names="StuffHoodNavistar5000Mv" />
		</AddonSockets>
	</GameData>
	<ControlledConstraints>
		<Constraint Id="chassis_steer" IsLinkedSteering="true" Name="TieRodSteerR" />
		<Constraint Id="chassis_steer" IsLinkedSteering="true" Name="TieRodSteerL" />
	</ControlledConstraints>
	<AutomaticIK>
		<IKBone ModelFrame="BoneTieRodHinge2R" ParentFrame="BoneTieRodR_cdt">
			<IKJoint AxisLocal="(1; 0; 0)" Type="Hinge2" />
			<IKBone
				AttachOffset="(0; 0; 0)"
				AttachToFrame="BoneRackR"
				ModelFrame="BoneTieRodPrismaticR"
			>
				<IKJoint AxisLocal="(1; 0; 0)" Type="Slider" />
			</IKBone>
		</IKBone>
		<IKBone ModelFrame="BoneTieRodHinge2L" ParentFrame="BoneTieRodL_cdt">
			<IKJoint AxisLocal="(1; 0; 0)" Type="Hinge2" />
			<IKBone
				AttachOffset="(0; 0; 0)"
				AttachToFrame="BoneRackL"
				ModelFrame="BoneTieRodPrismaticL"
			>
				<IKJoint AxisLocal="(1; 0; 0)" Type="Slider" />
			</IKBone>
		</IKBone>
		<IKBone ModelFrame="BoneMirrorL1" ParentFrame="BoneCabin_cdt">
			<IKJoint AxisLocal="(0; 1; 0)" Type="Hinge" />
			<IKBone
				AttachOffset="(0; 0; 0)"
				AttachToFrame="BoneMirrorL_cdt"
				ModelFrame="BoneMirrorL2"
			>
				<IKJoint AxisLocal="(0; 1; 0)" Type="Hinge" />
			</IKBone>
		</IKBone>
		<IKBone ModelFrame="BoneMirrorR1" ParentFrame="BoneCabin_cdt">
			<IKJoint AxisLocal="(0; 1; 0)" Type="Hinge" />
			<IKBone
				AttachOffset="(0; 0; 0)"
				AttachToFrame="BoneMirrorR_cdt"
				ModelFrame="BoneMirrorR2"
			>
				<IKJoint AxisLocal="(0; 1; 0)" Type="Hinge" />
			</IKBone>
		</IKBone>
	</AutomaticIK>
</Truck>
