<_templates Include="trucks">
	<Wheel>
		<RearWheel
			ConnectedToHandbrake="true"
			Location="rear"
			Torque="default"
		/>
		<FrontWheel
			Location="front"
			SteeringAngle="37"
			SteeringCastor="8"
			SteeringJointOffset="0.2"
			Torque="full"
			ParentFrame="BoneCabin_cdt"
		/>
	</Wheel>
	<Flare>
		<IgnitionSignalOrange
			AspectRatio="1.4"
			Color="g(255; 140; 0) x 0.3"
			ColorMultAtDay="0.6"
			Dir="(0; 1; 0)"
			DirAngle="135"
			Size="0.1"
		/>
	</Flare>
	<Body>
		<SideMirror Collisions="Default" Mass="5">
			<Constraint
				AxisLocal="(0; 1; 0)"
				Type="Hinge"
				MinLimit="-35"
				MaxLimit="35"
			>
				<Motor Damping="5" Spring="280" Type="Spring" />
			</Constraint>
		</SideMirror>
		<Mudguard Collisions="Default" Mass="10">
			<Constraint Type="Hinge">
				<Motor Damping="1" Spring="10" Type="Spring" />
			</Constraint>
		</Mudguard>
	</Body>
</_templates>
<Truck>
	<TruckData
		BackSteerSpeed="0.025"
		DiffLockType="Installed"
		EngineIconMesh="env/engine_default"
		EngineIconScale="1.3"
		EngineStartDelay="0.8"
		ExhaustStartTime="0.9"
		FuelCapacity="817"
		Responsiveness="1"
		SteerSpeed="0.025"
		TruckImage="royalbm17mchr"
		TruckType="OFFROAD"
	>
		<WinchUpgradeSocket Default="w_medium_trucks_default" IsUpgradable="true" Type="winches_medium_trucks" />
		<Wheels
			DefaultRim="rim_4"
			DefaultTire="highway_1"
			DefaultWheelType="wheels_heavy_double1"
		>
			<Wheel _template="FrontWheel" Pos="(2.307; 0.63; 1.04)" />
			<Wheel _template="FrontWheel" RightSide="true" Pos="(2.307; 0.63; 1.04)" />
			<Wheel _template="RearWheel" Pos="(-2.402; 0.63; 0.934)" />
			<Wheel _template="RearWheel" RightSide="true" Pos="(-2.402; 0.63; 0.934)" />
			<Wheel _template="RearWheel" Pos="(-3.798; 0.63; 0.934)" />
			<Wheel _template="RearWheel" RightSide="true" Pos="(-3.798; 0.63; 0.934)" />
		</Wheels>
		<SuspensionSocket
			Default="royal_bm17_suspension_default"
			Type="s_royal_bm17"
			MaxWheelRadiusWithoutSuspension="0.7"
		/>
		<SteeringWheel Frame="BoneSteering" />
		<SteeringRack
			Frame="BoneRack"
			FrameSteerLeft="BoneRackLeft"
			FrameSteerRight="BoneRackRight"
			RackHalfSizeZ="0.750"
		/>
		<Steam Origin="(2.578; 1.405; 0)" ParentFrame="BoneCabin_cdt" />
		<Steam Origin="(0.937; 1.315; 0)" ParentFrame="BoneCabin_cdt" />
		<SoundsWheels _template="Default" />
		<SoundsDamage _template="Heavy" />
		<Sounds
			_template="Default"
			AirHissInterval="12.0"
			DisableReversePitch="false"
			MinDist="15.0"
			Origin="(2.417; 1.737; 0)"
			ParentFrame="BoneCabin_cdt"
		>
			<BrakesSqueal	Sound="trucks/royal_bm17/royal_bm17_brakes_squeal" />
			<Reverse		Sound="trucks/royal_bm17/royal_bm17_reverse" />
			<EngineTrans	Sound="" />
			<BrakeRelease	Sound="trucks/royal_bm17/royal_bm17_brake_release" />
			<Honk			Sound="trucks/royal_bm17/royal_bm17_honk" />
			<EngineRev		Sound="trucks/royal_bm17/royal_bm17_rev" />
			<EngineAccel	Sound="trucks/royal_bm17/royal_bm17_acc" />
			<EngineStart	Sound="trucks/royal_bm17/royal_bm17_start" />
			<EngineStop		Sound="trucks/royal_bm17/royal_bm17_stop" />
			<EngineIdle		Sound="trucks/royal_bm17/royal_bm17_idle" />
			<EngineIdle_2d	Sound="trucks/royal_bm17/royal_bm17_idle_2d"	IsSound2D="true" />
			<EngineLow		Sound="trucks/royal_bm17/royal_bm17_low" />
			<EngineLow_2d	Sound="trucks/royal_bm17/royal_bm17_low_2d"	IsSound2D="true" />
			<EngineHigh		Sound="trucks/royal_bm17/royal_bm17_high" />
			<EngineHigh_2d	Sound="trucks/royal_bm17/royal_bm17_high_2d"	IsSound2D="true" />
			<EngineHeavy	Sound="trucks/royal_bm17/royal_bm17_heavy" />
			<EngineHeavy_2d	Sound="trucks/royal_bm17/royal_bm17_heavy_2d"	IsSound2D="true" />
			<AbruptStop		Sound="trucks/common/truck_swing_big_rnd_set/truck_swing_big_rnd" />
		</Sounds>
		<Shafts>
			<Shaft SocketPointA="Shaft1a" SocketPointB="Shaft1b" />
			<Shaft SocketPointA="Shaft2a" SocketPointB="Shaft2b" />
			<Shaft SocketPointA="Shaft3a" SocketPointB="Shaft3b" />
			<Shaft SocketPointA="Shaft4a" SocketPointB="Shaft4b" />
		</Shafts>
		<OcclusionMap HalfSizeZ="1.7" MinX="-5.050" MaxX="4.300" />
		<!--<LimitedFluid Center="(0.978; 1; -0.781)" LengthX="1.05" RadiusY="0.30" RadiusZ="0.30" Type="Cylinder" ParentFrame="BoneChassis_cdt" />
		<LimitedFluid Center="(0.975; 1; 0.79)" LengthX="1.05" RadiusY="0.300" RadiusZ="0.300" Type="Cylinder" ParentFrame="BoneChassis_cdt" />-->
		<Intake Dir="(1; 0; 0)" Origin="(3.655; 1.617; 0)" Size="1" />
		<GearboxSocket Default="g_truck_default" Type="gearboxes_trucks" />
		<FuelTank DamageCapacity="120" />
		<EngineSocket Default="us_truck_modern_engine_cat_royal" Type="e_us_truck_modern, e_us_truck_modern_catroyal, e_ru_truck_modern_grad" />
		<Driver
			AnimationSet="HeavyTruck"
			Pos="(1.045; 2.062; 0.51)"
			SteeringWheelPos="(1.441; 2.392; 0.516)"
			ParentFrame="BoneCabin_cdt"
		/>
		<Dashboard>
			<Gauge Damping="0.99" Dir="(-0.769; 0.64; 0)" InputRange="(0;1)" InputType="engineEnabled" Mesh="trucks/arrows/royal_bm17_arrow1" Org="(1.794; 2.339; 0.743)" OutputAngles="(-125; 18)" />
			<Gauge Damping="0.99" Dir="(-0.768; 0.64; 0)" InputRange="(0;1)" InputType="engineEnabled" Mesh="trucks/arrows/royal_bm17_arrow1" Org="(1.743; 2.277; 0.743)" OutputAngles="(-125; -19)" />
			<Gauge Damping="0.99" Dir="(-0.776; 0.631; 0)" InputRange="(0;1)" InputType="engineEnabled" Mesh="trucks/arrows/royal_bm17_arrow2" Org="(1.76; 2.303; 0.639)" OutputAngles="(-128; 37)" />
			<Gauge Damping="0.99" Dir="(-0.768; 0.64; 0)" InputRange="(0;1)" InputType="rpm" Mesh="trucks/arrows/royal_bm17_arrow3" Org="(1.786; 2.327; 0.514)" OutputAngles="(-120; 121)" />
			<Gauge Damping="0.99" Dir="(-0.768; 0.64; 0)" InputRange="(0;1)" InputType="engineEnabled" Mesh="trucks/arrows/royal_bm17_arrow1" Org="(1.794; 2.339; 0.281)" OutputAngles="(-125; 77)" />
			<Gauge Dir="(-0.768; 0.64; 0)" InputRange="(0;130)" InputType="speed" Mesh="trucks/arrows/royal_bm17_arrow4" Org="(1.761; 2.304; 0.388)" OutputAngles="(-139; 116)" />
			<Gauge Damping="0.99" Dir="(-0.768; 0.64; 0)" InputRange="(0;1)" InputType="none" Mesh="trucks/arrows/royal_bm17_arrow5" Org="(1.762; 2.303; 0.388)" OutputAngles="(107; 107)" />
			<Gauge Damping="0.99" Dir="(-0.768; 0.64; 0)" InputRange="(0;1)" InputType="none" Mesh="trucks/arrows/royal_bm17_arrow6" Org="(1.763; 2.302; 0.388)" OutputAngles="(-28; -28)" />
			<Gauge Damping="0.99" Dir="(-0.79; 0.613; 0)" InputRange="(0;1)" InputType="fuel" Mesh="trucks/arrows/royal_bm17_arrow7" Org="(1.741; 2.275; 0.639)" OutputAngles="(-152; -208)" />
		</Dashboard>
		<Damage>
			<DamageArea Type="Engine" Min="(2.01; 1.154; -0.797)" Max="(3.608; 2.314; 0.797)" ParentFrame="BoneCabin_cdt" />
			<DamageArea Type="FuelTank" Min="(0.42; 0.7; -1.1)" Max="(1.52; 1.33; 1.1)" ParentFrame="BoneChassis_cdt" />
		</Damage>
		<CompatibleWheels OffsetZ="0.04" RearOffsetZ="0.08" Scale="0.6" Type="wheels_heavy_double1" />
		<!--0.65-->
		<CompatibleWheels OffsetZ="0.045" RearOffsetZ="0.15" Scale="0.65" Type="wheels_heavy_double1" />
		<CompatibleWheels OffsetZ="0.045" RearOffsetZ="0.13" Scale="0.63" Type="wheels_heavy_double2" />
		<CompatibleWheels OffsetZ="0.05" Scale="0.65" Type="ford_clt9000_rear" />
		<CompatibleWheels OffsetZ="0.06" Scale="0.65" Type="wheels_heavy_single" /> 
		<CompatibleWheels OffsetZ="0.08" RearOffsetZ="0.12" Scale="0.65" Type="semitrailer_gooseneck_3" />
		<!--<CompatibleWheels OffsetZ="0.05" Scale="0.65" Type="wheels_tatra_phoenix" />-->
		<!--0.67-->
		<CompatibleWheels OffsetZ="0.08" RearOffsetZ="0.12" Scale="0.66" Type="wheels_heavy_single2" />
		<CompatibleWheels OffsetZ="0.05" Scale="0.662" Type="wheels_medium_ank_mk38" />
		<CompatibleWheels OffsetZ="0.05" Scale="0.67" Type="wheels_tatra_force_815_7" />
		<CompatibleWheels OffsetZ="0.08" Scale="0.694" Type="wheels_mack_defense_m917" />
		<CompatibleWheels OffsetZ="0.07" Scale="0.67" Type="wheels_cat_th357_single" />
		<CompatibleWheels OffsetZ="0.08" Scale="0.68" Type="trailer_sideboard_2" />
		<!--<CompatibleWheels OffsetZ="0.05" RearOffsetZ="0.17" Scale="0.69" Type="wheels_heavy_double_p16" />-->
		<!--MOD WHEELS-->
		<CompatibleWheels OffsetZ=".08" Scale="0.687" Type="wheels_zetros_3/176593" />
		<CompatibleWheels OffsetZ=".08" Scale="0.687" Type="wheels_zetros_4/176593" />
		<CompatibleWheels OffsetZ=".08" Scale="0.687" Type="wheels_zetros_5/176593" />
		<!--JAT DLC-->
		<CompatibleWheels OffsetZ="0.04" RearOffsetZ="0.06" Scale="0.6" Type="wheels_heavy_offroad_double" />
		<CompatibleWheels OffsetZ="0.04" RearOffsetZ="0.06" Scale="0.6" Type="wheels_heavy_highway_double" />
		<CompatibleWheels OffsetZ="0.04" RearOffsetZ="0.06" Scale="0.6" Type="wheels_heavy_allterrain_double" />
		
		<CompatibleWheels RearOffsetZ="0.08" Scale="0.65" Type="wheels_heavy_offroad_double" />
		<CompatibleWheels RearOffsetZ="0.08" Scale="0.65" Type="wheels_heavy_highway_double" />
		<CompatibleWheels RearOffsetZ="0.08" Scale="0.65" Type="wheels_heavy_allterrain_double" />

		<!--PREMIUM-->
		<CompatibleWheels Scale="0.63" Type="wheels_scammell_s24_double1/3526085"	OffsetZ="0.02" RearOffsetZ="0.08" />
		<!--<CompatibleWheels Scale="0.63" Type="wheels_scammell_s24_single1/3526085"	OffsetZ="0.02" RearOffsetZ="0.06" RearScale="0.64" />-->
		<CompatibleWheels Scale="0.67" Type="wheels_scammell_s24_single1/3526085"	OffsetZ="0.02" RearOffsetZ="0.06" RearScale="0.68" />
		<CompatibleWheels Scale="0.68" Type="wheels_scammell_s24_single2/3526085"	OffsetZ="0.04" RearOffsetZ="0.11" />
		<CompatibleWheels Scale="0.67" Type="wheels_scammell_s24_single3/3526085"	OffsetZ="0.08" RearOffsetZ="0.08" />
		<CompatibleWheels Scale="0.67" Type="wheels_scammell_s24_single4/3526085"	OffsetZ="0.08" RearOffsetZ="0.06" RearScale="0.68" />

		<Camera Center="(-1.7; 0; 0)" ParentFrame="BoneCabin_cdt">
			<Cockpit
				_template="Default"
				WindshieldDiffuseTexture="trucks/royal_bm17_glass__d_a.tga"
				WindshieldShadingTexture="trucks/royal_bm17_glass__sh_d.tga"
				ViewPos="(1.031; 2.786; 0.519)"
				ViewDir="(1; -0.22; 0)"
				ZoomViewDirOffset="(0; 0.08; 0)"
				ZoomViewPosOffset="(0.30; 0.02; 0)"
			>
				<Mirror
					ClipDir="(-0.897; -0.089; -0.433)"
					ClipOffset="0.1"
					FOVScale="2"
					MeshFrame="mirror_left"
					ReflectionDir="(-0.897; -0.089; -0.433)"
					Size="(0.2; 0.38)"
					Pos="(1.576; 2.751; 1.44)"
				>
					<SecondaryView
						ClipDir="(-0.897; -0.089; -0.433)"
						CurveAngle="7"
						FOVScale="1.5"
						MeshFrame="mirror_left_convex"
						Size="(0.24; 0.24)"
						Pos="(1.578; 2.442; 1.435)"
					/>
				</Mirror>
				<Mirror
					ClipDir="(-0.795; -0.102; 0.598)"
					ClipOffset="0.3"
					FOVScale="2.5"
					MeshFrame="mirror_right"
					ReflectionDir="(-0.795; -0.102; 0.598)"
					Size="(0.2; 0.38)"
					Pos="(1.577; 2.752; -1.438)"
				>
					<SecondaryView
						ClipDir="(-0.795; -0.102; 0.598)"
						ClipOffset="0.3"
						CurveAngle="7"
						FOVScale="1.75"
						MeshFrame="mirror_right_convex"
						Size="(0.24; 0.24)"
						Pos="(1.582; 2.444; -1.433)"
					/>
				</Mirror>
			</Cockpit>
		</Camera>
		<Axles>
			<Axle Frame="BoneAxle1" />
			<Axle Frame="BoneAxle2" />
			<Axle Frame="BoneAxle3" />
		</Axles>
	</TruckData>
	<PhysicsModel Mesh="trucks/royal_bm17">
		<NetSync Legacy="false" />
		<Body _template="Gravity"
			CenterOfMassOffset="(-0.5; 0; 0)"
			ImpactType="Truck"
			Mass="5100"
			ModelFrame="BoneChassis_cdt"
			NetSync="pv"
		>
			<Body _template="Gravity"
				CenterOfMassOffset="(0.3; 0.3; 0)"
				ImpactType="Truck"
				Mass="4360"
				ModelFrame="BoneCabin_cdt"
				NetSync="pv"
			>
				<Constraint
					AxisLocal="(1; 0; 0)"
					PivotOffset="(0; 0; 0)"
					Type="Hinge"
					MinLimit="-10"
					MaxLimit="10"
				>
					<Motor Damping="90000" Spring="180000" Type="Spring" />
				</Constraint>
				<Body _template="TieRod" ModelFrame="BoneTieRod1_cdt">
					<Constraint
						AxisLocal="(0; -1; 0)"
						Name="TieRodSteer"
						MinLimit="-30"
						MaxLimit="30"
					/>
				</Body>
				<Body _template="SideMirror" ModelFrame="BoneMirrorLeft_cdt"  _template="Gravity"/>
				<Body _template="SideMirror" ModelFrame="BoneMirrorRight_cdt"  _template="Gravity"/>
				<Body _template="Gravity"
					CenterOfMassOffset="(0; 0; 0)"
					ImpactType="Truck"
					Mass="5"
					ModelFrame="BoneSunshieldLeft_cdt"
				>
					<Constraint
						AxisLocal="(0; 0; -1)"
						PivotOffset="(0; 0; 0)"
						Type="Hinge"
						MinLimit="-11"
						MaxLimit="1"
					>
						<Motor Damping="0.004" Spring="40" Type="Spring" />
					</Constraint>
				</Body>
				<Body _template="Gravity"
					CenterOfMassOffset="(0; 0; 0)"
					ImpactType="Truck"
					Mass="5"
					ModelFrame="BoneSunshieldRight_cdt"
				>
					<Constraint
						AxisLocal="(0; 0; -1)"
						PivotOffset="(0; 0; 0)"
						Type="Hinge"
						MinLimit="-15"
						MaxLimit="1"
					>
						<Motor Damping="0.001" Spring="35" Type="Spring" />
					</Constraint>
				</Body>
				<Body _template="Mudguard" ModelFrame="BoneLeftFrontMudguard_cdt" _template="Gravity">
					<Constraint AxisLocal="(0; 0; 1)" MinLimit="-50" MaxLimit="35" />
				</Body>
				<Body _template="Mudguard" ModelFrame="BoneRightFrontMudguard_cdt" _template="Gravity">
					<Constraint AxisLocal="(0; 0; 1)" MinLimit="-50" MaxLimit="35" />
				</Body>
				<Body _template="Gravity"
					CenterOfMassOffset="(0; 0; 0)"
					Collisions="None"
					Mass="1"
					ModelFrame="SeatBealt_cdt"
				>
					<Constraint
						AxisLocal="(1; 0; 0)"
						PivotOffset="(0; 0; 0)"
						Type="Prismatic"
						MinLimit="-0.03"
						MaxLimit="0.015"
					>
						<Motor Damping="70" Spring="700" Type="Spring" />
					</Constraint>
				</Body>
				<Body _template="Gravity"
					CenterOfMassOffset="(0; 0; 0)"
					Collisions="None"
					Mass="1"
					ModelFrame="CordLeft_cdt"
				>
					<Constraint
						AxisLocal="(1; 0; 0)"
						PivotOffset="(0; 0; 0)"
						Type="Prismatic"
						MinLimit="-0.04"
						MaxLimit="0.02"
					>
						<Motor Damping="3" Spring="50" Type="Spring" />
					</Constraint>
				</Body>
				<Body _template="Gravity"
					CenterOfMassOffset="(0; 0; 0)"
					Collisions="None"
					Mass="1"
					ModelFrame="CordRight_cdt"
				>
					<Constraint
						AxisLocal="(1; 0; 0)"
						PivotOffset="(0; 0; 0)"
						Type="Prismatic"
						MinLimit="-0.04"
						MaxLimit="0.02"
					>
						<Motor Damping="4" Spring="40" Type="Spring" />
					</Constraint>
				</Body>
			</Body>
		</Body>
	</PhysicsModel>
	<ModelAttachments>
		<StopSignals>
			<Light _template="StopSignal" Pos="(-4.712; 1.237; 0)" />
			<Flare _template="StopSignal" Pos="(-4.675; 1.237; -0.85)" />
			<Flare _template="StopSignal" Pos="(-4.675; 1.237; 0.85)" />
		</StopSignals>
		<ReverseSignals>
			<Light _template="ReverseSignal" Color="g(250; 250; 250)" Pos="(-4.712; 1.237; 0)" />
			<Flare _template="ReverseSignal" Size="0.7" Pos="(-4.675; 1.237; -0.728)" />
			<Flare _template="ReverseSignal" Size="0.7" Pos="(-4.675; 1.237; 0.728)" />
			<Flare _template="BlueStreak" Color="g(250; 250; 250) x 0.05" Dir="(-1; 0; 0)" Size="0.4" Pos="(-4.675; 1.237; -0.728)" />
			<Flare _template="BlueStreak" Color="g(250; 250; 250) x 0.05" Dir="(-1; 0; 0)" Size="0.4" Pos="(-4.675; 1.237; 0.728)" />
		</ReverseSignals>
		<Ignition>
			<Light _template="IgnitionSignalWhite" Pos="(3.8; 1.056; 1.060)" ParentFrame="BoneCabin_cdt" />
			<Light _template="IgnitionSignalWhite" Pos="(3.8; 1.056; -1.060)" ParentFrame="BoneCabin_cdt" />
			<Light _template="IgnitionSignalRed" Pos="(-4.712; 1.237; 0)" />
			<Flare _template="IgnitionSignalRed" Dir="(-1; 0; 0)" Size="0.1" Pos="(-4.675; 1.234; 0.853)" />
			<Flare _template="IgnitionSignalRed" Dir="(-1; 0; 0)" Size="0.1" Pos="(-4.675; 1.234; -0.853)" />
			<Flare _template="MarkerBeacon" Color="g(255; 174; 0) x 0.3" Pos="(1.625; 3.184; -0.273)" ParentFrame="BoneCabin_cdt" />
			<Flare _template="MarkerBeacon" Color="g(255; 174; 0) x 0.3" Pos="(1.625; 3.184; 0)" ParentFrame="BoneCabin_cdt" />
			<Flare _template="MarkerBeacon" Color="g(255; 174; 0) x 0.3" Pos="(1.625; 3.184; 0.273)" ParentFrame="BoneCabin_cdt" />
			<Flare _template="IgnitionSignalRed" Color="g(169; 0; 0) x 0.7" Dir="(1; 0; 0)" Size="0.1" Pos="(3.54; 1.055; -1.199)" ParentFrame="BoneCabin_cdt" />
			<Flare _template="IgnitionSignalRed" Color="g(169; 0; 0) x 0.7" Dir="(1; 0; 0)" Size="0.1" Pos="(3.54; 1.055; 1.199)" ParentFrame="BoneCabin_cdt" />
			<Flare _template="IgnitionSignalOrange" Dir="(0; 0; -1)" Pos="(1.952; 2.163; -0.999)" ParentFrame="BoneCabin_cdt" />
			<Flare _template="IgnitionSignalOrange" Dir="(0; 0; 1)" Pos="(1.952; 2.163; 0.999)" ParentFrame="BoneCabin_cdt" />
			<Flare _template="IgnitionSignalOrange" Dir="(1; 0; 0)" Pos="(1.64; 2.77; -1.471)" ParentFrame="BoneCabin_cdt" />
			<Flare _template="IgnitionSignalOrange" Dir="(1; 0; 0)" Pos="(1.64; 2.77; 1.471)" ParentFrame="BoneCabin_cdt" />
			<Flare _template="IgnitionSignalWhite" DirAngle="120" Size="0.2" Pos="(3.6; 1.056; -1.060)" ParentFrame="BoneCabin_cdt" />
			<Flare _template="IgnitionSignalWhite" DirAngle="120" Size="0.2" Pos="(3.6; 1.056; 1.060)" ParentFrame="BoneCabin_cdt" />
			<Flare _template="IgnitionSignalWhite" DirAngle="120" Size="0.2" Pos="(3.703; 1.056; -0.905)" ParentFrame="BoneCabin_cdt" />
			<Flare _template="IgnitionSignalWhite" DirAngle="120" Size="0.2" Pos="(3.703; 1.056; 0.905)" ParentFrame="BoneCabin_cdt" />
		</Ignition>
		<HeadLight>
			<Model _template="HeadLightRay" Org="(3.709; 1.056; -0.896)" ParentFrame="BoneCabin_cdt" />
			<Model _template="HeadLightRay" Org="(3.709; 1.056; 0.896)" ParentFrame="BoneCabin_cdt" />
			<Flare _template="HeadLight" Color="g(245; 225; 180) x 0.5" Size="0.45" Pos="(3.709; 1.056; -0.896)" ParentFrame="BoneCabin_cdt" />
			<Flare _template="HeadLight" Color="g(245; 225; 180) x 0.5" Size="0.45" Pos="(3.709; 1.056; 0.896)" ParentFrame="BoneCabin_cdt" />
			<Flare _template="BlueStreak" Pos="(3.709; 1.056; -0.896)" ParentFrame="BoneCabin_cdt" />
			<Flare _template="BlueStreak" Pos="(3.709; 1.056; 0.896)" ParentFrame="BoneCabin_cdt" />
		</HeadLight>
	</ModelAttachments>
	<Landmark Mesh="landmarks/royal_bm17_lmk" MinScale="1.5" MaxScale="2.5" />
	<HeadLight _template="Default" Pos="(3.709; 1.056; 0)" ParentFrame="BoneCabin_cdt" />
	<GameData
		Country="US,NE,CE"
		Price="104500"
		UnlockByExploration="true"
		UnlockByRank="1"
	>
		<WinchSocket Pos="(3.792; 1.184; 0)" ParentFrame="BoneCabin_cdt" />
		<WinchSocket Pos="(-4.626; 0.933; 0)" />
		<WinchSocket Pos="(-1.815; 1.229; -0.389)" />
		<WinchSocket Pos="(-1.815; 1.229; 0.389)" />
		<WinchSocket Pos="(3.792; 1.184; 0.641)" ParentFrame="BoneCabin_cdt" />
		<WinchSocket Pos="(3.792; 1.184; -0.641)" ParentFrame="BoneCabin_cdt" />
		<UiDesc
			UiDesc="UI_VEHICLE_ROYAL_BM17_DESC"
			UiIcon30x30="offroadVehicleImg30"
			UiIcon328x458="shopImgScammell"
			UiIcon40x40="offroadVehicleImg"
			UiIconLogo="RoyalLogo80"
			UiName="UI_VEHICLE_ROYAL_BM17_NAME"
		/>
		<CustomizationCameras>
			<CameraPos FOV="32.0" Interior="true" Name="roof_sticker" InterestPosition="(3.589; 0.674; -0.706)" Position="(6.453; 5.829; -0.285)" />
			<CameraPos FOV="32.0" Interior="true" Name="sticker_1" InterestPosition="(6.609; 1.277; 1.412)" Position="(4.474; 2.728; -0.212)" />
			<CameraPos FOV="32.0" Name="addon_1" InterestPosition="(-0.508; 2.026; -0)" MaxXRotation="360" MaxYRotation="360" MaxZoom="2" Position="(-9.259; 3.714; 6.213)" />
			<CameraPos FOV="32.0" Name="addon_2" InterestPosition="(3.496; 0.486; 0)" MaxXRotation="360" MaxYRotation="360" MaxZoom="2" Position="(-0.029; 4.180; 4.334)" />
			<CameraPos FOV="32.0" Interior="true" Name="mirror_mount" InterestPosition="(6.438; 2.587; 1.715)" Position="(4.104; 2.885; -0.632)" />
			<CameraPos FOV="32.0" Name="side_r" InterestPosition="(4.764; 2.196; -0)" MaxXRotation="360" MaxYRotation="360" MaxZoom="2" Position="(-0.590; 4.639; 3.718)" />
			<CameraPos FOV="32.0" Interior="true" Name="sticker" InterestPosition="(6.726; 1.277; 2.848)" Position="(4.474; 2.728; -0.212)" />
			<CameraPos FOV="32.0" Interior="true" Name="glass_sticker" InterestPosition="(4.613; 2.54; -0.956)" Position="(8.46; 3.409; 0.655)" />
			<CameraPos FOV="32.0" Interior="true" Name="door_r_sticker" InterestPosition="(6.471; 1.745; 0)" Position="(3.984; 2.354; 3.093)" />
			<CameraPos FOV="32.0" Name="roof" InterestPosition="(4.758; 2.358; -0)" MaxXRotation="360" MaxYRotation="360" MaxZoom="2" Position="(10.787; 4.806; -3.717)" />
			<CameraPos FOV="32.0" Interior="true" Name="capote_sticker" InterestPosition="(5.454; 0.713; -0.581)" Position="(9.190; 5.504; -0.312)" />
			<CameraPos FOV="32.0" Name="hoods" InterestPosition="(5.716; 1.735; 0)" MaxXRotation="360" MaxYRotation="360" MaxZoom="2" Position="(13.576; 1.402; -3.863)" />
			<CameraPos FOV="32.0" Interior="true" Name="sticker_2" InterestPosition="(6.062; 1.277; 0.322)" Position="(4.651; 2.846; -0.267)" />
			<CameraPos FOV="32.0" Name="side_l" InterestPosition="(5.516; 1.36; 0)" MaxXRotation="360" MaxYRotation="360" MaxZoom="2" Position="(10.32; 4.555; 4.896)" />
			<CameraPos FOV="32.0" Interior="true" Name="bubble_head" InterestPosition="(6.609; 1.268; 1.367)" Position="(4.693; 2.899; -0.208)" />
			<CameraPos FOV="32.0" Name="wheels" InterestPosition="(0; 0.669; -1.5)" MaxXRotation="360" MaxYRotation="360" MaxZoom="2" Position="(13; 2; 5.834)" />
			<CameraPos FOV="32.0" Name="default" InterestPosition="(5.716; 1.735; 0)" MaxXRotation="360" MaxYRotation="360" MaxZoom="2" Position="(13.576; 1.402; -3.863)" />
			<CameraPos FOV="32.0" Name="rear" InterestPosition="(-0.868; 1.09; -0)" MaxXRotation="360" MaxYRotation="360" MaxZoom="2" Position="(-6.285; 2.053; 3.418)" />
			<CameraPos FOV="32.0" Interior="true" Name="door_l_sticker" InterestPosition="(4.476; 1.822; -0)" Position="(4.16; 2.415; -3.29)" />
			<CameraPos FOV="32.0" Interior="true" Name="hood_ornament" InterestPosition="(7.506; 2.361; -1.52)" Position="(8.557; 2.677; -1.52)" />
			<CameraPos FOV="32.0" Interior="true" Name="curtain" InterestPosition="(6.438; 2.587; 1.715)" Position="(4.104; 2.885; -0.632)" />
		</CustomizationCameras>
		<CraneSocket Pos="(3.792; 1.184; 0)" ParentFrame="BoneCabin_cdt" />
		<CraneSocket Pos="(-4.626; 0.933; 0)" />
		<CraneSocket Pos="(-1.815; 1.229; -0.389)" />
		<CraneSocket Pos="(-1.815; 1.229; 0.389)" />
		<CraneSocket Pos="(3.792; 1.184; 0.641)" ParentFrame="BoneCabin_cdt" />
		<CraneSocket Pos="(3.792; 1.184; -0.641)" ParentFrame="BoneCabin_cdt" />
		<CraneSocket Pos="(0.75; 3.12; 0)" />
		<AddonSockets>
			<Socket Names="RoyalBm17SpareWheel" NamesBlock="MinicraneNavistar" Offset="(0; 0; 0)" ParentFrame="BoneChassis_cdt">
				<ExtraParent Frame="BoneCabin_cdt" />
			</Socket>
		</AddonSockets>
		<AddonSockets>
			<Socket
				Names="DerryLonghorn3194SpareWheel"
				NamesBlock="FrameAddonLogShort, FrameAddonLogMedium, FrameAddonTow, LogLift, BigCraneUs, BigCraneUsWS4964, MetalDetector, MinicraneNavistar, RoyalBM17CabinProtector, FrameAddon, TatraSideboard, FrameAddonKung, FrameAddonTank, FrameAddonMaintainer, FrameAddonSeismicVibrator"
				Offset="(0.77; -0.53; 0)"
				ParentFrame="BoneChassis_cdt"
			>
				<ExtraParent Frame="BoneCabin_cdt" />
			</Socket>
		</AddonSockets>
		<AddonSockets>
			<Socket CablesName="env/trailer_cable" TruckCablesPos="(-1.15; 1.34; -0.03)" Names="LargeSemitrailer, LargeSemitrailerOiltank" Offset="(-3; 1.84; 0)" />
			<Socket CablesName="env/trailer_cable" TruckCablesPos="(-1.15; 1.34; -0.03)" Names="Semitrailer, SemitrailerOiltank" Offset="(-3; 1.66; 0)" >
				<AddonsShift Offset="(0; 0; 0)" TrailerNamesBlock="SemitrailerOiltank" Types="MinicraneNavistar, RoyalBM17CabinProtector" />
			</Socket>
			<Socket Names="Trailer" Offset="(-4.661; 0.932; 0)">
				<!-- <AddonsShift Offset="(0; 0; 0)" TrailerNamesBlock="Trailer" Types="MinicraneNavistar, FrameAddon" /> -->
			</Socket>
		</AddonSockets>
		<AddonSockets>
			<Socket Names="BunkLog" Offset="(-6.5; 1.344; 0)" NamesBlock="MinicraneNavistar, MetalDetector" />
			<Socket Names="FrameAddonLogShort" NamesBlock="MinicraneNavistar, MetalDetector, RoyalBM17CabinProtector" Offset="(-2.18; 1.34; 0)" />
			<Socket Names="FrameAddonLogMedium" NamesBlock="MinicraneNavistar, MetalDetector, RoyalBM17CabinProtector, Trailer" Offset="(-2.18; 1.34; 0)" />
			<Socket Names="SaddleLow" Offset="(-3; 1.34; 0)">
				<ExtraParent Frame="BoneCabin_cdt" />
			</Socket>
			<Socket Names="SaddleHigh" Offset="(-3; 1.34; 0)">
				<ExtraParent Frame="BoneCabin_cdt" />
				<!-- <AddonsShift Offset="(0; 0; 0)" TrailerNamesBlock="SaddleHighRoyalBm17" Types="MinicraneNavistar, RoyalBM17CabinProtector" /> -->
			</Socket>
			<!--<Socket Names="SaddleHighRoyalBm17" Offset="(-2.365; 1.34; 0)">
				<ExtraParent Frame="BoneCabin_cdt" />
			</Socket>-->
			<Socket Names="FrameAddonTow" Offset="(-2.9; 1.339; 0)" ParentFrame="BoneChassis_cdt"  NamesBlock="MinicraneNavistar, MetalDetector" >
				<AddonsShift Offset="(-0.5; 0; 0)" Types="RoyalBM17CabinProtector" />
			</Socket>						
			<Socket Names="FrameAddon" Offset="(-2.218; 1.339; 0)" ParentFrame="BoneChassis_cdt">
				<AddonsShift Offset="(-0.85; 0; 0)" Types="MinicraneNavistar" />
				<!-- <AddonsShift Offset="(0; 0; 0)" TrailerNamesBlock="FrameAddon" Types="MinicraneNavistar, RoyalBM17CabinProtector" /> -->
			</Socket>
			<Socket Names="TatraSideboard" Offset="(-1.248; 0.133; 0)" NamesBlock="MinicraneNavistar" ParentFrame="BoneChassis_cdt">
				<!--<AddonsShift Offset="(-0.63; 0; 0)" Types="MinicraneNavistar" />-->
			</Socket>
			<Socket Names="FrameAddonKung" Offset="(-2.84; 1.413; 0)" ParentFrame="BoneChassis_cdt">
				<ExtraParent Frame="BoneChassis_cdt" Offset="(0; 0; -0.08)" />
				<ExtraParent Frame="BoneChassis_cdt" Offset="(0; 0; 0.08)" />
			</Socket>
			<Socket Names="FrameAddonTank" Offset="(-3.165; 1.339; 0)" ParentFrame="BoneChassis_cdt">
			</Socket>
			<Socket Names="FrameAddonMaintainer" NamesBlock="MetalDetector, Trailer, RoyalBM17CabinProtector" Offset="(-2.85; 0.307; 0)" ParentFrame="BoneChassis_cdt" />
			<Socket Names="FrameAddonSeismicVibrator" NamesBlock="MetalDetector, MinicraneNavistar, Trailer, RoyalBM17CabinProtector" Offset="(-0.08; 1.341; 0)" ParentFrame="BoneChassis_cdt" />
			<Socket Names="BigCraneUs" NamesBlock="MetalDetector, MinicraneNavistar, Semitrailer, RoyalBM17CabinProtector" Offset="(-2.891; 1.442; 0)">
				<ExtraParent Frame="BoneChassis_cdt" Offset="(0; -0.1; 0)" />
				<ExtraParent Frame="BoneChassis_cdt" Offset="(0; -0.1; 0)" />
			</Socket>
		</AddonSockets>
		<AddonSockets>
			<Socket Names="LogLift" Dir="(0;0;-1)" Offset="(-1.85; 1.345; 0)" NamesBlock="FrameAddonTow, BigCraneUs, BigCraneUsWS4964, FrameAddonLogShort, FrameAddonLogMedium, FrameAddon, TatraSideboard, FrameAddonKung, FrameAddonTank, FrameAddonMaintainer, FrameAddonSeismicVibrator, " >
				<AddonsShift Offset="(0.75; 0; 0)" Types="BunkLog" />
				<AddonsShift Offset="(0.75; 0; 0)" Types="SaddleLow" />
				<AddonsShift Offset="(0.75; 0; 0)" Types="SaddleHigh" />
			</Socket>
			<Socket Names="MetalDetector" NamesBlock="SaddleLow1, FrameAddonKung, FrameAddonTank, FrameAddon, TatraSideboard, SaddleHigh, RoyalBm17SpareWheel" Offset="(-1.256; 0.287; 0)" ParentFrame="BoneChassis_cdt" />
			<Socket Names="MinicraneNavistar" NamesBlock="FrameAddonKung, FrameAddonTank, FrameAddonMaintainer" Offset="(-0.1; 1.343; 0)">
				<AddonsShift Offset="(-0.38; 0; 0)" Types="RoyalBM17Exhaust" />
			</Socket>
		</AddonSockets>
		<AddonSockets>
			<Socket Names="RoyalBM17Bumper" Offset="(0; 0; 0)" ParentFrame="BoneCabin_cdt" />
		</AddonSockets>
		<AddonSockets>
			<Socket Names="RoyalBM17Horn" NamesBlock="RoyalBM17Horn2, RoyalBM17SpotLight2" ParentFrame="BoneCabin_cdt" />
		</AddonSockets>
		<AddonSockets>
			<Socket Names="RoyalBM17Horn2" Offset="(0; 0; 0)" ParentFrame="BoneCabin_cdt" />
		</AddonSockets>
		<AddonSockets DefaultAddon="royal_bm17_visor_default">
			<Socket Names="RoyalBM17Visor" Offset="(0; 0; 0)" ParentFrame="BoneCabin_cdt" />
		</AddonSockets>
		<AddonSockets>
			<Socket Names="RoyalBM17Beacon" Offset="(0; 0; 0)" ParentFrame="BoneCabin_cdt" />
		</AddonSockets>
		<AddonSockets>
			<Socket Names="RoyalBM17SpotLight2" NamesBlock="RoyalBM17Beacon" ParentFrame="BoneCabin_cdt" />
			<Socket Names="RoyalBM17SpotLight" ParentFrame="BoneCabin_cdt" />
		</AddonSockets>
		<AddonSockets>
			<Socket Names="RoyalBM17Gabarite" Offset="(0; 0; 0)" ParentFrame="BoneCabin_cdt" />
		</AddonSockets>
		<AddonSockets DefaultAddon="royal_bm17_air_conditioner_default">
			<Socket Names="RoyalBM17Conditioner" Offset="(0; 0; 0)" ParentFrame="BoneCabin_cdt" />
		</AddonSockets>
		<AddonSockets DefaultAddon="royal_bm17_air_conditioner_default">
			<Socket Names="RoyalBM17Conditioner2" Offset="(0; 0; 0)" ParentFrame="BoneCabin_cdt" />
		</AddonSockets>
		<AddonSockets>
			<Socket Names="RoyalBM17CabinProtector" NamesBlock="FrameAddon, TatraSideboard, FrameAddonTank, FrameAddonKung" Offset="(0; 0; 0)" ParentFrame="BoneCabin_cdt">
				<AddonsShift Offset="(-1.2; 0; 0)" Types="MinicraneNavistar" />
				<ExtraParent Frame="BoneChassis_cdt" />
			</Socket>
		</AddonSockets>
		<AddonSockets DefaultAddon="royal_bm17_snorkel_default">
			<Socket Names="RoyalBM17Snorkel" Offset="(0; 0; 0)" ParentFrame="BoneCabin_cdt" />
		</AddonSockets>
		<AddonSockets DefaultAddon="royal_bm17_exhaust_default">
			<Socket Names="RoyalBM17Exhaust" Offset="(0; 0; 0)" ParentFrame="BoneCabin_cdt" >
				<AddonsShift Offset="(0; 0; 0)" TrailerNamesBlock="RoyalBM17Exhaust" Types="MinicraneNavistar, FrameAddon" />
			</Socket>
			<Socket Names="RoyalBM17Exhaust" Offset="(0; 0; 0)" ParentFrame="BoneCabin_cdt" >
				<AddonsShift Offset="(0; 0; 0)" TrailerNamesBlock="RoyalBM17Exhaust" Types="MinicraneNavistar, FrameAddon" />
			</Socket>
		</AddonSockets>
		<AddonSockets>
			<Socket
				InCockpit="true"
				Names="StuffDashboard"
				Offset="(1.907; 2.428; 0.016)"
				ParentFrame="BoneCabin_cdt"
			/>
		</AddonSockets>
		<AddonSockets>
			<Socket InCockpit="true" Names="royalBm17Sticker_1x1_01" ParentFrame="BoneCabin_cdt" />
		</AddonSockets>
		<AddonSockets>
			<Socket InCockpit="true" Names="royalBm17Sticker_1x1_02" ParentFrame="BoneCabin_cdt" />
		</AddonSockets>
		<AddonSockets>
			<Socket InCockpit="true" Names="royalBm17Sticker_1x1_03" ParentFrame="BoneCabin_cdt" />
		</AddonSockets>
		<AddonSockets>
			<Socket InCockpit="true" Names="royalBm17Sticker_1x1_04" ParentFrame="BoneCabin_cdt" />
		</AddonSockets>
		<AddonSockets>
			<Socket InCockpit="true" Names="royalBm17Sticker_1x2_01" ParentFrame="BoneCabin_cdt" />
		</AddonSockets>
		<AddonSockets>
			<Socket InCockpit="true" Names="royalBm17Sticker_1x4_01" ParentFrame="BoneCabin_cdt" />
		</AddonSockets>
		<AddonSockets>
			<Socket InCockpit="true" Names="royalBm17Sticker_GlassTop" ParentFrame="BoneCabin_cdt" />
		</AddonSockets>
		<AddonSockets>
			<Socket InCockpit="true" Names="royalBm17Sticker_GlassBottom" ParentFrame="BoneCabin_cdt" />
		</AddonSockets>
		<AddonSockets>
			<Socket Names="royalBm17Sticker_Door_L" ParentFrame="BoneCabin_cdt" />
		</AddonSockets>
		<AddonSockets>
			<Socket Names="royalBm17Sticker_Door_R" ParentFrame="BoneCabin_cdt" />
		</AddonSockets>
		<AddonSockets>
			<Socket Names="royalBm17Sticker_Capote" ParentFrame="BoneCabin_cdt" />
		</AddonSockets>
		<AddonSockets>
			<Socket Names="royalBm17Sticker_Roof" ParentFrame="BoneCabin_cdt" />
		</AddonSockets>
		<AddonSockets>
			<Socket
				InCockpit="true"
				Names="StuffAirfreshener"
				Offset="(1.758; 3.008; 0.044)"
				ParentFrame="BoneCabin_cdt"
			/>
			<Socket InCockpit="true" Names="StuffCurtainRoyalBm17" ParentFrame="BoneCabin_cdt" />
		</AddonSockets>
		<AddonSockets>
			<Socket Names="StuffHoodRoyalBm17" ParentFrame="BoneCabin_cdt" />
		</AddonSockets>
		<AddonSockets>
			<Socket Names="international_paystar_5070DiffLock" Offset="(0; 0; 0)" ParentFrame="BoneChassis_cdt" />
		</AddonSockets>
		<AddonSockets>
			<Socket Names="AddonHornsSmall" NamesBlock="StuffHoodRoyalBm17" Offset="(3.311; 2.270; 0)" ParentFrame="BoneCabin_cdt" />
		</AddonSockets>
	</GameData>
	<ControlledConstraints>
		<Constraint Id="chassis_steer" IsLinkedSteering="true" Name="TieRodSteer" />
	</ControlledConstraints>
	<AutomaticIK>
		<IKBone ModelFrame="BoneTieRod2" ParentFrame="BoneTieRod1_cdt">
			<IKJoint AxisLocal="(1; 0; 0)" Type="Hinge2" />
			<IKBone
				AttachOffset="(0; 0; 0)"
				AttachToFrame="BoneRackLeft"
				ModelFrame="BoneTieRod3"
			>
				<IKJoint AxisLocal="(1; 0; 0)" Type="Slider" />
			</IKBone>
		</IKBone>
	</AutomaticIK>
</Truck>
