<_templates Include="trucks">
	<Wheel>
		<RearWheel
			ConnectedToHandbrake="true"
			Location="rear"
			Torque="default"
			ParentFrame="BoneSuspension_cdt"
		/>
		<FrontWheel
			Location="front"
			SteeringAngle="30"
			SteeringCastor="8"
			Torque="default"
			ParentFrame="BoneCabin_cdt"
		/>
	</Wheel>
	<Flare>
		<IgnitionSignalOrange
			AspectRatio="1.4"
			Color="g(255; 140; 0) x 0.4"
			ColorMultAtDay="0.6"
			Dir="(0; 1; 0)"
			DirAngle="180"
			Size="0.1"
		/>
	</Flare>
	<Body>
		<SunShield Collisions="None" Mass="2">
			<Constraint
				AxisLocal="(0; 0; 1)"
				Type="Hinge"
				MinLimit="-1"
				MaxLimit="11"
			>
				<Motor Damping="0.03" Spring="30" Type="Spring" />
			</Constraint>
		</SunShield>
		<Mudguard Mass="10">
			<Constraint Type="Hinge" AxisLocal="(0; 0; 1)" MinLimit="-65" MaxLimit="35">
				<Motor Damping="1" Spring="10" Type="Spring" />
			</Constraint>
		</Mudguard>
	</Body>
</_templates>
<Truck>
	<TruckData
		BackSteerSpeed="0.02"
		DiffLockType="Installed"
		EngineIconMesh="env/engine_default"
		EngineIconScale="1.3"
		EngineStartDelay="0.8"
		ExhaustStartTime="0.9"
		FuelCapacity="300"
		Responsiveness="1"
		SteerSpeed="0.022"
		TruckImage="voronAE4380mchr"
		TruckType="OFFROAD"
	>
		<WinchUpgradeSocket Default="w_medium_trucks_default" IsUpgradable="true" Type="winches_medium_trucks" />
		<Wheels
			DefaultRim="rim_offroad_7"
			DefaultTire="offroad_2n"
			DefaultWheelType="ford_clt9000_rear"
		>
			<Wheel _template="FrontWheel" Pos="(2.443; 0.63; 1.056)" />
			<Wheel _template="FrontWheel" RightSide="true" Pos="(2.443; 0.63; 1.056)" />
			<Wheel _template="RearWheel" Pos="(-2.114; 0.643; 1.056)" />
			<Wheel _template="RearWheel" RightSide="true" Pos="(-2.114; 0.643; 1.056)" />
			<Wheel _template="RearWheel" Pos="(-3.519; 0.617; 1.056)" />
			<Wheel _template="RearWheel" RightSide="true" Pos="(-3.519; 0.617; 1.056)" />
		</Wheels>
		<SuspensionSocket
			Default="voron_ae4380_suspension_default"
			Type="s_voron_ae4380"
			MaxWheelRadiusWithoutSuspension="0.63"
		/>
		<SteeringWheel Frame="BoneSteering" />
		<SteeringRack
			Frame="BoneRack"
			FrameSteerLeft="BoneRackL"
			FrameSteerRight="BoneRackR"
			RackHalfSizeZ="0.756"
		/>
		<Steam Origin="(2.751; 1.458; 0)" />
		<SoundsWheels _template="Default" />
		<SoundsDamage _template="Heavy" />
		<Sounds
			_template="Default"
			AirHissInterval="12.0"
			DisableReversePitch="false"
			Origin="(2.45; 1.575; 0)"
			MinDist="10.0"
			ParentFrame="BoneCabin_cdt"
		>
			<Reverse		Sound="trucks/voron_ae4380/voron_ae4380_reverse" />
			<BrakesSqueal	Sound="trucks/voron_ae4380/voron_ae4380_brakes_squeal" />
			<BrakeRelease	Sound="trucks/common/truck_brake_release_alt2_rnd_set/truck_brake_release_alt2_rnd" />
			<Handbrake		Sound="trucks/voron_ae4380/voron_ae4380_handbrake_on" />
			<HandbrakeOff	Sound="trucks/voron_ae4380/voron_ae4380_handbrake_off" />
			<Honk			Sound="trucks/voron_ae4380/voron_ae4380_honk" />
			<EngineRev		Sound="trucks/voron_ae4380/voron_ae4380_rev" />
			<EngineAccel	Sound="trucks/voron_ae4380/voron_ae4380_acc" />
			<EngineStart	Sound="trucks/voron_ae4380/voron_ae4380_start" />
			<EngineStop		Sound="trucks/voron_ae4380/voron_ae4380_stop" />
			<EngineIdle		Sound="trucks/voron_ae4380/voron_ae4380_idle" />
			<EngineIdle_2d	Sound="trucks/voron_ae4380/voron_ae4380_idle_2d"	IsSound2D="true" />
			<EngineLow		Sound="trucks/voron_ae4380/voron_ae4380_low" />
			<EngineLow_2d	Sound="trucks/voron_ae4380/voron_ae4380_low_2d"	IsSound2D="true" />
			<EngineHigh		Sound="trucks/voron_ae4380/voron_ae4380_high" />
			<EngineHigh_2d	Sound="trucks/voron_ae4380/voron_ae4380_high_2d"	IsSound2D="true" />
			<EngineHeavy	Sound="trucks/voron_ae4380/voron_ae4380_heavy" />
			<EngineHeavy_2d	Sound="trucks/voron_ae4380/voron_ae4380_heavy_2d"	IsSound2D="true" />
			<AbruptStop		Sound="trucks/common/truck_swing_big_rnd_set/truck_swing_big_rnd" />
		</Sounds>
		<Shakers>
			<Shaker
				Frame="BoneGearstick"
				MinAngle="(0.3; 0.3; 0.3)"
				MaxAngle="(2; 2; 2)"
				MaxFrequency="0.1"
				ParentFrame="BoneCabinDamper_cdt"
			/>
		</Shakers>
		<Shafts>
			<Shaft SocketPointA="Shaft1a" SocketPointB="Shaft1b" />
			<Shaft SocketPointA="Shaft2a" SocketPointB="Shaft2b" />
			<Shaft SocketPointA="Shaft3a" SocketPointB="Shaft3b" />
			<Shaft SocketPointA="Shaft4a" SocketPointB="Shaft4b" />
		</Shafts>
		<OcclusionMap HalfSizeZ="2" MinX="-5" MaxX="4" />
		<!--<LimitedFluid
			Center="(-0.237; 0.914; -0.857)"
			SizeX="0.678"
			SizeY="0.429"
			SizeZ="0.640"
			Type="Box"
		/>-->
		<Intake Dir="(1; 0; 0)" Origin="(3.602; 1.543; 0)" Size="1" />
		<GearboxSocket Default="g_truck_default" Type="gearboxes_trucks" />
		<FuelTank DamageCapacity="50" />
		<EngineSocket Default="ru_truck_old_heavy_engine_0" Type="e_ru_truck_old_heavy" />
		<Driver
			LegsOffset="(0; 0.07; 0)"
			Pos="(1.201; 1.77; 0.517)"
			SteeringWheelPos="(1.583; 2.098; 0.51)"
			ParentFrame="BoneCabin_cdt"
		/>
		<Dashboard>
			<Gauge Damping="0" Dir="(-0.941; 0.339; -0.005)" InputRange="(0;1)" InputType="engineEnabled" Mesh="trucks/arrows/voron_ae4380_arrow_03" Org="(1.819; 2.063; 0.772)" OutputAngles="(-65;-7)" />
			<Gauge Damping="0" Dir="(-0.94; 0.343; 0.002)" InputRange="(0;1)" InputType="engineEnabled" Mesh="trucks/arrows/voron_ae4380_arrow_03" Org="(1.794; 1.993; 0.772)" OutputAngles="(-60;25)" />
			<Gauge Damping="0" Dir="(-0.941; 0.339; -0.001)" InputRange="(0;1)" InputType="engineEnabled" Mesh="trucks/arrows/voron_ae4380_arrow_01" Org="(1.815; 2.045; 0.683)" OutputAngles="(-90;5)" />
			<Gauge Damping="0" Dir="(-0.941; 0.339; 0.002)" InputRange="(0;1)" InputType="engineEnabled" Mesh="trucks/arrows/voron_ae4380_arrow_01" Org="(1.813; 2.039; 0.683)" OutputAngles="(-90;-220)" />
			<Gauge Damping="0" Dir="(-0.941; 0.338; 0.001)" InputRange="(0;1)" InputType="rpm" Mesh="trucks/arrows/voron_ae4380_arrow_02" Org="(1.818; 2.057; 0.575)" OutputAngles="(-100;110)" />
			<Gauge Damping="0" Dir="(-0.941; 0.338; 0)" InputRange="(0;160)" InputType="speed" Mesh="trucks/arrows/voron_ae4380_arrow_02" Org="(1.818; 2.057; 0.449)" OutputAngles="(-122;140)" />
			<Gauge Damping="0" Dir="(-0.94; 0.34; -0.009)" InputRange="(0;1)" InputType="engineEnabled" Mesh="trucks/arrows/voron_ae4380_arrow_02" Org="(1.808; 2.03; 0.345)" OutputAngles="(-130;-36)" />
			<Gauge Damping="0" Dir="(-0.941; 0.339; -0.006)" InputRange="(0;1)" InputType="fuel" Mesh="trucks/arrows/voron_ae4380_arrow_03" Org="(1.817; 2.058; 0.248)" OutputAngles="(-55;55)" />
			<Gauge Damping="0" Dir="(-0.94; 0.34; -0.005)" InputRange="(0;1)" InputType="engineEnabled" Mesh="trucks/arrows/voron_ae4380_arrow_03" Org="(1.791; 1.986; 0.248)" OutputAngles="(0;23)" />
		</Dashboard>
		<Damage>
			<DamageArea Type="Engine" Min="(2; 1.17; -0.6)" Max="(3.5; 2; 0.6)" ParentFrame="BoneCabin_cdt" />
			<DamageArea Type="FuelTank" Min="(-0.62; 0.65; -1.26)" Max="(0.15; 1.17; -0.45)" ParentFrame="BoneChassis_cdt" />
		</Damage>
		<!-- -->
		<!--Goodyear AT-3A (E-3) 16.00R20 radius: 0.656-->
		<!--<CompatibleWheels RearOffsetZ=".04" Scale="0.55" Type="wheels_heavy_double1" />-->
		<!-- -->
		<!--<CompatibleWheels RearOffsetZ=".08" Scale="0.63" Type="wheels_heavy_double2" />-->
		<CompatibleWheels OffsetZ="-0.02" Scale="0.63" Type="ford_clt9000_rear" />
		<CompatibleWheels RearOffsetZ=".08" Scale="0.635" Type="wheels_cat_th357_single" />
		<CompatibleWheels OffsetZ="0.02" Scale="0.65" Type="wheels_heavy_single" />
		<CompatibleWheels OffsetZ="0.02" Scale="0.615" Type="wheels_heavy_single2" /> 
		<CompatibleWheels OffsetZ="0.02" Scale="0.65" Type="semitrailer_gooseneck_3" /> 
		<!--<CompatibleWheels OffsetZ="0.02" Scale="0.655" Type="wheels_tatra_t813" />-->
		<CompatibleWheels Scale="0.63" Type="wheels_tatra_force_815_7" />
		<CompatibleWheels Scale="0.67" Type="wheels_tatra_force_815_7" />
		<CompatibleWheels Scale="0.67" Type="wheels_cat_th357_single" />

		<!--PREMIUM-->
		<CompatibleWheels Scale="0.57" Type="wheels_ural43223_single1/3526085" />
		<CompatibleWheels Scale="0.63" Type="wheels_ural432001_single1/3526085" />
		<CompatibleWheels Scale="0.60" Type="wheels_ural432031_single1/3526085" />
		<CompatibleWheels Scale="0.65" Type="wheels_ural432031_single2/3526085" />
		<CompatibleWheels Scale="0.65" OffsetZ="0.1" RearOffsetZ="0.1" Type="wheels_ural4320_arki1/3526085" />
		<CompatibleWheels Scale="0.69" Type="wheels_ural375_single1/3526085"	OffsetZ="-0.046" />
		<Camera Center="(0; 0; 0)" ParentFrame="BoneCabin_cdt">
			<Cockpit
				_template="Default"
				WindshieldDiffuseTexture="trucks/voron_ae4380_glass__d_a.tga"
				WindshieldShadingTexture="trucks/voron_ae4380_glass__sh_d.tga"
				ViewPos="(1.252; 2.41; 0.517)"
			>
				<Rear ViewPosOffset="(0; -0.1; 0.7)" />
				<Mirror
					ClipDir="(-0.905; -0.082; -0.418)"
					FOVScale="1.8"
					MeshFrame="mirror_left"
					ReflectionDir="(-0.905; -0.082; -0.418)"
					Size="(0.17; 0.36)"
					Pos="(1.574; 2.373; 1.194)"
				>
					<SecondaryView
						ClipDir="(-0.905; -0.082; -0.418)"
						CurveAngle="5"
						FOVScale="1.25"
						MeshFrame="mirror_left_1"
						Size="(0.17; 0.12)"
						Pos="(1.613; 2.117; 1.214)"
					/>
				</Mirror>
				<Mirror
					ClipDir="(-0.811; -0.07; 0.581)"
					ClipOffset="0.1"
					FOVScale="2.4"
					MeshFrame="mirror_right"
					ReflectionDir="(-0.811; -0.07; 0.581)"
					Size="(0.17; 0.36)"
					Pos="(1.685; 2.378; -1.194)"
				>
					<SecondaryView
						ClipDir="(-0.811; -0.07; 0.581)"
						CurveAngle="5"
						FOVScale="1.4"
						MeshFrame="mirror_right_1"
						Size="(0.17; 0.12)"
						Pos="(1.723; 2.118; -1.225)"
					/>
				</Mirror>
				<Mirror ClipDir="(-0.93; -0.073; 0.36)" ClipOffset="0.1" FOVScale="1.75" MeshFrame="hp_cab_mirror" ReflectionDir="(-0.93; -0.073; 0.36)" Size="(0.27; 0.08)" Pos="(1.769; 2.478; 0.004)" />
			</Cockpit>
		</Camera>
		<Axles>
			<Axle Frame="BoneAxle1" />
			<Axle Frame="BoneAxle2" />
			<Axle Frame="BoneAxle3" />
		</Axles>
	</TruckData>
	<PhysicsModel Mesh="trucks/voron_ae4380">
		<NetSync Legacy="false" />
		<Body _template="Gravity"
			CenterOfMassOffset="(-0.5; 0; 0)"
			ImpactType="Truck"
			Mass="2930"
			ModelFrame="BoneChassis_cdt"
			NetSync="pv"
		>
			<Body _template="Gravity"
				CenterOfMassOffset="(0.8; 0; 0)"
				ImpactType="Truck"
				Mass="2460"
				ModelFrame="BoneCabin_cdt"
				NetSync="pv"
			>
				<Constraint
					AxisLocal="(1; 0; 0)"
					PivotOffset="(0; 0; 0)"
					Type="Hinge"
					MinLimit="-15"
					MaxLimit="15"
				>
					<Motor Damping="24000" Spring="240000" Type="Spring" />
				</Constraint>
				<Body _template="Gravity"
					CenterOfMassOffset="(0.4; 0; 0)"
					ImpactType="Truck"
					Mass="1400"
					ModelFrame="BoneCabinDamper_cdt"
				>
					<Constraint
						Cone="2"
						PlaneAxisLocal="(0; 0; 1)"
						TwistAxisLocal="(0; 1; 0)"
						Type="Ragdoll"
						PlaneMin="-2"
						PlaneMax="2"
					>
						<PlaneMotor Damping="150000" Spring="300000" Type="Spring" />
						<ConeMotor Damping="70000" Spring="150000" Type="Spring" />
					</Constraint>
					<Body _template="Mudguard" ModelFrame="BoneLeftMudguard_cdt"  _template="Gravity"/>
					<Body _template="Mudguard" ModelFrame="BoneRightMudguard_cdt"  _template="Gravity"/>
					<Body _template="SideMirror" ModelFrame="BoneMirrorLeft_cdt" _template="Gravity">
						<Constraint AxisLocal="(0; 1; 0)" />
					</Body>
					<Body _template="SideMirror" ModelFrame="BoneMirrorRight_cdt" _template="Gravity">
						<Constraint AxisLocal="(0; 1; 0)" />
					</Body>
					<Body _template="SideMirror" ModelFrame="BoneMirror_cdt" _template="Gravity">
						<Constraint
							AxisLocal="(0; 0; 1)"
							Type="Hinge"
							MinLimit="-5"
							MaxLimit="5"
						>
							<Motor Damping="1" Spring="10" Type="Spring" />
						</Constraint>
					</Body>
					<Body _template="Gravity" Mass="0.2" ModelFrame="BoneKeyFob_cdt">
						<Constraint
							AxisLocal="(0; 0; 1)"
							PivotOffset="(0; 0; 0)"
							Type="Hinge"
							MinLimit="-50"
							MaxLimit="50"
						>
							<Motor Damping="0.001" Spring="0.001" Type="Spring" />
						</Constraint>
					</Body>
					<Body _template="SunShield" ModelFrame="BoneSunshieldLeft_cdt"  _template="Gravity"/>
					<Body _template="SunShield" ModelFrame="BoneSunshieldRight_cdt"  _template="Gravity"/>
					<Body _template="Gravity"
						Collisions="None"
						ImpactType="Truck"
						Mass="1"
						ModelFrame="BoneBelt_cdt"
					>
						<Constraint
							AxisLocal="(0; 1; 0)"
							Type="Hinge"
							MinLimit="-30"
							MaxLimit="43"
						>
							<Motor Damping="25" Spring="2.5" Type="Spring" />
						</Constraint>
					</Body>
					<Body _template="Gravity"
						Collisions="None"
						ImpactType="Truck"
						Mass="1"
						ModelFrame="BoneBelt2_cdt"
					>
						<Constraint
							AxisLocal="(0; 0; 1)"
							Type="Hinge"
							MinLimit="-6"
							MaxLimit="6"
						>
							<Motor Damping="2" Spring="20" Type="Spring" />
						</Constraint>
					</Body>
					<Body _template="Gravity" Collisions="None" Mass="1" ModelFrame="BoneCord1_cdt">
						<Constraint
							AxisLocal="(1; 0; 0)"
							Type="Prismatic"
							MinLimit="-0.2"
							MaxLimit="0.6"
						>
							<Motor Damping="7" Spring="70" Type="Spring" />
						</Constraint>
					</Body>
				</Body>
				<Body _template="TieRod" ModelFrame="BoneTieRod_cdt" _template="Gravity">
					<Constraint
						AxisLocal="(0; 0; 1)"
						Name="TieRodSteer"
						MinLimit="-30"
						MaxLimit="30"
					/>
				</Body>
			</Body>
			<Body _template="Gravity" Collisions="Default" Mass="1870" ModelFrame="BoneSuspension_cdt">
				<Constraint
					AxisLocal="(0; 0; 1)"
					Type="Hinge"
					MinLimit="-6.5"
					MaxLimit="6.5"
				/>
			</Body>
			<Body _template="Gravity" Collisions="None" Mass="1" ModelFrame="BoneCord2_cdt">
				<Constraint
					AxisLocal="(0; 0; 1)"
					Type="Prismatic"
					MinLimit="-0.3"
					MaxLimit="0.4"
				>
					<Motor Damping="5" Spring="30" Type="Spring" />
				</Constraint>
			</Body>
		</Body>
	</PhysicsModel>
	<ModelAttachments>
		<StopSignals>
			<Light _template="StopSignal" Pos="(-4.813; 0.987; -0.909)" />
			<Light _template="StopSignal" Pos="(-4.813; 0.987; 0.909)" />
			<Flare _template="StopSignal" Pos="(-4.767; 0.987; -0.909)" />
			<Flare _template="StopSignal" Pos="(-4.767; 0.987; 0.909)" />
		</StopSignals>
		<ReverseSignals>
			<Light _template="ReverseSignal" Color="g(245; 235; 220) x 0.9" Pos="(0.718; 2.486; 0.718)" ParentFrame="BoneCabinDamper_cdt" />
			<!-- <Light _template="ReverseSignal" Pos="(-4.774; 0.987; -0.813)" Color="g(245; 235; 220) x 0.9" /> -->
			<Light _template="ReverseSignal" Color="g(245; 235; 220) x 1.1" Pos="(-4.774; 0.987; 0)" />
			<Flare _template="ReverseSignal" Color="g(245; 235; 220) x 0.6" Size="0.4" Pos="(0.718; 2.486; 0.718)" ParentFrame="BoneCabinDamper_cdt" />
			<Flare _template="ReverseSignal" Size="0.4" Pos="(-4.774; 0.987; -0.813)" />
			<Flare _template="ReverseSignal" Size="0.4" Pos="(-4.774; 0.987; 0.813)" />
			<Flare _template="BlueStreak" Color="g(220; 220; 255) x 0.05" Dir="(-1; 0; 0)" Size="0.4" Pos="(0.705; 2.486; 0.718)" ParentFrame="BoneCabinDamper_cdt" />
			<Flare _template="BlueStreak" Color="g(220; 220; 255) x 0.05" Dir="(-1; 0; 0)" Size="0.4" Pos="(-4.774; 0.987; -0.813)" />
			<Flare _template="BlueStreak" Color="g(220; 220; 255) x 0.05" Dir="(-1; 0; 0)" Size="0.4" Pos="(-4.774; 0.987; 0.813)" />
		</ReverseSignals>
		<Ignition>
			<Light _template="IgnitionSignalWhite" Pos="(4; 1.013; 0.7)" ParentFrame="BoneCabinDamper_cdt" />
			<Light _template="IgnitionSignalWhite" Pos="(4; 1.013; -0.7)" ParentFrame="BoneCabinDamper_cdt" />
			<Light _template="IgnitionSignalRed" Pos="(-4.8; 1.025; -0)" />
			<Flare _template="MarkerBeacon" Dir="(0.342; 0.94; 0)" Pos="(1.736; 2.699; -0.833)" ParentFrame="BoneCabinDamper_cdt" />
			<Flare _template="MarkerBeacon" Dir="(0.342; 0.94; 0)" Pos="(1.736; 2.699; -0.245)" ParentFrame="BoneCabinDamper_cdt" />
			<Flare _template="MarkerBeacon" Dir="(0.342; 0.94; 0)" Pos="(1.736; 2.699; 0)" ParentFrame="BoneCabinDamper_cdt" />
			<Flare _template="MarkerBeacon" Dir="(0.342; 0.94; 0)" Pos="(1.736; 2.699; 0.245)" ParentFrame="BoneCabinDamper_cdt" />
			<Flare _template="MarkerBeacon" Dir="(0.342; 0.94; 0)" Pos="(1.736; 2.699; 0.833)" ParentFrame="BoneCabinDamper_cdt" />
			<Flare _template="IgnitionSignalWhite" Color="g(165; 149; 130) x 1.2" DirAngle="120" Size="0.25" Pos="(3.256; 1.456; -0.705)" ParentFrame="BoneCabinDamper_cdt" />
			<Flare _template="IgnitionSignalWhite" Color="g(165; 149; 130) x 1.2" DirAngle="120" Size="0.25" Pos="(3.256; 1.456; 0.705)" ParentFrame="BoneCabinDamper_cdt" />
			<!--<Flare _template="IgnitionSignalOrange" Dir="(1; 0; 0)" Pos="(3.291; 1.456; -0.831)" ParentFrame="BoneCabinDamper_cdt" />
			<Flare _template="IgnitionSignalOrange" Dir="(1; 0; 0)" Pos="(3.291; 1.456; 0.831)" ParentFrame="BoneCabinDamper_cdt" />
			<Flare _template="IgnitionSignalOrange" Pos="(2.369; 1.639; -1.182)" ParentFrame="BoneCabinDamper_cdt" />
			<Flare _template="IgnitionSignalOrange" Pos="(2.369; 1.639; 1.182)" ParentFrame="BoneCabinDamper_cdt" />
			<Flare _template="IgnitionSignalOrange" Dir="(0. 0. -1)" Pos="(0.972; 1.353; -1.056)" ParentFrame="BoneCabinDamper_cdt" />
			<Flare _template="IgnitionSignalOrange" Dir="(0. 0. 1)" Pos="(0.972; 1.353; 1.056)" ParentFrame="BoneCabinDamper_cdt" /> -->
			<!--<Flare _template="IgnitionSignalYellow" Dir="(-1; 0; 0)" Pos="(-4.774; 0.987; -1)" />
			<Flare _template="IgnitionSignalYellow" Dir="(-1; 0; 0)" Pos="(-4.774; 0.987; 1)" />-->
			<Flare _template="IgnitionSignalRed" AspectRatio="0.8" Size="0.15" Pos="(-4.774; 0.987; -0.917)" />
			<Flare _template="IgnitionSignalRed" AspectRatio="0.8" Size="0.15" Pos="(-4.774; 0.987; 0.917)" />
			<Flare _template="IgnitionSignalRed" AspectRatio="0.8" Size="0.15" Pos="(-4.774; 0.987; -1.09)" />
			<Flare _template="IgnitionSignalRed" AspectRatio="0.8" Size="0.15" Pos="(-4.774; 0.987; 1.09)" />
		</Ignition>
		<HeadLight>
			<Model _template="HeadLightRay" Org="(3.256; 1.456; -0.705)" ParentFrame="BoneCabinDamper_cdt" />
			<Model _template="HeadLightRay" Org="(3.256; 1.456; 0.705)" ParentFrame="BoneCabinDamper_cdt" />
			<Flare _template="HeadLight" Size="0.6" Pos="(3.256; 1.456; -0.705)" ParentFrame="BoneCabinDamper_cdt" />
			<Flare _template="HeadLight" Size="0.6" Pos="(3.256; 1.456; 0.705)" ParentFrame="BoneCabinDamper_cdt" />
			<Flare _template="BlueStreak" Pos="(3.256; 1.456; -0.705)" ParentFrame="BoneCabinDamper_cdt" />
			<Flare _template="BlueStreak" Pos="(3.256; 1.456; 0.705)" ParentFrame="BoneCabinDamper_cdt" />
		</HeadLight>
	</ModelAttachments>
	<Landmark Mesh="landmarks/voron_ae4380_lmk" MinScale="1.8" MaxScale="3.8" />
	<HeadLight _template="Default" Pos="(3.707; 1.456; 0)" />
	<GameData
		Country="RU,CAS"
		ExcludeAddons="stuff_hula_girl, stuff_masha, stuff_bobblehead_joker"
		Price="64900"
		UnlockByExploration="false"
		UnlockByRank="1"
	>
		<WinchSocket Pos="(3.638; 1.219; 0)" ParentFrame="BoneCabin_cdt" />
		<WinchSocket Pos="(3.638; 1.219; -0.509)" ParentFrame="BoneCabin_cdt" />
		<WinchSocket Pos="(3.638; 1.219; 0.509)" ParentFrame="BoneCabin_cdt" />
		<WinchSocket Pos="(-1.271; 1.03; -0.368)" />
		<WinchSocket Pos="(-1.271; 1.03; 0.368)" />
		<WinchSocket Pos="(-4.802; 1.002; -0.366)" />
		<WinchSocket Pos="(-4.802; 1.002; 0.366)" />
		<WinchSocket Pos="(-4.996; 0.988; 0)" />
		<UiDesc
			UiDesc="UI_VEHICLE_VORON_AE4380_DESC"
			UiIcon30x30="offroadVehicleImg30"
			UiIcon328x458="shopImgVoronAE4380"
			UiIcon40x40="offroadVehicleImg"
			UiIconLogo="VoronLogo80"
			UiName="UI_VEHICLE_VORON_AE4380_NAME"
		/>
		<CustomizationCameras>
			<CameraPos FOV="32.0" Interior="true" Name="roof_sticker" InterestPosition="(4.185; 0.732; -0.587)" Position="(6.651; 4.868; -0.294)" />
			<CameraPos FOV="32.0" Interior="true" Name="sticker_1" InterestPosition="(7.805; 3.088; 2.145)" Position="(4.987; 2.435; -0.335)" />
			<CameraPos FOV="32.0" Name="addon_1" InterestPosition="(0.697; 1.869; 0)" MaxXRotation="360" MaxYRotation="360" MaxZoom="2" Position="(-7.265; 3.31; 8.244)" />
			<CameraPos FOV="32.0" Name="addon_2" InterestPosition="(3.194; 1.807; 0)" MaxXRotation="360" MaxYRotation="360" MaxZoom="2" Position="(-8.093; 2.337; -6.718)" />
			<CameraPos FOV="32.0" Interior="true" Name="mirror_mount" InterestPosition="(7.736; 1.436; 2.408)" Position="(4.63; 2.617; -0.765)" />
			<CameraPos FOV="32.0" Name="side_r" InterestPosition="(5.477; 1.429; -0)" MaxXRotation="360" MaxYRotation="360" MaxZoom="2" Position="(0.756; 3.745; 3.905)" />
			<CameraPos FOV="32.0" Interior="true" Name="sticker" InterestPosition="(7.805; 0.816; 2.536)" Position="(4.775; 2.423; -0.212)" />
			<CameraPos FOV="32.0" Interior="true" Name="glass_sticker" InterestPosition="(4.403; 1.987; -1.078)" Position="(8.33; 3.012; 0.726)" />
			<CameraPos FOV="32.0" Interior="true" Name="door_r_sticker" InterestPosition="(6.963; 1.244; 0)" Position="(3.982; 1.798; 2.918)" />
			<CameraPos FOV="32.0" Name="roof" InterestPosition="(5.149; 1.833; -0)" MaxXRotation="360" MaxYRotation="360" MaxZoom="2" Position="(9.83; 4.253; -2.466)" />
			<CameraPos FOV="32.0" Interior="true" Name="capote_sticker" InterestPosition="(6.452; 0.918; -0.776)" Position="(8.454; 4.353; -0.274)" />
			<CameraPos FOV="32.0" Name="hoods" InterestPosition="(5.275; 1.623; 0)" MaxXRotation="360" MaxYRotation="360" MaxZoom="2" Position="(12.823; 1.44; -4.73)" />
			<CameraPos FOV="32.0" Interior="true" Name="sticker_2" InterestPosition="(6.662; 0.61; 1.935)" Position="(5.221; 1.595; 0.03)" />
			<CameraPos FOV="32.0" Name="side_l" InterestPosition="(5.663; 1.86; 0)" MaxXRotation="360" MaxYRotation="360" MaxZoom="2" Position="(9.507; 3.746; 3.761)" />
			<CameraPos FOV="32.0" Interior="true" Name="bubble_head" InterestPosition="(7.805; 1.192; 2.145)" Position="(4.987; 2.435; -0.335)" />
			<CameraPos FOV="32.0" Name="wheels" InterestPosition="(0; 0.669; -1.5)" MaxXRotation="360" MaxYRotation="360" MaxZoom="2" Position="(13; 2; 5.834)" />
			<CameraPos FOV="32.0" Name="default" InterestPosition="(5.275; 1.623; 0)" MaxXRotation="360" MaxYRotation="360" MaxZoom="2" Position="(12.823; 1.44; -4.73)" />
			<CameraPos FOV="32.0" Name="rear" InterestPosition="(4.777; 1.589; 0)" MaxXRotation="360" MaxYRotation="360" MaxZoom="2" Position="(0.811; 3.681; 4.794)" />
			<CameraPos FOV="32.0" Interior="true" Name="door_l_sticker" InterestPosition="(4.739; 1.444; 0)" Position="(4.025; 1.632; -3.076)" />
			<CameraPos FOV="32.0" Interior="true" Name="hood_ornament" InterestPosition="(7.506; 1.998; -1.334)" Position="(8.557; 2.314; -1.334)" />
		</CustomizationCameras>
		<CraneSocket Pos="(3.638; 1.219; 0)" ParentFrame="BoneCabin_cdt" />
		<CraneSocket Pos="(3.638; 1.219; -0.509)" ParentFrame="BoneCabin_cdt" />
		<CraneSocket Pos="(3.638; 1.219; 0.509)" ParentFrame="BoneCabin_cdt" />
		<CraneSocket Pos="(-1.271; 1.03; -0.368)" />
		<CraneSocket Pos="(-1.271; 1.03; 0.368)" />
		<CraneSocket Pos="(-4.802; 1.002; -0.366)" />
		<CraneSocket Pos="(-4.802; 1.002; 0.366)" />
		<CraneSocket Pos="(0.92; 2.72; 0)" />
		<AddonSockets DefaultAddon="tatra_t813_diff_lock_default">
			<Socket Names="Tatra813TDiffLock" Offset="(0; 0; 0)" ParentFrame="BoneChassis_cdt" />
		</AddonSockets>
		<AddonSockets>
			<Socket Names="InternationalPaystar5070CabinProtector"
				NamesBlock="Cat745CLogBunk, BunkLog, FrameAddonLogMediumHigh, TatraSideboard, Step39331PikeSideboard, FrameAddonLogShortZikz, FrameAddonTow, MetalDetector, FrameAddonLogShort, BigCraneRu, FrameAddonKung, FrameAddonTank, FrameAddon" 
				Offset="(0.65; -0.07; 0)" ParentFrame="BoneCabin_cdt" >
				<AddonsShift Offset="(-1.1; 0; 0)" Types="MinicraneRU" />
				<AddonsShift Offset="(-1.3; 0; 0)" Types="LogLift" />
				<AddonsShift Offset="(-0.45; 0; 0)" Types="VoronAE4380WheelAddon" />
				<AddonsShift Offset="(-0.45; 0; 0)" Types="Tayga6455bWheelAddon" />
				<AddonsShift Offset="(-0.45; 0; 0)" Types="Tayga6436WheelAddon" />
				<AddonsShift Offset="(-0.45; 0; 0)" Types="URAL4320_WheelAddon2" />
				<AddonsShift Offset="(-0.45; 0; 0)" Types="URAL4320_WheelAddon1" />
			</Socket>
		</AddonSockets>
		<AddonSockets>
			<Socket CablesName="env/trailer_cable" TruckCablesPos="(-1.48; 1.156; -0.03)" Names="LargeSemitrailer, LargeSemitrailerOiltank" Offset="(-2.84; 1.66; 0)" />
			<Socket CablesName="env/trailer_cable" TruckCablesPos="(-1.48; 1.156; -0.03)" Names="Semitrailer, SemitrailerOiltank" Offset="(-2.84; 1.476; 0)" />
			<Socket Names="Trailer" Offset="(-4.996; 0.988; 0)" >
				<AddonsShift Offset="(-0.75; 0; 0)" Types="UralNEXT_Frame" />
			</Socket>
		</AddonSockets>
		<AddonSockets>
			<!--<Socket Names="UralNEXT_Frame" Offset="(0.1; 0; 0)" ParentFrame="BoneChassis_cdt">
				<ExtraParent Frame="BoneCabin_cdt" />
			</Socket>-->
		</AddonSockets>
		<AddonSockets>
			<Socket 
				Names="URAL43223_Fender" 
				Offset="(-0.03; 0; 0)" 
				ParentFrame="BoneChassis_cdt"
			>
				<AddonsShift 
					Offset="(0; 0.025; 0)" 
					Types="UralNEXT_AddonBody" 
				/>
			</Socket>
		</AddonSockets>
		<AddonSockets>
			<Socket 
				Names="URAL43223_FrameAddon_AC_5_375" 
				Offset="(0; 0; 0)" 
				NamesBlock="InternationalPaystar5070CabinProtector, MinicraneRU, MetalDetector, LogLift" 
				ParentFrame="BoneChassis_cdt" 
			/>
			<Socket 
				Names="UralNEXT_AddonBody" 
				Offset="(0.13; 0; 0)" 
				ParentFrame="BoneChassis_cdt" 
			>
				<AddonsShift Offset="(-0.87; 0; 0)" Types="MinicraneRU" />
				<AddonsShift Offset="(-0.4; 0; 0)" Types="VoronAE4380WheelAddon" />
				<AddonsShift Offset="(-0.4; 0; 0)" Types="Tayga6455bWheelAddon" />
				<AddonsShift Offset="(-0.4; 0; 0)" Types="URAL4320_WheelAddon1" />
				<AddonsShift Offset="(-0.4; 0; 0)" Types="URAL4320_WheelAddon2" />
			</Socket>
			<Socket 
				Names="URAL43223_FrameAddonKung" 
				Offset="(-0.03; 0; 0)" 
				NamesBlock="InternationalPaystar5070CabinProtector, VoronAE4380WheelAddon, Tayga6436WheelAddon, Tayga6455bWheelAddon, URAL4320_WheelAddon2" 
				ParentFrame="BoneChassis_cdt" 
			/>
			<Socket 
				Names="Crane_KS4572" 
				NamesBlock="InternationalPaystar5070CabinProtector, MinicraneRU, MetalDetector, URAL43223_Beacon, LogLift, VoronAE4380Spotlight1, VoronAE4380Spotlight2" 
				Offset="(-3.1; 1.16; 0)"
				ParentFrame="BoneChassis_cdt" 
			>
				<AddonsShift Offset="(-0.02; 0; 0)" Types="Tayga6455bWheelAddon" />
			</Socket>
			<Socket Names="FrameAddonSeismicVibrator" 
				NamesBlock="LogLift, MinicraneRU, Trailer, MetalDetector, InternationalPaystar5070CabinProtector" 
				Offset="(-0.27; 1.16; 0)" 
				ParentFrame="BoneChassis_cdt"
			/>
			<!--<Socket Names="Cat745CLogBunk" 
				NamesBlock="LogLift, MinicraneRU, VoronAE4380WheelAddon, MetalDetector" 
				Offset="(0.55; -0.5; 0)" 
				ParentFrame="BoneChassis_cdt"
			/>-->
			<Socket Names="BunkLog" NamesBlock="MinicraneRU, MetalDetector" Offset="(-6.339; 1.16; 0)" />
			<Socket Names="FrameAddonLogMediumHigh" NamesBlock="MinicraneRU, MetalDetector, VoronAE4380WheelAddon, Tayga6455bWheelAddon, Tayga6436WheelAddon" Offset="(-1.68; 1.157; 0)"/>
			<Socket Names="TatraSideboard" Offset="(-0.85; -0.05; 0)" NamesBlock="LogLift, MetalDetector" ParentFrame="BoneChassis_cdt">
				<AddonsShift Offset="(-0.75; 0; 0)" Types="MinicraneRU" />
		                <AddonsShift Offset="(-0.15; 0; 0)" Types="VoronAE4380WheelAddon" />
				<AddonsShift Offset="(-0.20; 0; 0)" Types="Tayga6455bWheelAddon" />
				<AddonsShift Offset="(-0.20; 0; 0)" Types="Tayga6436WheelAddon" />
				<AddonsShift Offset="(-0.20; 0; 0)" Types="URAL4320_WheelAddon1" />
				<AddonsShift Offset="(-0.20; 0; 0)" Types="URAL4320_WheelAddon2" />
				<AddonsShift Offset="(0; 0; 0)" TrailerNamesBlock="TatraSideboard" Types="VoronAE4380WheelAddon, MinicraneRU" />
			</Socket>
			<Socket Names="Step39331PikeSideboard" Offset="(-2.7; 1.27; 0)" NamesBlock="LogLift, MetalDetector" ParentFrame="BoneChassis_cdt" >
				<!--<AddonsShift Offset="(-0.45; 0; 0)" Types="MinicraneRU" />-->
				<AddonsShift Offset="(0; 0; 0)" TrailerNamesBlock="Step39331PikeSideboard" Types="VoronAE4380WheelAddon, MinicraneRU" />
			</Socket>
			<Socket Names="FrameAddonLogShortZikz" NamesBlock="MinicraneRU, MetalDetector" Offset="(-1.68; 1.42; 0)" >
				<AddonsShift Offset="(-0.53; 0; 0)" Types="VoronAE4380WheelAddon" />
				<AddonsShift Offset="(-0.55; 0; 0)" Types="Tayga6455bWheelAddon" />
				<AddonsShift Offset="(-0.55; 0; 0)" Types="Tayga6436WheelAddon" /> 
			</Socket>
			<Socket Names="SaddleLow" Offset="(-2.817; 1.156; 0)">
				<ExtraParent Frame="BoneChassis_cdt" Offset="(0; 0; 0.02)" />
				<ExtraParent Frame="BoneChassis_cdt" Offset="(0; 0; -0.02)" />
			</Socket>
			<Socket Names="SaddleHigh" Offset="(-2.817; 1.156; 0)">
				<ExtraParent Frame="BoneChassis_cdt" Offset="(0; 0; 0.015)" />
				<ExtraParent Frame="BoneChassis_cdt" Offset="(0; 0; -0.015)" />
			</Socket>
			<Socket Names="FrameAddon" Offset="(-1.82; 1.156; 0)" ParentFrame="BoneChassis_cdt">
				<AddonsShift Offset="(-0.43; 0; 0)" Types="VoronAE4380WheelAddon" />
				<AddonsShift Offset="(-0.43; 0; 0)" Types="Tayga6455bWheelAddon" />
				<AddonsShift Offset="(-0.43; 0; 0)" Types="Tayga6436WheelAddon" />
				<AddonsShift Offset="(-1; 0; 0)" Types="MinicraneRU" />
				<!--<AddonsShift Offset="(0; 0; 0)" TrailerNamesBlock="FrameAddon" Types="MinicraneRU, VoronAE4380WheelAddon" />-->
				<!--<AddonsShift Offset="(0; 0; 0)" TrailerNamesBlock="FrameAddon" Types="MinicraneRU, Trailer" />-->
			</Socket>
			<Socket Names="FrameAddonTow" Offset="(-2.4; 1.15; 0.000)" ParentFrame="BoneChassis_cdt">
				<AddonsShift Offset="(-0.5; 0; 0)" Types="VoronAE4380WheelAddon" />
				<AddonsShift Offset="(-0.5; 0; 0)" Types="Tayga6455bWheelAddon" />
				<AddonsShift Offset="(-0.5; 0; 0)" Types="Tayga6436WheelAddon" />
				<AddonsShift Offset="(-1; 0; 0)" Types="MinicraneRU" />
				<AddonsShift Offset="(0; 0; 0)" TrailerNamesBlock="FrameAddonTow" Types="MinicraneRU, VoronAE4380WheelAddon" />
				
			</Socket>	
			<Socket Names="FrameAddonKung" Offset="(-2.348; 1.242; 0)" ParentFrame="BoneChassis_cdt">
				<ExtraParent Frame="BoneChassis_cdt" Offset="(0; 0; -0.08)" />
				<ExtraParent Frame="BoneChassis_cdt" Offset="(0; 0; 0.08)" />
				<AddonsShift Offset="(-0.2; 0; 0)" Types="VoronAE4380WheelAddon" />
				<AddonsShift Offset="(-0.1; 0; 0)" Types="Tayga6455bWheelAddon" />
			</Socket>
			<Socket Names="FrameAddonTank" Offset="(-2.741; 1.156; 0)" ParentFrame="BoneChassis_cdt">
				<AddonsShift Offset="(-0.5; 0; 0)" Types="VoronAE4380WheelAddon" />
			</Socket>
			<Socket Names="BigCraneRu"
				NamesBlock="MinicraneRU, MetalDetector, VoronAE4380WheelAddon, Tayga6455bWheelAddon, Tayga6436WheelAddon"
				Offset="(-2.9; 1.261; 0)"
				ParentFrame="BoneChassis_cdt">
				<ExtraParent Frame="BoneChassis_cdt" Offset="(0; -0.1; 0)" />
				<ExtraParent Frame="BoneChassis_cdt" Offset="(0; -0.1; 0)" />
			</Socket>
		</AddonSockets>
		<AddonSockets>
			<Socket Names="MetalDetector" NamesBlock="LogLift, FrameAddonKung, FrameAddonTank, FrameAddon, FrameAddonTow" Offset="(-1.014; 0.104; 0)" ParentFrame="BoneChassis_cdt" />
		</AddonSockets>
		<AddonSockets>
			<Socket Names="LogLift" Offset="(-1.1; 1.15; 0)" Dir="(0;0;-1)" NamesBlock="FrameAddonTow, SemitrailerOiltank, FrameAddonLogMediumHigh, BigCraneRu, FrameAddonLogShortZikz, BigCraneUs, FrameAddonKung, FrameAddonTank, FrameAddon">
				<AddonsShift Offset="(0.87; 0; 0)" Types="BunkLog" />
			</Socket>
			<Socket Names="MinicraneRU" NamesBlock="Tayga6436WheelAddon, FrameAddonKung, FrameAddonTank" Offset="(0.3; 1.156; 0)">
				<ExtraParent Frame="BoneChassis_cdt" Offset="(0; 0; 0.01)" />
				<ExtraParent Frame="BoneChassis_cdt" Offset="(0; 0; -0.01)" />
				<AddonsShift Offset="(-0.5; 0; 0)" Types="VoronAE4380WheelAddon" />
				<AddonsShift Offset="(-0.5; 0; 0)" Types="URAL4320_WheelAddon1" />
				<AddonsShift Offset="(-0.5; 0; 0)" Types="URAL4320_WheelAddon2" />
				<AddonsShift Offset="(-0.5; 0; 0)" Types="Tayga6455bWheelAddon" />
			</Socket>
		</AddonSockets>
		<AddonSockets DefaultAddon="voron_ae4380_bumper_default">
			<Socket Names="VoronAE4380Bumper" ParentFrame="BoneCabin_cdt" />
			<Socket Names="URAL4320_Bumper" ParentFrame="BoneCabin_cdt" />
		</AddonSockets>
		<AddonSockets DefaultAddon="voron_ae4380_exhaust_default">
			<Socket Names="VoronAE4380ExhaustDefault" ParentFrame="BoneChassis_cdt">
				<ExtraParent Frame="BoneCabin_cdt" />
			</Socket>
			<Socket Names="VoronAE4380Exhaust" ParentFrame="BoneCabinDamper_cdt">
				<ExtraParent Frame="BoneCabin_cdt" />
				<ExtraParent Frame="BoneChassis_cdt" />
			</Socket>
		</AddonSockets>
		<AddonSockets>
			<Socket Names="VoronAE4380Searchlight" ParentFrame="BoneCabinDamper_cdt" />
		</AddonSockets>
		<AddonSockets>
			<Socket Names="URAL4320_WheelAddon1" Offset="(-0.03; 0.0; 0)" NamesBlock="FrameAddonKung, FrameAddonTank" ParentFrame="BoneChassis_cdt" />
			<Socket Names="URAL4320_WheelAddon2" Offset="(-0.07; 0.0; 0)" NamesBlock="FrameAddonKung, FrameAddonTank" ParentFrame="BoneChassis_cdt" />
			<Socket
				Names="Tayga6436WheelAddon"
				NamesBlock="FrameAddonKung, FrameAddonTank, InternationalPaystar5070CabinProtector"
				Offset="(0.35; -0.095; 0)"
				ParentFrame="BoneChassis_cdt"
			>
				<ExtraParent Frame="BoneCabin_cdt" />
			</Socket>
			<Socket Names="Tayga6455bWheelAddon" Offset="(-0.1; 0; 0)" NamesBlock="Cat745CLogBunk, FrameAddonTank, InternationalPaystar5070CabinProtector" ParentFrame="BoneChassis_cdt">
				<ExtraParent Frame="BoneCabin_cdt" />
			</Socket>
			<Socket Names="VoronAE4380WheelAddon" Offset="(0; 0; 0)" ParentFrame="BoneCabin_cdt">
				<ExtraParent Frame="BoneChassis_cdt" />
			</Socket>
		</AddonSockets>
		<AddonSockets DefaultAddon="ural_4320_headlights">
			<Socket Names="URAL4320_Headlights" ParentFrame="BoneCabinDamper_cdt" />
		</AddonSockets>
		<AddonSockets>
			<Socket Names="URAL4320_Mudguards" ParentFrame="BoneChassis_cdt" />
		</AddonSockets>
		<AddonSockets>
			<Socket Names="VoronAE4380Snorkel" NamesBlock="VoronAE4380Visor" ParentFrame="BoneCabinDamper_cdt" />
			<Socket Names="VoronAE4380Snorkel2" ParentFrame="BoneCabinDamper_cdt" />
			<Socket Names="URAL4320_Snorkel" ParentFrame="BoneCabinDamper_cdt" />
		</AddonSockets>
		<AddonSockets>
			<Socket Names="VoronAE4380Spotlight1" ParentFrame="BoneCabinDamper_cdt" />
			<Socket Names="VoronAE4380Spotlight2" NamesBlock="VoronAE4380Conditioner, VoronAE4380Beacon" ParentFrame="BoneCabinDamper_cdt" />
		</AddonSockets>
		<AddonSockets>
			<Socket Names="VoronAE4380Beacon" ParentFrame="BoneCabinDamper_cdt" />
		</AddonSockets>
		<AddonSockets>
			<Socket Names="VoronAE4380Conditioner" ParentFrame="BoneCabinDamper_cdt" />
		</AddonSockets>
		<AddonSockets>
			<Socket Names="VoronAE4380Horn" ParentFrame="BoneCabinDamper_cdt" />
		</AddonSockets>
		<AddonSockets>
			<Socket Names="VoronAE4380Visor" ParentFrame="BoneCabinDamper_cdt" />
		</AddonSockets>
		<AddonSockets>
			<Socket
				InCockpit="true"
				Names="StuffDashboard"
				Offset="(1.905; 2.102; -0.043)"
				ParentFrame="BoneCabinDamper_cdt"
			/>
		</AddonSockets>
		<AddonSockets>
			<Socket
				InCockpit="true"
				Names="StuffAirfreshener"
				Offset="(1.799; 2.493; 0)"
				ParentFrame="BoneCabinDamper_cdt"
			/>
		</AddonSockets>
		<AddonSockets>
			<Socket InCockpit="true" Names="voronAe4380Sticker_1x1_01" ParentFrame="BoneCabinDamper_cdt" />
		</AddonSockets>
		<AddonSockets>
			<Socket InCockpit="true" Names="voronAe4380Sticker_1x1_02" ParentFrame="BoneCabinDamper_cdt" />
		</AddonSockets>
		<AddonSockets>
			<Socket InCockpit="true" Names="voronAe4380Sticker_1x1_03" ParentFrame="BoneCabinDamper_cdt" />
		</AddonSockets>
		<AddonSockets>
			<Socket InCockpit="true" Names="voronAe4380Sticker_1x1_04" ParentFrame="BoneCabinDamper_cdt" />
		</AddonSockets>
		<AddonSockets>
			<Socket InCockpit="true" Names="voronAe4380Sticker_1x2_01" ParentFrame="BoneCabinDamper_cdt" />
		</AddonSockets>
		<AddonSockets>
			<Socket InCockpit="true" Names="voronAe4380Sticker_1x4_01" ParentFrame="BoneCabinDamper_cdt" />
		</AddonSockets>
		<AddonSockets>
			<Socket InCockpit="true" Names="voronAe4380Sticker_GlassTop" ParentFrame="BoneCabinDamper_cdt" />
		</AddonSockets>
		<AddonSockets>
			<Socket InCockpit="true" Names="voronAe4380Sticker_GlassBottom" ParentFrame="BoneCabinDamper_cdt" />
		</AddonSockets>
		<AddonSockets>
			<Socket Names="voronAe4380Sticker_Door_L" ParentFrame="BoneCabinDamper_cdt" />
		</AddonSockets>
		<AddonSockets>
			<Socket Names="voronAe4380Sticker_Door_R" ParentFrame="BoneCabinDamper_cdt" />
		</AddonSockets>
		<AddonSockets>
			<Socket Names="voronAe4380Sticker_Capote" ParentFrame="BoneCabinDamper_cdt" />
		</AddonSockets>
		<AddonSockets>
			<Socket Names="voronAe4380Sticker_Roof" ParentFrame="BoneCabinDamper_cdt" />
		</AddonSockets>
		<AddonSockets>
			<Socket Names="StuffHoodVoronAE4380" ParentFrame="BoneCabinDamper_cdt" />
		</AddonSockets>
        <AddonSockets>
			<Socket Names="AddonHornsSmall" NamesBlock="StuffHoodVoronAE4380" Offset="(3.405; 1.935; 0)" ParentFrame="BoneCabinDamper_cdt" />
		</AddonSockets>
	</GameData>
	<ControlledConstraints>
		<Constraint Id="chassis_steer" IsLinkedSteering="true" Name="TieRodSteer" />
	</ControlledConstraints>
	<AutomaticIK>
		<IKBone ModelFrame="BoneTieRodHinge2" ParentFrame="BoneTieRod_cdt">
			<IKJoint AxisLocal="(1; 0; 0)" Type="Hinge2" />
			<IKBone
				AttachOffset="(0; 0; 0)"
				AttachToFrame="BoneRackL"
				ModelFrame="BoneTieRodPrismatic"
			>
				<IKJoint AxisLocal="(0; 0; 1)" Type="Slider" />
			</IKBone>
		</IKBone>
		<IKBone ModelFrame="BonePistonBase" ParentFrame="BoneCabin_cdt">
			<IKJoint AxisLocal="(1; 0; 0)" Type="Hinge2" />
			<IKBone
				AttachOffset="(0; 0; 0)"
				AttachToFrame="BoneRackL"
				ModelFrame="BonePiston"
			>
				<IKJoint AxisLocal="(1; 0; 0)" Type="Slider" />
			</IKBone>
		</IKBone>
	</AutomaticIK>
</Truck>
