<_templates Include="trucks">
	<Wheel>
		<RearWheel
			ConnectedToHandbrake="true"
			Location="rear"
			Torque="default"
		/>
		<FrontWheel
			Location="front"
			SteeringAngle="32"
			SteeringCastor="8"
			SteeringJointOffset="0.19"
			Torque="full"
			ParentFrame="BoneCabin_cdt"
		/>
	</Wheel>
	<Flare>
		<IgnitionSignalWhiteCold
			AspectRatio="1.4"
			Color="g(168; 158; 147) x 0.5 "
			ColorMultAtDay="0.6"
			Dir="(1; 0; 0)"
			DirAngle="90"
			Size="0.15"
		/>
		<IgnitionSignalWhite
			AspectRatio="1.4"
			Color="g(168; 148; 127) x 0.5 "
			ColorMultAtDay="0.6"
			Dir="(1; 0; 0)"
			DirAngle="90"
			Size="0.3"
		/>
		<IgnitionSignalOrange
			AspectRatio="1.4"
			Color="g(255; 140; 0) x 0.3"
			ColorMultAtDay="0.6"
			Dir="(0; 1; 0)"
			DirAngle="135"
			Size="0.1"
		/>
	</Flare>
	<Body>
		<WireWiggle Collisions="None" Mass="1.5">
			<Constraint
				LinearLimitsX="(-0.1;0.1)"
				LinearLimitsY="(0;0.02)"
				LinearLimitsZ="(-0.1;0.1)"
				Type="Fixed"
			>
				<Motor Damping="2" Spring="250" Type="Spring" />
			</Constraint>
		</WireWiggle>
		<Sunshield Collisions="None" Mass="2">
			<Constraint
				AxisLocal="(0; 0; 1)"
				Type="Hinge"
				MinLimit="0"
				MaxLimit="4"
			>
				<Motor Damping=".4" Spring="40" Type="Spring" />
			</Constraint>
		</Sunshield>
		<Step Friction=".0001" Mass="1">
			<Constraint
				LinearLimitsX="(-.3;.3)"
				LinearLimitsY="(-0;.5)"
				LinearLimitsZ="(-.3;.3)"
				Type="Fixed"
			>
				<Motor Damping="20" Spring="350" Type="Spring" />
			</Constraint>
		</Step>
		<SideMirror Collisions="Default" Mass="5">
			<Constraint
				AxisLocal="(0; 1; 0)"
				Type="Hinge"
				MinLimit="-25"
				MaxLimit="25"
			>
				<Motor Damping="1" Spring="200" Type="Spring" />
			</Constraint>
		</SideMirror>
		<Mudguard Collisions="Default" Mass="10">
			<Constraint Type="Hinge">
				<Motor Damping="1" Spring="10" Type="Spring" />
			</Constraint>
		</Mudguard>
	</Body>
</_templates>
<Truck>
	<TruckData
		BackSteerSpeed="0.025"
		DiffLockType="Installed"
		EngineIconMesh="env/engine_default"
		EngineIconScale="1.3"
		EngineStartDelay="0.8"
		ExhaustStartTime="0.9"
		FuelCapacity="300"
		Responsiveness="1"
		SteerSpeed="0.02"
		TruckImage="vorongradmchr"
		TruckType="OFFROAD"
	>
		<WinchUpgradeSocket Default="w_medium_trucks_default" IsUpgradable="true" Type="winches_medium_trucks" />
		<Wheels
			DefaultRim="rim"
			DefaultTire="tire"
			DefaultWheelType="wheels_tatra_force_815_7"
		>
			<Wheel _template="FrontWheel" Pos="(2.441; 0.63; 1.0)" />
			<Wheel _template="FrontWheel" RightSide="true" Pos="(2.441; 0.63; 1.0)" />
			<Wheel _template="RearWheel" Pos="(-2.114; 0.63; 0.9)" />
			<Wheel _template="RearWheel" RightSide="true" Pos="(-2.114; 0.63; 0.9)" />
			<Wheel _template="RearWheel" Pos="(-3.52; 0.63; 0.9)" />
			<Wheel _template="RearWheel" RightSide="true" Pos="(-3.52; 0.63; 0.9)" />
		</Wheels>
		<SuspensionSocket
			Default="voron_grad_suspension_default"
			Type="s_voron_grad"
			MaxWheelRadiusWithoutSuspension="0.67"
		/>
		<SteeringWheel Frame="BoneSteering" />
		<SteeringRack
			Frame="BoneRack"
			FrameSteerLeft="BoneRackLeft"
			FrameSteerRight="BoneRackRight"
			RackHalfSizeZ="0.756"
		/>
		<Steam Origin="(0.696; 1.182; 0)" />
		<Steam Origin="(2.574; 1.348; 0)" />
		<SoundsWheels _template="Default" />
		<SoundsDamage _template="Heavy" />
		<Sounds
			_template="Default"
			AirHissInterval="12.0"
			DisableReversePitch="false"
			Origin="(2.6; 1.55; 0)"
			MinDist="12.0"
			ParentFrame="BoneChassis_cdt"
		>
			<GearFail		Sound="trucks/common/truck_gear_wrong/truck_gear_wrong_small_old" />
			<Reverse		Sound="trucks/voron_grad/voron_grad_reverse" />
			<BrakePull		Sound="trucks/voron_grad/voron_grad_brake_pull" />
			<BrakeRelease	Sound="trucks/common/truck_brake_release_alt3_rnd_set/truck_brake_release_alt3_rnd" />
			<BrakesSqueal	Sound="trucks/voron_grad/voron_grad_brakes_squeal" />
			<Handbrake		Sound="trucks/voron_grad/voron_grad_handbrake_on" />
			<HandbrakeOff	Sound="trucks/voron_grad/voron_grad_handbrake_off" />
			<Honk			Sound="trucks/voron_grad/voron_grad_honk" />
			<EngineRev		Sound="trucks/voron_grad/voron_grad_rev" />
			<EngineAccel	Sound="trucks/voron_grad/voron_grad_acc" />
			<EngineStart	Sound="trucks/voron_grad/voron_grad_start" />
			<EngineStop		Sound="trucks/voron_grad/voron_grad_stop" />
			<EngineIdle		Sound="trucks/voron_grad/voron_grad_idle" />
			<EngineIdle_2d	Sound="trucks/voron_grad/voron_grad_idle_2d"	IsSound2D="true" />
			<EngineLow		Sound="trucks/voron_grad/voron_grad_low" />
			<EngineLow_2d	Sound="trucks/voron_grad/voron_grad_low_2d"	IsSound2D="true" />
			<EngineHigh		Sound="trucks/voron_grad/voron_grad_high" />
			<EngineHigh_2d	Sound="trucks/voron_grad/voron_grad_high_2d"	IsSound2D="true" />
			<EngineHeavy	Sound="trucks/voron_grad/voron_grad_heavy" />
			<EngineHeavy_2d	Sound="trucks/voron_grad/voron_grad_heavy_2d"	IsSound2D="true" />
			<AbruptStop		Sound="trucks/common/truck_swing_big_rnd_set/truck_swing_big_rnd" />
		</Sounds>
		<Shafts>
			<Shaft SocketPointA="Shaft1a" SocketPointB="Shaft1b" />
			<Shaft SocketPointA="Shaft2a" SocketPointB="Shaft2b" />
			<Shaft SocketPointA="Shaft3a" SocketPointB="Shaft3b" />
			<Shaft SocketPointA="Shaft4a" SocketPointB="Shaft4b" />
		</Shafts>
		<OcclusionMap HalfSizeZ="1.9" MinX="-5.123" MaxX="3.917" />
		<!--<LimitedFluid
			Center="(-0.388; 0.89; 0.856)"
			SizeX="1.154"
			SizeY="0.516"
			SizeZ="0.708"
			Type="Box"
			ParentFrame="BoneCabin_cdt"
		/>-->
		<Intake Dir="(1; 0; 0)" Origin="(3.986; 1.624; 0)" Size="1.219" />
		<GearboxSocket Default="g_truck_default" Type="gearboxes_trucks" />
		<FuelTank DamageCapacity="50" />
		<EngineSocket Default="ru_truck_modern_engine_0" Type="e_ru_truck_modern, e_ru_truck_modern_grad" />
		<Driver
			AnimationSet="Truck"
			Pos="(1.169; 1.852; 0.485)"
			SteeringWheelPos="(1.551; 2.18; 0.482)"
			ParentFrame="BoneCabin_cdt"
		/>
		<Dashboard>
			<Gauge Damping="0.1" Dir="(-0.419; 0.161; 0)" InputRange="(0;1)" InputType="engineEnabled" Mesh="trucks/arrows/voron_grad_arrow_01" Org="(1.85; 2.184; 0.498)" OutputAngles="(-45;4)" />
			<Gauge Damping="0.99" Dir="(-0.419; 0.161; 0)" InputRange="(0;1)" InputType="fuel" Mesh="trucks/arrows/voron_grad_arrow_01" Org="(1.85; 2.184; 0.445)" OutputAngles="(-41;41)" />
			<Gauge Damping="0.99" Dir="(-0.419; 0.161; 0)" InputRange="(0;1)" InputType="rpm" Mesh="trucks/arrows/voron_grad_arrow_02" Org="(1.839; 2.127; 0.577)" OutputAngles="(-120;120)" />
			<Gauge Damping="0.99" Dir="(-0.419; 0.161; 0)" InputRange="(0;160)" InputType="speed" Mesh="trucks/arrows/voron_grad_arrow_02" Org="(1.839; 2.127; 0.37)" OutputAngles="(-120;120)" />
		</Dashboard>
		<Damage>
			<DamageArea Type="Engine" Min="(2.2; 1.17; -0.6)" Max="(3.7; 2; 0.6)" ParentFrame="BoneCabin_cdt" />
			<DamageArea Type="FuelTank" Min="(-1.01; 0.62; 0.45)" Max="(0.23; 1.16; 1.23)" ParentFrame="BoneCabin_cdt" />
		</Damage>
		<!--<CompatibleWheels RearOffsetZ=".2" Scale="0.63" Type="wheels_heavy_double1" />
		<CompatibleWheels RearOffsetZ=".2" Scale="0.63" Type="wheels_heavy_double2" />-->
		<CompatibleWheels OffsetZ="0.02" RearOffsetZ=".12" Scale="0.63" Type="ford_clt9000_rear" />
		<CompatibleWheels OffsetZ="0.02" RearOffsetZ=".12" Scale="0.63" Type="wheels_tatra_force_815_7" />
		<CompatibleWheels OffsetZ="0.02" RearOffsetZ=".12" Scale="0.65" Type="wheels_heavy_single" />
		<CompatibleWheels OffsetZ="0.02" RearOffsetZ=".12" Scale="0.615" Type="wheels_heavy_single2" /> 
		<CompatibleWheels OffsetZ="0.02" RearOffsetZ=".12" Scale="0.65" Type="semitrailer_gooseneck_3" />
		<CompatibleWheels OffsetZ="0.02" RearOffsetZ=".12" Scale="0.67" Type="wheels_tatra_force_815_7" />

		<!--PREMIUM-->
		<CompatibleWheels Scale="0.63" Type="wheels_ural432010_single1/3526085" RearOffsetZ=".1"/>
		<CompatibleWheels Scale="0.63" Type="wheels_ural432070_single1/3526085" RearOffsetZ=".1"/>
		<CompatibleWheels Scale="0.60" Type="wheels_ural432041_single1/3526085" RearOffsetZ=".1"/>
		<Camera Center="(0; 0; 0)" ParentFrame="BoneCabin_cdt">
			<Cockpit
				_template="Default"
				WindshieldDiffuseTexture="trucks/voron_grad_glass__d_a.tga"
				WindshieldShadingTexture="trucks/voron_grad_glass__sh_d.tga"
				ViewPos="(1.1; 2.55; 0.479)"
				ViewDir="(1; -0.24; 0)"
				ZoomViewDirOffset="(0; 0.06; 0)"
				ZoomViewPosOffset="(0.30; 0.0; 0)"
			>
				<Rear ViewPosOffset="(0.15; -0.1; 0.7)" />
				<Mirror
					ClipDir="(-0.097; 0; -0.026)"
					FOVScale="2"
					LookAtOffset="(0; 0; 0.05)"
					MeshFrame="mirror_left"
					ReflectionDir="(-0.964; 0; -0.264)"
					Size="(0.21; 0.45)"
					Pos="(1.681; 2.306; 1.231)"
				>
					<SecondaryView
						ClipDir="(-0.954; 0; -0.301)"
						CurveAngle="50"
						FOVScale="1.7"
						MeshFrame="mirror_left_1"
						Size="(0.21; 0.21)"
						Pos="(1.684; 2.642; 1.227)"
					/>
				</Mirror>
				<Mirror
					ClipDir="(-0.824; 0; 0.573)"
					FOVScale="2"
					MeshFrame="mirror_right"
					ReflectionDir="(-0.817; 0.04; 0.576)"
					Size="(0.21; 0.45)"
					Pos="(1.574; 2.306; -1.198)"
				>
					<SecondaryView
						ClipDir="(-0.792; 0; 0.604)"
						CurveAngle="40"
						FOVScale="1"
						MeshFrame="mirror_right_1"
						Size="(0.21; 0.21)"
						Pos="(1.579; 2.642; -1.194)"
					/>
				</Mirror>
			</Cockpit>
		</Camera>
		<Axles>
			<Axle Frame="BoneAxle1" />
			<Axle Frame="BoneAxle2" />
			<Axle Frame="BoneAxle3" />
		</Axles>
	</TruckData>
	<PhysicsModel Mesh="trucks/voron_grad">
		<NetSync Legacy="false" />
		<Body _template="Gravity"
			CenterOfMassOffset="(-0.1; 0; 0)"
			ImpactType="Truck"
			Mass="4740"
			ModelFrame="BoneChassis_cdt"
			NetSync="pv"
		>
			<Body _template="Gravity" Mass="40" ModelFrame="BoneWiggle4_cdt">
				<Constraint
					AxisLocal="(1; 0; 0)"
					PivotOffset="(0; 0; 0)"
					Type="Hinge"
					MinLimit="-70"
					MaxLimit="70"
				>
					<Motor Damping="1" Spring="3" Type="Spring" />
				</Constraint>
			</Body>
			<Body _template="Gravity" Mass="40" ModelFrame="BoneWiggle3_cdt">
				<Constraint
					AxisLocal="(1; 0; 0)"
					PivotOffset="(0; 0; 0)"
					Type="Hinge"
					MinLimit="-70"
					MaxLimit="70"
				>
					<Motor Damping="1" Spring="3" Type="Spring" />
				</Constraint>
			</Body>
			<Body _template="Mudguard" ModelFrame="BoneMudguardRearLeft_cdt" _template="Gravity">
				<Constraint AxisLocal="(0; 0; 1)" MinLimit="-40" MaxLimit="40" />
			</Body>
			<Body _template="Mudguard" ModelFrame="BoneMudguardRearRight_cdt" _template="Gravity">
				<Constraint AxisLocal="(0; 0; 1)" MinLimit="-40" MaxLimit="40" />
			</Body>
			<Body _template="Gravity"
				CenterOfMassOffset="(0.8; 0; 0)"
				ImpactType="Truck"
				Mass="3460"
				ModelFrame="BoneCabin_cdt"
				NetSync="pv"
			>
				<Constraint
					AxisLocal="(1; 0; 0)"
					PivotOffset="(0; 0; 0)"
					Type="Hinge"
					MinLimit="-7"
					MaxLimit="7"
				>
					<Motor Damping="20000" Spring="350000" Type="Spring" />
				</Constraint>
				<Body ImpactType="Truck" Mass="1000" ModelFrame="BoneCabinDamper_cdt" _template="Gravity">
					<Constraint LinearLimitsY="(-0.2;0.2)" Type="Fixed">
						<Motor Damping="300000" Spring="800000" Type="Spring" />
					</Constraint>
					<Body _template="Mudguard" ModelFrame="BoneMudguardFrontLeft_cdt" _template="Gravity">
						<Constraint AxisLocal="(0; 0; 1)" MinLimit="-40" MaxLimit="30" />
					</Body>
					<Body _template="Mudguard" ModelFrame="BoneMudguardFrontRight_cdt" _template="Gravity">
						<Constraint AxisLocal="(0; 0; 1)" MinLimit="-40" MaxLimit="30" />
					</Body>
					<Body _template="SideMirror" ModelFrame="BoneMirrorLeft_cdt"  _template="Gravity"/>
					<Body _template="SideMirror" ModelFrame="BoneMirrorRight_cdt"  _template="Gravity"/>
					<Body _template="Step" ModelFrame="BoneStepLeft_cdt"  _template="Gravity"/>
					<Body _template="Step" ModelFrame="BoneStepRight_cdt"  _template="Gravity"/>
					<Body _template="Sunshield" ModelFrame="BoneSunshieldLeft_cdt"  _template="Gravity"/>
					<Body _template="Sunshield" ModelFrame="BoneSunshieldRight_cdt"  _template="Gravity"/>
				</Body>
				<Body _template="TieRod" ModelFrame="BoneTieRod_cdt" _template="Gravity">
					<Constraint
						AxisLocal="(0; 0; 1)"
						Name="TieRodSteer"
						MinLimit="-40"
						MaxLimit="40"
					/>
				</Body>
				<Body _template="Gravity" Collisions="None" Mass="10" ModelFrame="BoneWiggle5_cdt">
					<Constraint
						LinearLimitsX="(0;0)"
						LinearLimitsY="(0;0.2)"
						LinearLimitsZ="(0;0)"
						Type="Fixed"
					>
						<Motor Damping="2" Spring="0.1" Type="Spring" />
					</Constraint>
					<Body _template="Gravity" Collisions="None" Mass="2" ModelFrame="BoneWiggle6_cdt">
						<Constraint
							LinearLimitsX="(-0.2;0.01)"
							LinearLimitsY="(0;0.1)"
							LinearLimitsZ="(-0.01;0.05)"
							Type="Fixed"
						>
							<Motor Damping="25" Spring="100" Type="Spring" />
						</Constraint>
					</Body>
				</Body>
			</Body>
			<Body _template="WireWiggle" Mass="1.0" ModelFrame="BoneWiggle1_cdt" _template="Gravity">
				<Constraint>
					<Motor Damping="10" Spring="300" />
				</Constraint>
			</Body>
			<Body _template="WireWiggle" Mass="1.0" ModelFrame="BoneWiggle2_cdt" _template="Gravity">
				<Constraint>
					<Motor Damping="8" Spring="300" />
				</Constraint>
			</Body>
		</Body>
	</PhysicsModel>
	<ModelAttachments>
		<StopSignals>
			<Light _template="StopSignal" Pos="(-4.878; 1.025; -0)" />
			<Flare _template="StopSignal" Size="0.8" Pos="(-4.766; 0.989; 0.908)" />
			<Flare _template="StopSignal" Size="0.8" Pos="(-4.766; 0.989; -0.908)" />
		</StopSignals>
		<ReverseSignals>
			<Light _template="ReverseSignal" Color="g(255; 255; 255)" Pos="(-4.766; 0.989; 0.8)" />
			<Light _template="ReverseSignal" Color="g(255; 255; 255)" Pos="(-4.766; 0.989; -0.8)" />
			<Flare _template="ReverseSignal" Size="0.7" Pos="(-4.766; 0.989; 0.8)" />
			<Flare _template="ReverseSignal" Size="0.7" Pos="(-4.766; 0.989; -0.8)" />
			<Flare _template="BlueStreak" Color="g(255; 255; 255) x 0.05" Dir="(-1; 0; 0)" Size="0.4" Pos="(-4.766; 0.989; 0.8)" />
			<Flare _template="BlueStreak" Color="g(255; 255; 255) x 0.05" Dir="(-1; 0; 0)" Size="0.4" Pos="(-4.766; 0.989; -0.8)" />
		</ReverseSignals>
		<Ignition>
			<Light _template="IgnitionSignalWhite" Color="g(255; 203; 166) x 1" Pos="(4.15; 1.013; 0.7)" ParentFrame="BoneCabinDamper_cdt" />
			<Light _template="IgnitionSignalWhite" Color="g(255; 203; 166) x 1" Pos="(4.15; 1.013; -0.7)" ParentFrame="BoneCabinDamper_cdt" />
			<Light _template="IgnitionSignalRed" Pos="(-5.5; 1.025; -0)" />
			<!-- <Flare _template="IgnitionSignalOrange" Dir="(0; 0; 1)" Size="0.2" Pos="(2.133; 1.683; 0.971)" ParentFrame="BoneCabinDamper_cdt" />
			<Flare _template="IgnitionSignalOrange" Dir="(0; 0; -1)" Size="0.2" Pos="(2.133; 1.683; -0.971)" ParentFrame="BoneCabinDamper_cdt" /> -->
			<Flare _template="IgnitionSignalWhiteCold" Pos="(3.376; 1.423; -0.999)" ParentFrame="BoneCabinDamper_cdt" />
			<Flare _template="IgnitionSignalWhiteCold" Pos="(3.422; 1.421; -0.915)" ParentFrame="BoneCabinDamper_cdt" />
			<Flare _template="IgnitionSignalWhiteCold" Pos="(3.469; 1.419; -0.829)" ParentFrame="BoneCabinDamper_cdt" />
			<Flare _template="IgnitionSignalWhiteCold" Pos="(3.376; 1.423; 0.999)" ParentFrame="BoneCabinDamper_cdt" />
			<Flare _template="IgnitionSignalWhiteCold" Pos="(3.422; 1.421; 0.915)" ParentFrame="BoneCabinDamper_cdt" />
			<Flare _template="IgnitionSignalWhiteCold" Pos="(3.469; 1.419; 0.829)" ParentFrame="BoneCabinDamper_cdt" />
			<!--
			<Flare _template="MarkerBeacon" Color="g(255; 165; 80) x 0.35" Size="0.25" Pos="(1.718; 2.931; 0.84)" ParentFrame="BoneCabinDamper_cdt" />
			<Flare _template="MarkerBeacon" Color="g(255; 165; 80) x 0.35" Size="0.25" Pos="(1.718; 2.931; -0.84)" ParentFrame="BoneCabinDamper_cdt" />
			<Flare _template="MarkerBeacon" Color="g(255; 165; 80) x 0.35" Size="0.25" Pos="(1.7; 2.924; 0.278)" ParentFrame="BoneCabinDamper_cdt" />
			<Flare _template="MarkerBeacon" Color="g(255; 165; 80) x 0.35" Size="0.25" Pos="(1.718; 2.931; 0)" ParentFrame="BoneCabinDamper_cdt" />
			<Flare _template="MarkerBeacon" Color="g(255; 165; 80) x 0.35" Size="0.25" Pos="(1.7; 2.924; -0.278)" ParentFrame="BoneCabinDamper_cdt" />


-->
			<Flare _template="IgnitionSignalRed" Pos="(-4.774; 0.986; -1.09)" />
			<Flare _template="IgnitionSignalRed" Pos="(-4.774; 0.986; 1.09)" />
			<Flare _template="IgnitionSignalRed" Size="0.1" Pos="(-4.774; 0.962; -0.862)" />
			<Flare _template="IgnitionSignalRed" Size="0.1" Pos="(-4.774; 0.962; 0.862)" />
			<Flare _template="IgnitionSignalRed" Size="0.1" Pos="(-4.774; 1.022; -0.862)" />
			<Flare _template="IgnitionSignalRed" Size="0.1" Pos="(-4.774; 1.022; 0.862)" />
		</Ignition>
		<HeadLight>
			<Model _template="HeadLightRay" Org="(3.5; 1.417; 0.828)" ParentFrame="BoneCabinDamper_cdt" />
			<Model _template="HeadLightRay" Org="(3.5; 1.417; -0.828)" ParentFrame="BoneCabinDamper_cdt" />
			<Flare _template="HeadLight" Color="g(255; 235; 215) x 0.5" Dir="(1; 0; 0.5)" DirAngle="110" Size="0.8" Pos="(3.5; 1.417; 0.915)" ParentFrame="BoneCabinDamper_cdt" />
			<Flare _template="HeadLight" Color="g(255; 235; 215) x 0.5" Dir="(1; 0; -0.5)" DirAngle="110" Size="0.8" Pos="(3.5; 1.417; -0.915)" ParentFrame="BoneCabinDamper_cdt" />
			<Flare _template="BlueStreak" Pos="(3.5; 1.417; 0.828)" ParentFrame="BoneCabinDamper_cdt" />
			<Flare _template="BlueStreak" Pos="(3.5; 1.417; -0.828)" ParentFrame="BoneCabinDamper_cdt" />
		</HeadLight>
	</ModelAttachments>
	<Landmark Mesh="landmarks/voron_grad_lmk" MinScale="1.8" MaxScale="3.8" />
	<HeadLight _template="Default" Pos="(4; 1.417; 0)" ParentFrame="BoneCabin_cdt" />
	<GameData
		Country="RU,CAS"
		Price="65700"
		UnlockByExploration="false"
		UnlockByRank="18"
	>
		<WinchSocket Pos="(3.799; 1.067; 0)" ParentFrame="BoneCabin_cdt" />
		<WinchSocket Pos="(3.799; 1.067; 0.346)" ParentFrame="BoneCabin_cdt" />
		<WinchSocket Pos="(3.799; 1.067; -0.346)" ParentFrame="BoneCabin_cdt" />
		<WinchSocket Pos="(0.408; 0.876; 0.386)" />
		<WinchSocket Pos="(-0.44; 0.899; -0.426)" />
		<WinchSocket Pos="(-4.524; 1.111; 0.502)" />
		<WinchSocket Pos="(-4.524; 1.111; -0.502)" />
		<WinchSocket Pos="(-4.946; 0.988; 0)" />
		<UiDesc
			UiDesc="UI_VEHICLE_VORON_GRAD_DESC"
			UiIcon30x30="offroadVehicleImg30"
			UiIcon328x458="shopImgVoronGrad"
			UiIcon40x40="offroadVehicleImg"
			UiIconLogo="VoronLogo80"
			UiName="UI_VEHICLE_VORON_GRAD_NAME"
		/>
		<CustomizationCameras>
			<CameraPos FOV="32.0" Interior="true" Name="roof_sticker" InterestPosition="(3.115; 0.363; -0.658)" Position="(6.637; 5.34; -0.377)" />
			<CameraPos FOV="32.0" Interior="true" Name="sticker_1" InterestPosition="(7.169; 3.149; 1.45)" Position="(4.5; 2.55; -0.75)" />
			<CameraPos FOV="32.0" Name="addon_1" InterestPosition="(0.697; 1.869; 0)" MaxXRotation="360" MaxYRotation="360" MaxZoom="2" Position="(-7.265; 3.31; 8.244)" />
			<CameraPos FOV="32.0" Name="addon_2" InterestPosition="(3.451; 0.656; 0)" MaxXRotation="360" MaxYRotation="360" MaxZoom="2" Position="(4.749; 2.305; 3.103)" />
			<CameraPos FOV="32.0" Interior="true" Name="mirror_mount" InterestPosition="(7.173; 2.949; -0.256)" Position="(4.705; 2.515; 0.31)" />
			<CameraPos FOV="32.0" Name="side_r" InterestPosition="(5.782; 1.48; 0)" MaxXRotation="360" MaxYRotation="360" MaxZoom="2" Position="(0.386; 3.779; 4.018)" />
			<CameraPos FOV="32.0" Interior="true" Name="sticker" InterestPosition="(6.729; -0.002; 1.221)" Position="(5.033; 2.776; -0.831)" />
			<CameraPos FOV="32.0" Interior="true" Name="glass_sticker" InterestPosition="(5.694; 2.431; -0.754)" Position="(8.249; 3.627; 1.015)" />
			<CameraPos FOV="32.0" Interior="true" Name="door_r_sticker" InterestPosition="(6.274; 1.034; 0.518)" Position="(3.688; 1.986; 3.089)" />
			<CameraPos FOV="32.0" Name="roof" InterestPosition="(5.024; 1.924; -0)" MaxXRotation="360" MaxYRotation="360" MaxZoom="2" Position="(9.466; 4.071; -3.096)" />
			<CameraPos FOV="32.0" Interior="true" Name="capote_sticker" InterestPosition="(4.707; 0.009; -0.311)" Position="(9.015; 4.521; -0.515)" />
			<CameraPos FOV="32.0" Name="hoods" InterestPosition="(5.275; 1.623; 0)" MaxXRotation="360" MaxYRotation="360" MaxZoom="2" Position="(12.823; 1.44; -4.73)" />
			<CameraPos FOV="32.0" Interior="true" Name="sticker_3" InterestPosition="(7.169; 3.149; 2.16)" Position="(4.5; 2.55; 0.131)" />
			<CameraPos FOV="32.0" Interior="true" Name="sticker_2" InterestPosition="(6.729; 1.149; 2.16)" Position="(4.67; 2.39; 0.131)" />
			<CameraPos FOV="32.0" Name="side_l" InterestPosition="(5.981; 1.619; 0)" MaxXRotation="360" MaxYRotation="360" MaxZoom="2" Position="(9.311; 3.738; 3.747)" />
			<CameraPos FOV="32.0" Interior="true" Name="bubble_head" InterestPosition="(6.729; 1.259; 1.72)" Position="(4.851; 2.5; -0.309)" />
			<CameraPos FOV="32.0" Name="wheels" InterestPosition="(0; 0.669; -1.5)" MaxXRotation="360" MaxYRotation="360" MaxZoom="2" Position="(13; 2; 5.834)" />
			<CameraPos FOV="32.0" Name="default" InterestPosition="(5.275; 1.623; 0)" MaxXRotation="360" MaxYRotation="360" MaxZoom="2" Position="(12.823; 1.44; -4.73)" />
			<CameraPos FOV="32.0" Name="rear" InterestPosition="(0.479; 0.992; -0)" MaxXRotation="360" MaxYRotation="360" MaxZoom="2" Position="(-5.767; 1.805; 2.899)" />
			<CameraPos FOV="32.0" Interior="true" Name="door_l_sticker" InterestPosition="(4.352; 1.144; -0)" Position="(3.585; 2.03; -3.044)" />
			<CameraPos FOV="32.0" Interior="true" Name="hood_ornament" InterestPosition="(7.731; 2.034; -1.483)" Position="(8.782; 2.350; -1.483)" />
			<CameraPos FOV="32.0" Interior="true" Name="curtain" InterestPosition="(7.173; 2.949; -0.256)" Position="(4.705; 2.515; 0.31)" />
		</CustomizationCameras>
		<CraneSocket Pos="(3.799; 1.067; 0)" ParentFrame="BoneCabin_cdt" />
		<CraneSocket Pos="(3.799; 1.067; 0.346)" ParentFrame="BoneCabin_cdt" />
		<CraneSocket Pos="(3.799; 1.067; -0.346)" ParentFrame="BoneCabin_cdt" />
		<CraneSocket Pos="(0.408; 0.876; 0.386)" />
		<CraneSocket Pos="(-0.44; 0.899; -0.426)" />
		<CraneSocket Pos="(-4.524; 1.111; 0.502)" />
		<CraneSocket Pos="(-4.524; 1.111; -0.502)" />
		<CraneSocket Pos="(-4.946; 0.988; 0)" />
		<CraneSocket Pos="(0.63; 2.88; 0)" />
		<AddonSockets>
			<Socket Names="URAL4320_WheelAddon1" Offset="(-0.27; 0.0; 0)" NamesBlock="UralNEXT_Frame" ParentFrame="BoneChassis_cdt" />
			<Socket Names="URAL4320_WheelAddon2" Offset="(-0.27; 0.0; 0)" NamesBlock="UralNEXT_Frame" ParentFrame="BoneChassis_cdt" />
			<Socket
				Names="Tayga6436WheelAddon"
				NamesBlock="FrameAddonMaintainer, FrameAddonLogShortZikz, FrameAddonLogMediumHigh, FrameAddonTow, FrameAddonTowPlatform, MinicraneRU, VoronGradExhausts, FrameAddonKung, FrameAddonTank"
				Offset="(0.2; -0.095; 0)"
				ParentFrame="BoneChassis_cdt"
			>
				<ExtraParent Frame="BoneCabin_cdt" />
			</Socket>
			<Socket 
				Names="DerrySpecial15c177SpareWheel" Dir="(-1;0;0)" 
				NamesBlock="FrameAddonMaintainer, FrameAddonLogShortZikz, FrameAddonLogMediumHigh, FrameAddonTow, FrameAddonTowPlatform, MinicraneRU, VoronGradExhausts, FrameAddonKung"
				Offset="(-0.5; -0.35; -1.55)"
				ParentFrame="BoneCabinDamper_cdt"
			/>
			<Socket 
				Names="InternationalFleetstarF2070aCabinProtector"
				NamesBlock="FrameAddonTow, FrameAddonTowPlatform, FrameAddonLogShortZikz, FrameAddonLogMediumHigh, BigCraneRu, FrameAddonKung, FrameAddonTank, FrameAddonMaintainer, FrameAddon, FrameAddonSeismicVibrator" 
				Offset="(-1.185; 0.137; 0)" ParentFrame="BoneCabin_cdt" 
			>
				<AddonsShift Offset="(-1.2; 0; 0)" Types="MinicraneRU" />
			</Socket>
		</AddonSockets>
		<AddonSockets>
			<Socket Names="VoronGradSpareWheel" Offset="(0; 0; 0)" ParentFrame="BoneChassis_cdt">
				<ExtraParent Frame="BoneCabin_cdt" />
			</Socket>
		</AddonSockets>
		<AddonSockets DefaultAddon="voron_grad_exhaust_default">
			<Socket Names="VoronGradExhaust" Offset="(0; 0; 0)" ParentFrame="BoneCabin_cdt">
				<ExtraParent Frame="BoneChassis_cdt" />
				<ExtraParent Frame="BoneCabinDamper_cdt" />
			</Socket>
			<Socket Names="VoronGradExhausts" Offset="(0; 0; 0)" ParentFrame="BoneCabin_cdt">
				<ExtraParent Frame="BoneChassis_cdt" />
				<ExtraParent Frame="BoneCabinDamper_cdt" />
			</Socket>
		</AddonSockets>
		<AddonSockets>
			<Socket Names="VoronGradAirFilter" Offset="(0; 0; 0)" ParentFrame="BoneCabinDamper_cdt" />
			<Socket Names="UralNEXT_Filter" Offset="(0; 0; 0)" ParentFrame="BoneCabinDamper_cdt" />
		</AddonSockets>
		<AddonSockets DefaultAddon="voron_grad_bumper_default">
			<Socket Names="VoronGradBumper" Offset="(0; 0; 0)" ParentFrame="BoneCabin_cdt" />
		</AddonSockets>
		<AddonSockets>
			<Socket Names="VoronGradHorn" Offset="(0; 0; 0)" ParentFrame="BoneCabinDamper_cdt" />
		</AddonSockets>
		<AddonSockets DefaultAddon="voron_grad_air_beacon_default">
			<Socket Names="VoronGradVisor" Offset="(0; 0; 0)" ParentFrame="BoneCabinDamper_cdt" />
		</AddonSockets>
		<AddonSockets>
			<Socket Names="VoronGradSpotLight1" NamesBlock="VoronGradBeacon" Offset="(0; 0; 0)" ParentFrame="BoneCabinDamper_cdt" />
			<Socket Names="VoronGradSpotLight2" Offset="(0; 0; 0)" ParentFrame="BoneCabinDamper_cdt" />
		</AddonSockets>
		<AddonSockets>
			<Socket Names="VoronGradBeacon" Offset="(0; 0; 0)" ParentFrame="BoneCabinDamper_cdt" />
		</AddonSockets>
		<AddonSockets>
			<Socket CablesName="env/trailer_cable" TruckCablesPos="(-0.55; 1.16; -0.03)" Names="Semitrailer, SemitrailerOiltank" Offset="(-2.817; 1.46; 0)" />
			<Socket CablesName="env/trailer_cable" TruckCablesPos="(-0.55; 1.16; -0.03)" Names="LargeSemitrailer, LargeSemitrailerOiltank" Offset="(-2.817; 1.66; 0)" />
			<Socket Names="Trailer, LogTrailer" Offset="(-5; 1.013; 0)">
				<!--<AddonsShift Offset="(0; 0; 0)" TrailerNamesBlock="Trailer" Types="MinicraneRU, FrameAddon" /> -->
				<AddonsShift Offset="(-0.85; 0; 0)" Types="UralNEXT_Frame" />
			</Socket>
		</AddonSockets>
		<AddonSockets>
			<Socket Names="UralNEXT_Frame" Offset="(0; 0; 0)" ParentFrame="BoneChassis_cdt">
				<ExtraParent Frame="BoneCabin_cdt" />
			</Socket>
		</AddonSockets>
		<AddonSockets>
			<Socket Names="UralNEXT_AddonBody" Offset="(0; 0; 0)" ParentFrame="BoneChassis_cdt">
				<AddonsShift Offset="(-0.85; 0; 0)" Types="UralNEXT_Frame" />
				<AddonsShift Offset="(-0.44; 0; 0)" Types="URAL4320_WheelAddon2" />
			</Socket>
			<Socket Names="FrameAddonSeismicVibrator" 
				NamesBlock="LogLift, MinicraneRU, Trailer, MetalDetector, InternationalPaystar5070CabinProtector, LogTrailer" 
				Offset="(-0.27; 1.16; 0)" 
				ParentFrame="BoneChassis_cdt"
			/>
			<Socket Names="TatraSideboard" Offset="(-0.9; -0.05; 0)" NamesBlock="KamazAddonBody, BunkLog, LogLift, MetalDetector, FrameAddonLogShortZikz, FrameAddonLogMediumHigh, InternationalFleetstarF2070aCabinProtector, FrameAddonMaintainer, FrameAddon" ParentFrame="BoneChassis_cdt">
				<ExtraParent Frame="BoneChassis_cdt" Offset="(0; -0.1; 0)" />
				<ExtraParent Frame="BoneChassis_cdt" Offset="(0; 0.1; 0)" />
				<AddonsShift Offset="(-0.85; 0; 0)" Types="MinicraneRU" />
				<AddonsShift Offset="(-0.75; 0; 0)" Types="CraneKrs58Bandit" /> 
				<AddonsShift Offset="(-0.3; 0; 0)" Types="Tayga6436WheelAddon" /> 
				<AddonsShift Offset="(-0.15; 0; 0)" Types="DerrySpecial15c177SpareWheel" />
				<AddonsShift Offset="(-0.15; 0; 0)" Types="URAL4320_WheelAddon1" />
				<AddonsShift Offset="(-0.2; 0; 0)" Types="URAL4320_WheelAddon2" />
			</Socket>
			<Socket Names="FrameAddonLogShortZikz" NamesBlock="MinicraneRU, MetalDetector" Offset="(-1.93; 1.42; 0)" ParentFrame="BoneChassis_cdt" />
			<Socket Names="FrameAddonLogMediumHigh" NamesBlock="MinicraneRU, MetalDetector" Offset="(-1.9; 1.157; 0)" ParentFrame="BoneChassis_cdt" />
			<Socket Names="FrameAddonTowPlatform" Offset="(-1.45; 1.15; 0)" NamesBlock="MinicraneRU" ParentFrame="BoneChassis_cdt" />
			<Socket Names="FrameAddonTow" Offset="(-2.6; 1.15; 0)" NamesBlock="MinicraneRU" ParentFrame="BoneChassis_cdt" />
			<Socket Names="BunkLog" Offset="(-6.22; 1.160; 0)" NamesBlock="MinicraneRU" />
			<Socket Names="SaddleLow" Offset="(-2.817; 1.16; -0.002)">
				<ExtraParent Frame="BoneChassis_cdt" Offset="(0; 0; 0.02)" />
				<ExtraParent Frame="BoneChassis_cdt" Offset="(0; 0; -0.02)" />
			</Socket>
			<Socket Names="SaddleHigh" Offset="(-2.817; 1.16; -0.002)">
				<ExtraParent Frame="BoneChassis_cdt" Offset="(0; 0; 0.015)" />
				<ExtraParent Frame="BoneChassis_cdt" Offset="(0; 0; -0.015)" />
			</Socket>
			<Socket Names="FrameAddon" Offset="(-2.100; 1.15; 0)" ParentFrame="BoneChassis_cdt">
				<ExtraParent Frame="BoneChassis_cdt" Offset="(0; 0; 0.05)" />
				<ExtraParent Frame="BoneChassis_cdt" Offset="(0; 0; -0.05)" />
				<AddonsShift Offset="(-0.9; 0; 0)" Types="MinicraneRU" />
				<AddonsShift Offset="(-0.8; 0; 0)" Types="CraneKrs58Bandit" />
				<AddonsShift Offset="(-0.27; 0; 0)" Types="Tayga6436WheelAddon" />
				<AddonsShift Offset="(-0.2; 0; 0)" Types="DerrySpecial15c177SpareWheel" />
				<AddonsShift Offset="(-0.2; 0; 0)" Types="URAL4320_WheelAddon2" />
				<AddonsShift Offset="(-0.2; 0; 0)" Types="URAL4320_WheelAddon1" />
			</Socket>
			<Socket Names="KamazAddonBody" Offset="(0.2; -0.73; 0)" ParentFrame="BoneChassis_cdt">>
				<ExtraParent Frame="BoneChassis_cdt" Offset="(0; 0; 0.05)" />
				<ExtraParent Frame="BoneChassis_cdt" Offset="(0; 0; -0.05)" />
				<AddonsShift Offset="(-0.65; 0; 0)" Types="MinicraneRU" />
				<AddonsShift Offset="(-0.6; 0; 0)" Types="CraneKrs58Bandit" />
				<AddonsShift Offset="(-0.15; 0; 0)" Types="Tayga6436WheelAddon" />
				<AddonsShift Offset="(-0.1; 0; 0)" Types="DerrySpecial15c177SpareWheel" />
				<AddonsShift Offset="(-0.1; 0; 0)" Types="URAL4320_WheelAddon1" />
				<AddonsShift Offset="(-0.1; 0; 0)" Types="URAL4320_WheelAddon2" />
				<AddonsShift Offset="(-0.05; 0; 0)" Types="InternationalFleetstarF2070aCabinProtector" />
			</Socket>
			<Socket Names="FrameAddonKung" Offset="(-2.350; 1.24; 0)" ParentFrame="BoneChassis_cdt">
				<ExtraParent Frame="BoneChassis_cdt" Offset="(0; 0; -0.08)" />
				<ExtraParent Frame="BoneChassis_cdt" Offset="(0; 0; 0.08)" />
			</Socket>
			<Socket Names="FrameAddonTank" Offset="(-3.1; 1.15; 0)" ParentFrame="BoneChassis_cdt" >
				<AddonsShift Offset="(-0.2; 0; 0)" Types="DerrySpecial15c177SpareWheel" />
				<AddonsShift Offset="(-0.24; 0; 0)" Types="URAL4320_WheelAddon2" />
				<AddonsShift Offset="(-0.2; 0; 0)" Types="URAL4320_WheelAddon1" />
			</Socket>
			<!-- <Socket Names="BigCraneUs" NamesBlock="Minicrane, Semitrailer" Offset="(-2.85; 1.165; 0)" /> -->
			<Socket Names="BigCraneRu" NamesBlock="MinicraneRU" Offset="(-3.1; 1.265; 0)">
				<ExtraParent Frame="BoneChassis_cdt" Offset="(0; -0.1; 0)" />
				<ExtraParent Frame="BoneChassis_cdt" Offset="(0; -0.1; 0)" />
				<AddonsShift Offset="(-0.15; 0; 0)" Types="Tayga6436WheelAddon" />
				<AddonsShift Offset="(-0.15; 0; 0)" Types="DerrySpecial15c177SpareWheel" />
				<AddonsShift Offset="(-0.15; 0; 0)" Types="URAL4320_WheelAddon1" />
				<AddonsShift Offset="(-0.15; 0; 0)" Types="URAL4320_WheelAddon2" />
			</Socket>
			<Socket Names="Crane_KS4572" NamesBlock="MinicraneRU, MetalDetector, LogLift, VoronGradVisor, VoronGradSpotLight1, VoronGradSpotLight2, InternationalFleetstarF2070aCabinProtector, VoronGradSpareWheel" Offset="(-3.1; 1.165; 0)" ParentFrame="BoneChassis_cdt" >
				<AddonsShift Offset="(-0.15; 0; 0)" Types="Tayga6436WheelAddon" />
				<AddonsShift Offset="(-0.09; 0; 0)" Types="DerrySpecial15c177SpareWheel" />
				<AddonsShift Offset="(-0.15; 0; 0)" Types="URAL4320_WheelAddon1" />
				<AddonsShift Offset="(-0.2; 0; 0)" Types="URAL4320_WheelAddon2" />
			</Socket>
			<!--<Socket Names="FrameAddonMaintainer" NamesBlock="Trailer, MinicraneRU" Offset="(-2.87; 0.126; 0)" ParentFrame="BoneChassis_cdt" />-->
		</AddonSockets>
		<AddonSockets DefaultAddon="voron_grad_diff_lock_default">
			<Socket Names="VoronGradDiffLock" Offset="(0; 0; 0)" ParentFrame="BoneChassis_cdt" />
		</AddonSockets>
		<AddonSockets>
			<Socket Names="MinicraneRU" NamesBlock="FrameAddonKung, FrameAddonTank" Offset="(0.1; 1.16; 0)" >
				<AddonsShift Offset="(0; 0.2; 0)" Types="UralNEXT_Frame" />
			</Socket>
			<!--<Socket Names="CraneKrs58Bandit" NamesBlock="FrameAddonLogShortZikz, FrameAddonLogMediumHigh, FrameAddonTowPlatform, FrameAddonTow, FrameAddonKung, FrameAddonTank, BigCraneRu" Offset="(-0.7; -0.16; 0)" />-->
		</AddonSockets>
		<AddonSockets>
			<Socket
				InCockpit="true"
				Names="StuffDashboard"
				Offset="(1.867; 2.209; -0.014)"
				ParentFrame="BoneCabinDamper_cdt"
			/>
		</AddonSockets>
		<AddonSockets>
			<Socket
				InCockpit="true"
				Names="StuffAirfreshener"
				Offset="(1.7; 2.803; 0.207)"
				ParentFrame="BoneCabinDamper_cdt"
			/>
			<Socket InCockpit="true" Names="StuffCurtainVoronGrad" ParentFrame="BoneCabinDamper_cdt" />
		</AddonSockets>
		<AddonSockets>
			<Socket
				InCockpit="true"
				Names="VoronGradSticker_1x1_01"
				Offset="(0; 0; 0)"
				ParentFrame="BoneCabinDamper_cdt"
			/>
		</AddonSockets>
		<AddonSockets>
			<Socket
				InCockpit="true"
				Names="VoronGradSticker_1x1_02"
				Offset="(0; 0; 0)"
				ParentFrame="BoneCabinDamper_cdt"
			/>
		</AddonSockets>
		<AddonSockets>
			<Socket
				InCockpit="true"
				Names="VoronGradSticker_1x1_03"
				Offset="(0; 0; 0)"
				ParentFrame="BoneSunshieldLeft_cdt"
			/>
		</AddonSockets>
		<AddonSockets>
			<Socket
				InCockpit="true"
				Names="VoronGradSticker_1x2_01"
				Offset="(0; 0; 0)"
				ParentFrame="BoneCabinDamper_cdt"
			/>
		</AddonSockets>
		<AddonSockets>
			<Socket
				InCockpit="true"
				Names="VoronGradSticker_1x2_02"
				Offset="(0; 0; 0)"
				ParentFrame="BoneSunshieldRight_cdt"
			/>
		</AddonSockets>
		<AddonSockets>
			<Socket
				InCockpit="true"
				Names="VoronGradSticker_1x4_01"
				Offset="(0; 0; 0)"
				ParentFrame="BoneCabinDamper_cdt"
			/>
		</AddonSockets>
		<AddonSockets>
			<Socket InCockpit="true" Names="voronGradSticker_GlassTop" Offset="(0; 0; 0)" ParentFrame="BoneCabinDamper_cdt" />
		</AddonSockets>
		<AddonSockets>
			<Socket InCockpit="true" Names="voronGradSticker_GlassBottom" Offset="(0; 0; 0)" ParentFrame="BoneCabinDamper_cdt" />
		</AddonSockets>
		<AddonSockets>
			<Socket Names="voronGradSticker_Door_L" Offset="(0; 0; 0)" ParentFrame="BoneCabinDamper_cdt" />
		</AddonSockets>
		<AddonSockets>
			<Socket Names="voronGradSticker_Door_R" Offset="(0; 0; 0)" ParentFrame="BoneCabinDamper_cdt" />
		</AddonSockets>
		<AddonSockets>
			<Socket Names="voronGradSticker_Roof" Offset="(0; 0; 0)" ParentFrame="BoneCabinDamper_cdt" />
		</AddonSockets>
		<AddonSockets>
			<Socket Names="voronGradSticker_Capote" Offset="(0; 0; 0)" ParentFrame="BoneCabinDamper_cdt" />
		</AddonSockets>
		<AddonSockets>
			<Socket Names="StuffHoodVoronGrad" Offset="(0; 0; 0)" ParentFrame="BoneCabinDamper_cdt" />
		</AddonSockets>
		<AddonSockets>
			<Socket Names="AddonHornsSmall" NamesBlock="StuffHoodVoronGrad" Offset="(3.627; 1.950; 0)" ParentFrame="BoneCabinDamper_cdt" />
		</AddonSockets>
	</GameData>
	<ControlledConstraints>
		<Constraint Id="chassis_steer" IsLinkedSteering="true" Name="TieRodSteer" />
	</ControlledConstraints>
	<AutomaticIK>
		<IKBone ModelFrame="BoneBeamHinge" ParentFrame="BoneTieRod_cdt">
			<IKJoint AxisLocal="(1; 0; 0)" Type="Hinge2" />
			<IKBone
				AttachOffset="(0; 0; 0)"
				AttachToFrame="BoneRackLeft"
				ModelFrame="BoneBeamSlider"
			>
				<IKJoint AxisLocal="(1; 0; 0)" Type="Slider" />
			</IKBone>
		</IKBone>
		<IKBone ModelFrame="BonePiston1Hinge" ParentFrame="BoneCabin_cdt">
			<IKJoint AxisLocal="(1; 0; 0)" Type="Hinge2" />
			<IKBone
				AttachOffset="(0; 0; 0)"
				AttachToFrame="BoneAxle1"
				ModelFrame="BonePiston1Slider"
			>
				<IKJoint AxisLocal="(1; 0; 0)" Type="Slider" />
			</IKBone>
		</IKBone>
		<IKBone ModelFrame="BonePiston2Hinge" ParentFrame="BoneCabin_cdt">
			<IKJoint AxisLocal="(1; 0; 0)" Type="Hinge2" />
			<IKBone
				AttachOffset="(0; 0; 0)"
				AttachToFrame="BoneAxle1"
				ModelFrame="BonePiston2Slider"
			>
				<IKJoint AxisLocal="(1; 0; 0)" Type="Slider" />
			</IKBone>
		</IKBone>
		<IKBone ModelFrame="BonePiston3Hinge" ParentFrame="BoneCabin_cdt">
			<IKJoint AxisLocal="(1; 0; 0)" Type="Hinge2" />
			<IKBone
				AttachOffset="(0; 0; 0)"
				AttachToFrame="BoneRackLeft"
				ModelFrame="BonePiston3Slider"
			>
				<IKJoint AxisLocal="(1; 0; 0)" Type="Slider" />
			</IKBone>
		</IKBone>
	</AutomaticIK>
</Truck>