<_templates Include="trucks">
	<Flare>
		<IgnitionSignalRedSmall
			AspectRatio="1.4"
			Color="g(169; 0; 0) x 0.7"
			ColorMultAtDay="0.6"
			Dir="(-1; 0; 0)"
			DirAngle="135"
			Size="0.07"
		/>
	</Flare>
</_templates>
<TruckAddon IsChassisFullOcclusion="true">
	<PhysicsModel Mesh="trucks/addons/frame_addon_flatbed_1">
		<Body Mass="200" _template="Gravity">
			<Constraint Type="Rigid" />
		</Body>
	</PhysicsModel>
	<ModelAttachments>
		<Ignition>
			<Flare _template="IgnitionSignalRedSmall" Dir="(0; 0; -1)" Pos="(1.259; 0.246; -1.351)" />
			<Flare _template="IgnitionSignalRedSmall" Dir="(0; 0; 1)" Pos="(1.259; 0.246; 1.351)" />
			<Flare _template="IgnitionSignalRedSmall" Dir="(0; 0; -1)" Pos="(-1.420; 0.246; -1.351)" />
			<Flare _template="IgnitionSignalRedSmall" Dir="(0; 0; 1)" Pos="(-1.420; 0.246; 1.351)" />
			<Flare _template="IgnitionSignalRedSmall" Pos="(-1.642; 0.230; -1.247)" />
			<Flare _template="IgnitionSignalRedSmall" Pos="(-1.642; 0.230; 1.247)" />
			<Flare _template="IgnitionSignalRedSmall" Pos="(-1.642; 0.230; -0.087)" />
			<Flare _template="IgnitionSignalRedSmall" Pos="(-1.642; 0.230; 0.087)" />
		</Ignition>
	</ModelAttachments>
	<GameData
		CameraPreset="addon_1"
		Category="frame_addons"
		IsCustomizable="true"
		Price="3800"
		UnlockByExploration="false"
		UnlockByRank="1"
	>
		<UiDesc
			UiDesc="UI_ADDON_FRAME_FLATBED_1_DESC"
			UiIcon30x30=""
			UiIcon40x40=""
			UiName="UI_ADDON_FRAME_FLATBED_1_NAME"
		/>
		<InstallSocket Type="FrameAddonFlatbed1" />
		<AddonSlots InitialOffset="(0.1; 0.291; 0)" OffsetStep="(-2.478; 0; 0)" Quantity="1" />
	</GameData>
</TruckAddon>
