<TruckAddon>
	<TruckData
		RepairsCapacity="500"
		WheelRepairsCapacity="2"
		FuelCapacity="300"
	/>
	<PhysicsModel Mesh="trucks/addons/frame_addon_maintainer_small">
		<Body CenterOfMassOffset="(0.7; -0.5; 0)" Mass="1000" _template="Gravity">		
			<Constraint Type="Rigid" />
		</Body>
	</PhysicsModel>	
	<GameData
		CameraPreset="addon_1"
		Category="frame_addons"
		IsCustomizable="true"
		Price="4700"
		UnlockByExploration="false"
		UnlockByRank="1"
	>
		<UiDesc
			UiDesc="UI_ADDON_FRAME_MAINTAINER_SMALL_DESC"
			UiIcon30x30=""
			UiIcon40x40=""
			UiName="UI_ADDON_FRAME_MAINTAINER_SMALL_NAME"
		/>
		<InstallSocket Offset="(0; 0; 0)" Type="FrameAddonMaintainerSmall" />
	</GameData>
	<FuelMass>
		<Body Mass="1240" />
	</FuelMass>
</TruckAddon>
