<_templates Include="trucks" />
<SuspensionSetVariants>
	<SuspensionSet
		_template="Normal"
		BrokenWheelDamageMultiplier="2"
		CriticalDamageThreshold="0.7"
		DamageCapacity="220"
		Name="international_hx_520_suspension_default"
	>
		<Suspension Damping="0.3" Height="0.1" Strength="0.05" WheelType="front"  BrokenSuspensionMax="0.2" SuspensionMin="-0.4" />
		<Suspension Damping="0.4" Height="0.04" Strength="0.25" WheelType="rear"   BrokenSuspensionMax="0.0" SuspensionMin="-0.07" />
		<GameData
			Price="5300"
			UnlockByExploration="false"
			UnlockByRank="1"
		>
			<UiDesc
				UiDesc="UI_SUSPENSION_DEFAULT_DESC"
				UiIcon30x30=""
				UiIcon40x40=""
				UiName="UI_SUSPENSION_DEFAULT_NAME"
			/>
		</GameData>
	</SuspensionSet>
	<!--<SuspensionSet
		_template="High"
		BrokenWheelDamageMultiplier="2"
		CriticalDamageThreshold="0.7"
		DamageCapacity="240"
		Name="international_hx_520_suspension_high"
	>
		<Suspension Damping="0.3" Height="0.18" Strength="0.05" WheelType="front"  BrokenSuspensionMax="0.2" SuspensionMin="-0.47" />
		<Suspension Damping="0.4" Height="0.14" Strength="0.29" WheelType="rear"   BrokenSuspensionMax="0.0" SuspensionMin="-0.12" />
		<GameData
			Price="7315"
			UnlockByExploration="false"
			UnlockByRank="15"
		>
			<UiDesc
				UiDesc="UI_SUSPENSION_HIGH_DESC"
				UiIcon30x30=""
				UiIcon40x40=""
				UiName="UI_SUSPENSION_HIGH_NAME"
			/>
		</GameData>
	</SuspensionSet>-->
</SuspensionSetVariants>
