<_templates Include="models" />
<TruckAddon _noinherit="true">
	<PhysicsModel Mesh="trucks/cargo/cargo_concrete_slab_2">
		<NetSync Legacy="false" />
		<Body Mass="7525" ModelFrame="BoneRoot_cdt" _template="Gravity" >
			<Constraint ExplicitParentFrame="0" Type="Fixed" />
			<Body Mass="7525" ModelFrame="BoneCargo_1_cdt" _template="Gravity" >
				<Constraint ExplicitParentFrame="1" Type="Fixed" />
			</Body>
		</Body>
	</PhysicsModel>
	<GameData>
		<Sounds
			InstallSound="cargo_manual/cargo_manual_concrete_slab"
			TransportedSound="load/concrete_blocks/concrete_blocks_rnd"
			ManualSound="cargo_manual/cargo_manual_concrete_slab"
		/>
		<InstallSlot
			CargoLength="2"
			CargoType="CargoConcreteSlab"
			CargoValue="1"
			Offset="(1.279; 0; 0)"
		/>
	</GameData>
</TruckAddon>
