<_templates Include="models" />
<TruckAddon _noinherit="true">
	<PhysicsModel Mesh="trucks/cargo/cargo_metal_planks_2">
		<NetSync Legacy="false" />
		<Body Mass="3520" ModelFrame="BoneRoot_cdt" _template="Gravity" >
			<Constraint ExplicitParentFrame="0" Type="Fixed" />
			<Body Mass="3520" ModelFrame="BoneCargo_1_cdt" _template="Gravity" >
				<Constraint ExplicitParentFrame="1" Type="Fixed" />
			</Body>
		</Body>
	</PhysicsModel>
	<GameData>
		<Sounds
			InstallSound="cargo_manual/cargo_manual_metal_planks"
			TransportedSound="load/bottle_metal/bottle_metal_rnd"
			ManualSound="cargo_manual/cargo_manual_metal_planks"
		/>
		<InstallSlot
			CargoLength="2"
			CargoType="CargoMetalPlanks"
			CargoValue="1"
			Offset="(1.279; 0; 0)"
		/>
	</GameData>
</TruckAddon>
