<_templates Include="models" />
<TruckAddon _noinherit="true">
	<PhysicsModel Mesh="trucks/cargo/cargo_big_drill_4">
		<NetSync Legacy="false" />
		<Body Mass="4560" ModelFrame="BoneRoot_cdt" _template="Gravity">
			<Constraint ExplicitParentFrame="0" Type="Fixed" />
			<Body Mass="4560" ModelFrame="BoneCargo_Drill_1_cdt" _template="Gravity">
				<Constraint ExplicitParentFrame="1" Type="Fixed" />
				<Body Mass="3060" ModelFrame="BoneCargo_Drill_2_cdt" _template="Gravity">
					<Constraint ExplicitParentFrame="2" Type="Fixed" />
					<Body Mass="1560" ModelFrame="BoneCargo_Drill_3_cdt" _template="Gravity">
						<Constraint ExplicitParentFrame="3" Type="Fixed" />
						<Body Mass="1560" ModelFrame="BoneCargo_Drill_4_cdt" _template="Gravity">
							<Constraint ExplicitParentFrame="4" Type="Fixed" />
						</Body>
					</Body>
				</Body>
			</Body>
		</Body>
	</PhysicsModel>
	<GameData>
		<Sounds
			InstallSound="cargo_manual/cargo_manual_big_drill"
			TransportedSound="load/pipe_large/pipe_large_rnd"
			ManualSound="cargo_manual/cargo_manual_big_drill"
		/>
		<InstallSlot
			CargoLength="5"
			CargoType="CargoBigDrill"
			CargoValue="1"
			Offset="(5.118; 0; 0)"
		/>
	</GameData>
</TruckAddon>
