<_templates Include="models" />
<TruckAddon _noinherit="true">
	<PhysicsModel Mesh="trucks/cargo/cargo_pipes_small_2">
		<NetSync Legacy="false" />
		<Body Mass="1760" ModelFrame="BoneRoot_cdt" _template="Gravity" >
			<Constraint ExplicitParentFrame="0" Type="Fixed" />
			<Body Mass="1760" ModelFrame="BoneCargo_container_1_cdt" _template="Gravity" >
				<Constraint ExplicitParentFrame="1" Type="Fixed" />
			</Body>
		</Body>
	</PhysicsModel>
	<GameData>
		<Sounds
			InstallSound="cargo_manual/cargo_manual_pipes_small"
			TransportedSound="load/pipe_small/pipe_small_rnd"
			ManualSound="cargo_manual/cargo_manual_pipes_small"
		/>
		<InstallSlot
			CargoLength="2"
			CargoType="CargoPipesSmall"
			CargoValue="1"
			Offset="(1.279; 0; 0)"
		/>
	</GameData>
</TruckAddon>
