<_templates Include="models" />
<TruckAddon _noinherit="true">
	<PhysicsModel Mesh="trucks/cargo/cargo_service_spare_parts_1">
		<NetSync Legacy="false" />
		<Body Mass="700" _template="Gravity" >
			<Constraint ExplicitParentFrame="0" Type="Fixed" />
		</Body>
	</PhysicsModel>
	<GameData>
		<Sounds
			InstallSound="cargo_manual/cargo_manual_service_box"
			TransportedSound="load/wood_box/wood_box_rnd"
			ManualSound="cargo_manual/cargo_manual_service_box"
		/>
		<InstallSlot
			CargoLength="1"
			CargoType="CargoServiceSpareParts"
			CargoValue="1"
			Offset="(0; 0; 0)"
		/>
	</GameData>
</TruckAddon>
