<_templates Include="trucks">
	<Flare>
		<IgnitionSignalOrange
			AspectRatio="0.75"
			Color="g(255; 140; 0) x 0.3"
			ColorMultAtDay="0.6"
			Dir="(0; 1; 0)"
			DirAngle="135"
			Size="0.15"
		/>
	</Flare>
</_templates>
<TruckAddon>
	<TruckData>
		<Damage>
			<Multiplier Multiplier="1.0" Type="Engine" />
		</Damage>
	</TruckData>
	<PhysicsModel Mesh="trucks/international_fleetstar_f2070a_tuning/international_fleetstar_f2070a_cabin_protector">
		<Body ImpactType="Truck" Mass="200" ModelFrame="BoneCabinRagdoll_cdt" _template="Gravity">
			<Constraint Type="Rigid" />
		</Body>
	</PhysicsModel>
	<ModelAttachments>
		<Ignition>
			<Flare _template="IgnitionSignalOrange" Dir="(0; 0; -1)" Pos="(1.62; 1.382; -0.985)" />
			<Flare _template="IgnitionSignalOrange" Dir="(0; 0; 1)" Pos="(1.62; 1.382; 0.985)" />
			<Flare _template="IgnitionSignalOrange" Dir="(0; 0; -1)" Pos="(1.62; 2.445; -0.985)" />
			<Flare _template="IgnitionSignalOrange" Dir="(0; 0; 1)" Pos="(1.62; 2.445; 0.985)" />
		</Ignition>
	</ModelAttachments>
	<GameData
		CameraPreset="side_r"
		Category="miscellenious"
		Price="800"
		UnlockByExploration="false"
		UnlockByRank="13"
	>
		<UiDesc
			UiDesc="UI_TUNING_CABIN_PROTECTOR_1_DESC"
			UiIcon30x30=""
			UiIcon40x40=""
			UiName="UI_TUNING_CABIN_PROTECTOR_1_NAME"
		/>
		<InstallSocket Type="InternationalFleetstarF2070aCabinProtector" />
	</GameData>
</TruckAddon>
