<_templates Include="models" />
<ModelBrand ClipCamera="false" DynamicModel="true">
	<PhysicsModel>
		<Body _template="Gravity"
			Collisions="Dynamic"
			Friction="0.7"
			Mass="29600.0"
			NoSoftContacts="true"
		/>
	</PhysicsModel>
	<GameData LoadType="CargoBoiler" PackSlotsNumber="5" ManualLoadSpawnOffsetY="0.3">
		<CraneSocket Pos="(0.000; 3; 0.000)" />
		<CraneSocket Pos="(-4; 3; 0.000)" />
		<CraneSocket Pos="(4; 3; 0.000)" />
		<WinchSocket Pos="(0.000; 3; 0.000)" />
		<WinchSocket Pos="(-4; 3; 0.000)" />
		<WinchSocket Pos="(4; 3; 0.000)" />

		<WinchSocket Pos="(0.2; 2; -1)" />
		<WinchSocket Pos="(-0.2.; 2; 1)" />
		<WinchSocket Pos="(-4; 0; 0.000)" />
		<WinchSocket Pos="(4; 0; 0.000)" />
    </GameData>
	<Landmark Mesh="landmarks/cargo_unit_boiler_5_lmk" MinScale="1.8" MaxScale="1.9"/>
</ModelBrand>
