<_templates Include="trucks" />
<TruckAddon>
	<TruckData>
		<Damage>
			<Multiplier Multiplier="1.0" Type="Engine" />
		</Damage>
	</TruckData>
	<PhysicsModel Mesh="trucks/khan_317_sentinel_tuning/khan_317_sentinel_bumper_rear_default">
		<Body ImpactType="Truck" Mass="50" ModelFrame="BoneChassis_cdt" _template="Gravity">
			<Constraint Type="Rigid" />
		</Body>
	</PhysicsModel>
	<GameData
		CameraPreset="rear"
		Category="rear"
		Price="700"
		UnlockByExploration="false"
		UnlockByRank="1"
	>
		<UiDesc
			UiDesc="UI_TUNING_REAR_BUMPER_STOCK_DESC"
			UiIcon30x30=""
			UiIcon40x40=""
			UiName="UI_TUNING_REAR_BUMPER_STOCK_NAME"
		/>
		<InstallSocket Type="khan317sentinelRearBumper" />
		<WinchSocket Pos="(-1.391; 0.8; 0)" />
		<CraneSocket Pos="(-1.391; 0.8; 0)" />
	</GameData>
</TruckAddon>
