<_templates Include="trucks">
	<TruckTire>
		<Mudtires _template="Superheavy" RearMassScale="2">
			<WheelTracks _template="Default" />
			<WheelTracks _template="DefaultDouble" Rear="true" />
			<WheelSoftness _template="Average" />
			<WheelFriction _template="Mudtires" />
		</Mudtires>
	</TruckTire>
</_templates>
<TruckWheels
	DamageCapacity="50"
	Radius="1"
	Width="0.549"
	WidthRear="1.2"
>
	<TruckTires>
		<TruckTire _template="Mudtires" Mesh="wheels/tire_double_cat_770g" Name="mudtires_1">
			<WheelFriction _template="Offroad" BodyFriction="2" SubstanceFriction="1.9" />
			<GameData
				Price="7900"
				UnlockByExploration="false"
				UnlockByRank="1"
			>
				<UiDesc UiDesc="UI_TIRE_MUDTIRES_SUPERHEAVY_CAT770G_DOUBLE_1_DESC" UiName="UI_TIRE_MUDTIRES_SUPERHEAVY_CAT770G_DOUBLE_1_NAME" />
			</GameData>
		</TruckTire>
		<TruckTire _template="Mudtires" Mesh="wheels/tire_heavy_offroad_double_2" Name="mudtires_2">
			<WheelFriction _template="Offroad" SubstanceFriction="1.6"/>
			<GameData
				Price="8300"
				UnlockByExploration="false"
				UnlockByRank="11"
			>
				<UiDesc UiDesc="UI_TIRE_HEAVY_OFFROAD_2_DESC" UiName="UI_TIRE_HEAVY_OFFROAD_DOUBLE_2_NAME" />
			</GameData>
		</TruckTire>
		<TruckTire _template="Mudtires" Mesh="wheels/tire_heavy_chains_double_1" Name="chains_1">
			<WheelFriction _template="Chains" />
			<GameData
				Price="9385"
				UnlockByExploration="false"
				UnlockByRank="1"
			>
				<UiDesc UiDesc="UI_TIRE_CHAINS_DESC" UiName="UI_TIRE_HEAVY_CHAINS_DOUBLE_1_NAME" />
			</GameData>
		</TruckTire>
	</TruckTires>
	<TruckRims>
		<TruckRim Mesh="wheels/rim_double_cat_770g" Name="rim_1">
			<GameData>
				<UiDesc UiDesc="UI_RIM_MUDTIRES_DESC" UiName="UI_RIM_MUDTIRES_SUPERHEAVY_CAT770G_DOUBLE_1_NAME" />
			</GameData>
		</TruckRim>
	</TruckRims>
</TruckWheels>
