<_templates Include="trucks">
	<TruckTire>
		<Mudtires _template="Heavy">
			<WheelTracks _template="Offroad" />
			<WheelSoftness _template="Average" />
			<WheelFriction _template="HeavyMudtires" />
		</Mudtires>
	</TruckTire>
</_templates>
<TruckWheels DamageCapacity="40" Radius="1" Width="0.762">
	<TruckTires>
		<TruckTire _template="Mudtires" Mesh="wheels/tire_cat_th357_1" Name="mudtires_1">
			<WheelFriction _template="Mudtires" BodyFriction="2.7" SubstanceFriction="3.1" />
			<GameData
				Price="8300"
				UnlockByExploration="false"
				UnlockByRank="1"
			>
				<UiDesc UiDesc="UI_TIRE_CAT_TH357_1_DESC" UiName="UI_TIRE_CAT_TH357_1_NAME" />
			</GameData>
		</TruckTire>
		<TruckTire DamageCapacity="42" _template="Mudtires" Mesh="wheels/tire_heavy_offroad_single_2" Name="offroad_1">
			<WheelFriction _template="Allterrain" />
			<WheelSoftness _template="Stiff" />
			<GameData
				Price="5900"
				UnlockByExploration="false"
				UnlockByRank="11"
			>
				<UiDesc UiDesc="UI_TIRE_HEAVY_OFFROAD_SINGLE_1_DESC" UiName="UI_TIRE_HEAVY_OFFROAD_SINGLE_1_NAME" />
			</GameData>
		</TruckTire>
		<TruckTire DamageCapacity="45" _template="Mudtires" Mesh="wheels/tire_scout_offroad_4" Name="mudtires_3">
			<WheelFriction _template="ScoutMudtires" SubstanceFriction="3.1" />
			<GameData
				Price="14245"
				UnlockByExploration="false"
				UnlockByRank="17"
			>
				<UiDesc UiDesc="UI_TIRE_SCOUT_OFFROAD_DESC" UiName="UI_TIRE_SCOUT_OFFROAD_1_NAME" />
			</GameData>
		</TruckTire>
	</TruckTires>
	<TruckRims>
		<TruckRim Mesh="wheels/rim_cat_th357_1" Name="rim_1">
			<GameData>
				<UiDesc UiDesc="UI_RIM_SUPERHEAVY_MUDTIRES_1_DESC" UiName="UI_RIM_SCAT_TH357_1_NAME" />
			</GameData>
		</TruckRim>
		<TruckRim Mesh="wheels/rim_heavy_offroad_single_1" Name="rim_2">
			<GameData>
				<UiDesc UiDesc="UI_RIM_HEAVY_OFFROAD_SINGLE_1_DESC" UiName="UI_RIM_HEAVY_OFFROAD_SINGLE_1_NAME" />
			</GameData>
		</TruckRim>
		<TruckRim Mesh="wheels/rim_heavy_offroad_single_2" Name="rim_3">
			<GameData>
				<UiDesc UiDesc="UI_RIM_HEAVY_OFFROAD_SINGLE_2_DESC" UiName="UI_RIM_HEAVY_OFFROAD_SINGLE_2_NAME" />
			</GameData>
		</TruckRim>
		<TruckRim Mesh="wheels/rim_tatra_phoenix" Name="rim_4">
			<GameData>
				<UiDesc UiDesc="UI_RIM_SUPERHEAVY_MUDTIRES_1_DESC" UiName="UI_RIM_SUPERHEAVY_MUDTIRES_1_NAME" />
			</GameData>
		</TruckRim>
	</TruckRims>
</TruckWheels>
