<_templates Include="trucks">
	<Wheel>
		<RearWheel
			ConnectedToHandbrake="true"
			Location="rear"
			Torque="default"
		/>
		<FrontWheel
			Location="front"
			SteeringAngle="30"
			SteeringCastor="3"
			Torque="default"
			ParentFrame="BoneCabin_cdt"
			SteeringJointOffset="0.24"
		/>
	</Wheel>
	<Socket>
		<Cabin2Chassis Offset="(0; 0; 0)" ParentFrame="BoneCabin_cdt">
			<ExtraParent Frame="BoneChassis_cdt" />
		</Cabin2Chassis>
	</Socket>
	<Body>
		<Mirror Collisions="Default" Mass="5">
			<Constraint
				AxisLocal="(0; 1; 0)"
				Type="Hinge"
				MinLimit="-45"
				MaxLimit="45"
			>
				<Motor Damping="1" Spring="40" Type="Spring" />
			</Constraint>
		</Mirror>
	</Body>
</_templates>
<Truck>
	<TruckData
		BackSteerSpeed="0.025"
		DiffLockType="Installed"
		EngineIconMesh="env/engine_default"
		EngineIconScale="1.35"
		EngineStartDelay="0.8"
		ExhaustStartTime="0.9"
		FuelCapacity="613"
		Responsiveness="1"
		SteerSpeed="0.03"
		TruckImage="ankmk38civilmchr"
		TruckType="OFFROAD"
	>
		<WinchUpgradeSocket Default="w_medium_trucks_default" IsUpgradable="true" Type="winches_medium_trucks" />
		<Wheels
			DefaultRim="rim_ank"
			DefaultTire="offroad_ank_nk38_1"
			DefaultWheelType="wheels_medium_ank_mk38"
		>
			<Wheel _template="FrontWheel" Pos="(2.502; 0.597; 0.957)" />
			<Wheel _template="FrontWheel" RightSide="true" Pos="(2.502; 0.597; 0.957)" />
			<Wheel _template="RearWheel" Pos="(-2.03; 0.597; 0.957)" />
			<Wheel _template="RearWheel" RightSide="true" Pos="(-2.03; 0.597; 0.957)" />
			<Wheel _template="RearWheel" Pos="(-3.418; 0.597; 0.957)" />
			<Wheel _template="RearWheel" RightSide="true" Pos="(-3.418; 0.597; 0.957)" />
		</Wheels>
		<SuspensionSocket
			Default="ank_mk38_ht_suspension_default"
			Type="s_ank_mk38_ht"
			MaxWheelRadiusWithoutSuspension="0.52"
		/>
		<SteeringWheel Frame="BoneSteering" />
		<SteeringRack
			Frame="BoneRack"
			FrameSteerLeft="BoneRackLeft"
			FrameSteerRight="BoneRackRight"
			RackHalfSizeZ="0.68"
		/>
		<Steam Origin="(0.708; 1.235; 0)" />
		<Steam Origin="(2.464; 1.307; 0)" Scale="0.5" ParentFrame="BoneCabin_cdt" />
		<SoundsWheels _template="Default" />
		<SoundsDamage _template="Heavy" />
		<Sounds
			_template="Default"
			AirHissInterval="12.0"
			DisableReversePitch="false"
			Origin="(2.5; 1.64; 0)"
			MinDist="15.0"
			ParentFrame="BoneCabin_cdt"
		>
			<GearFail		Sound="trucks/common/truck_gear_wrong/truck_gear_wrong_big_old" />
			<Honk			Sound="trucks/ank_mk38/ank_mk38_honk" />
			<Handbrake		Sound="trucks/ank_mk38/ank_mk38_handbrake_on" />
			<HandbrakeOff	Sound="trucks/ank_mk38/ank_mk38_handbrake_off" />
			<BrakePull		Sound="trucks/ank_mk38/ank_mk38_brake_pull" />
			<BrakeRelease	Sound="trucks/ank_mk38/ank_mk38_brake_release" />
			<BrakesSqueal	Sound="trucks/ank_mk38/ank_mk38_brakes_squeal" />
			<Reverse		Sound="trucks/ank_mk38/ank_mk38_reverse" />
			<EngineAccel	Sound="trucks/ank_mk38/ank_mk38_acc" />
			<EngineRev		Sound="trucks/ank_mk38/ank_mk38_rev" />
			<EngineStart	Sound="trucks/ank_mk38/ank_mk38_start" />
			<EngineStop		Sound="trucks/ank_mk38/ank_mk38_stop" />
			<EngineIdle		Sound="trucks/ank_mk38/ank_mk38_idle" />
			<EngineIdle_2d	Sound="trucks/ank_mk38/ank_mk38_idle_2d"	IsSound2D="true" />
			<EngineLow		Sound="trucks/ank_mk38/ank_mk38_low" />
			<EngineLow_2d	Sound="trucks/ank_mk38/ank_mk38_low_2d"	IsSound2D="true" />
			<EngineHigh		Sound="trucks/ank_mk38/ank_mk38_high" />
			<EngineHigh_2d	Sound="trucks/ank_mk38/ank_mk38_high_2d"	IsSound2D="true" />
			<EngineHeavy	Sound="" />
			<EngineHeavy_2d	Sound=""	IsSound2D="true" />
			<EngineTurbo	Sound="" />
			<AbruptStop		Sound="trucks/common/truck_swing_big_rnd_set/truck_swing_big_rnd" />
		</Sounds>
		<Shafts>
			<Shaft SocketPointA="ShaftWheel2WheelA" SocketPointB="ShaftWheel2WheelB" />
			<Shaft SocketPointA="ShaftEngine" SocketPointB="ShaftBoxEngine" />
			<Shaft SocketPointA="ShaftBoxFrontWheel" SocketPointB="ShaftFrontWheel" />
			<Shaft SocketPointA="ShaftBoxRearWheel" SocketPointB="ShaftRearWheel" />
		</Shafts>
		<OcclusionMap HalfSizeZ="1.7" MinX="-5" MaxX="4.1" />
		<!-- <LimitedFluid Center="(0.015; 0.952; -0.851)" SizeX="1.106" SizeY="0.426" SizeZ="0.609" Type="Box" /> -->
		<!-- <LimitedFluid Center="(0.015; 0.952;  0.851)" SizeX="1.106" SizeY="0.426" SizeZ="0.609" Type="Box" /> -->
		<Intake Dir="(1; 0; 0)" Origin="(3.474; 1.593; 0)" Size="1" />
		<GearboxSocket Default="g_truck_default" Type="gearboxes_trucks" />
		<FuelTank DamageCapacity="50" />
		<EngineSocket Default="us_truck_old_engine_0" Type="e_us_truck_old, e_us_truck_old_top" />
		<Driver
			AnimationSet="Truck"
			Pos="(1.111; 1.883; 0.603)"
			SteeringWheelPos="(1.494; 2.211; 0.602)"
			ParentFrame="BoneCabin_cdt"
		/>
		<Dashboard>
			<Gauge Damping="0.99" Dir="(-0.998; 0; 0.067)" InputRange="(0;1)" InputType="rpm" Mesh="trucks/arrows/ank_mk38_arrow_01" Org="(1.731; 2.072; 0.249)" OutputAngles="(-152; 152)" />
			<Gauge Damping="0.99" Dir="(-0.998; 0; 0.067)" InputRange="(0;160)" InputType="speed" Mesh="trucks/arrows/ank_mk38_arrow_01" Org="(1.721; 2.072; 0.109)" OutputAngles="(-122; 122)" />
			<Gauge Damping="0.99" Dir="(-0.998; 0; 0.067)" InputRange="(0;1)" InputType="engineEnabled" Mesh="trucks/arrows/ank_mk38_arrow_04" Org="(1.715; 2.053; -0.002)" OutputAngles="(-29; -20)" />
			<Gauge Damping="0.99" Dir="(-0.998; 0; 0.066)" InputRange="(0;1)" InputType="engineEnabled" Mesh="trucks/arrows/ank_mk38_arrow_03" Org="(1.709; 2.073; -0.084)" OutputAngles="(-132; -50)" />
			<Gauge Damping="0.99" Dir="(-0.998; 0; 0.066)" InputRange="(0;1)" InputType="fuel" Mesh="trucks/arrows/ank_mk38_arrow_02" Org="(1.73; 1.944; 0.224)" OutputAngles="(-33; 33)" />
			<Gauge Damping="0.99" Dir="(-0.998; 0; 0.067)" InputRange="(0;1)" InputType="engineEnabled" Mesh="trucks/arrows/ank_mk38_arrow_02" Org="(1.724; 1.944; 0.135)" OutputAngles="(-32; 5)" />
			<Gauge Damping="0.99" Dir="(-0.998; 0; 0.067)" InputRange="(0;1)" InputType="engineEnabled" Mesh="trucks/arrows/ank_mk38_arrow_02" Org="(1.714; 1.944; -0.002)" OutputAngles="(-28; -20)" />
			<Gauge Damping="0.99" Dir="(-0.998; 0; 0.067)" InputRange="(0;1)" InputType="engineEnabled" Mesh="trucks/arrows/ank_mk38_arrow_03" Org="(1.709; 1.963; -0.084)" OutputAngles="(-132; -35)" />
			<Gauge Damping="0.99" Dir="(-0.998; 0; 0.067)" InputRange="(0;1)" InputType="engineEnabled" Mesh="trucks/arrows/ank_mk38_arrow_04" Org="(1.703; 1.943; -0.167)" OutputAngles="(-29; -3)" />
		</Dashboard>
		<Damage>
			<DamageArea Type="Engine" Min="(1.455; 1; -0.5)" Max="(3.568; 2.1; 0.5)" ParentFrame="BoneCabin_cdt" />
			<DamageArea Type="FuelTank" Min="(-0.55; 0.7; -1.26)" Max="(0.58; 1.2; 1.26)" ParentFrame="BoneChassis_cdt" />
		</Damage>
		<CompatibleWheels RearOffsetZ="-0.04" Scale="0.55" Type="wheels_heavy_double1" />
		<CompatibleWheels OffsetZ=".03" Scale="0.6" Type="wheels_tatra_force_815_7" />
		<CompatibleWheels RearOffsetZ="-0.04" Scale="0.6" Type="wheels_heavy_double1" />
		<CompatibleWheels OffsetZ=".06" Scale="0.625" Type="wheels_medium_ank_mk38" />
		<CompatibleWheels OffsetZ="0.03" Scale="0.63" Type="ford_clt9000_rear" />
		<CompatibleWheels OffsetZ=".1" Scale="0.635" Type="wheels_cat_th357_single" />
		<!--Real Goodyear AT-2A radii: 0.625, 0.662-->
		<!--0.65-->
		<CompatibleWheels OffsetZ=".05" RearOffsetZ=".08" Scale="0.65" Type="wheels_heavy_mudtires_tayga" />
		<CompatibleWheels OffsetZ=".05" Scale="0.65" Type="wheels_heavy_single" />
		<CompatibleWheels OffsetZ=".05" Scale="0.65" Type="semitrailer_gooseneck_3" /> 
		<!--0.662-->
		<CompatibleWheels OffsetZ="0.06" Scale="0.662" Type="wheels_medium_ank_mk38" />
		<CompatibleWheels OffsetZ=".1" Scale="0.67" Type="wheels_cat_th357_single" />		
		<CompatibleWheels OffsetZ=".1" Scale="0.671" Type="wheels_tatra_force_815_7" />
		<CompatibleWheels OffsetZ=".1" Scale="0.69" Type="wheels_mack_defense_m917" />
		<CompatibleWheels Scale="1.2" OffsetZ=" 0.1" Type="wheels_trailer_log"/>
		<!--JAT DLC-->
		<CompatibleWheels OffsetZ="0.1" RearOffsetZ="-0.04" Scale="0.6" Type="wheels_heavy_offroad_double" />
		<CompatibleWheels OffsetZ="0.1" RearOffsetZ="-0.04" Scale="0.6" Type="wheels_heavy_highway_double" />
		<CompatibleWheels OffsetZ="0.1" RearOffsetZ="-0.04" Scale="0.6" Type="wheels_heavy_allterrain_double" />
		<CompatibleWheels OffsetZ="0.1" RearOffsetZ="-0.04" Scale="0.6" Type="wheels_heavy_mudtires_double" />

		<!--PREMIUM-->
		<CompatibleWheels Scale="0.57" Type="wheels_amg_m923a1_double1/3526085" OffsetZ="0.02" RearOffsetZ="-0.02" />
		<CompatibleWheels Scale="0.63" Type="wheels_amg_m923a1_single1/3526085" OffsetZ="0.02" RearOffsetZ=" 0.02" />
		<Camera Center="(-0.5; 0; 0)" ParentFrame="BoneCabin_cdt">
			<Cockpit
				_template="Default"
				WindshieldDiffuseTexture="trucks/ank_mk38_glass__d_a.tga"
				WindshieldShadingTexture="trucks/ank_mk38_glass__sh_d.tga"
				ViewPos="(0.993; 2.60; 0.596)"
				ViewDir="(1; -0.16; 0)"
				ZoomViewDirOffset="(0; 0.05; 0)"
				ZoomViewPosOffset="(0.30; 0.0; 0)"
			>
				<Mirror ClipDir="(-0.921; 0; -0.391)" ClipOffset="0.15" FOVScale="2" MeshFrame="mirror_left" ReflectionDir="(-0.921; 0; -0.391)" Size="(0.22; 0.57)" Pos="(1.593; 2.475; 1.434)" />
				<Mirror ClipDir="(-0.888; 0.269; -0.372)" ClipOffset="0.1" CurveAngle="10" FOVScale="2" MeshFrame="mirror_left_convex" ReflectionDir="(-0.888; 0.269; -0.372)" Size="(0.212; 0.212)" Pos="(1.518; 2.106; 1.402)" />
				<Mirror
					ClipDir="(-0.819; 0; 0.574)"
					ClipOffset="0.1"
					FOVScale="2"
					MeshFrame="mirror_right"
					ReflectionDir="(-0.819; 0; 0.574)"
					Size="(0.22; 0.57)"
					Pos="(1.593; 2.475; -1.434)"
				>
					<SecondaryView
						ClipDir="(-0.819; 0; 0.574)"
						ClipOffset="0.1"
						CurveAngle="10"
						FOVScale="2"
						MeshFrame="mirror_right_convex"
						Size="(0.212; 0.212)"
						Pos="(1.534; 2.091; -1.394)"
					/>
				</Mirror>
			</Cockpit>
		</Camera>
		<Axles>
			<Axle Frame="BoneAxle1" />
			<Axle Frame="BoneAxle2" />
			<Axle Frame="BoneAxle3" />
		</Axles>
	</TruckData>
	<PhysicsModel Mesh="trucks/ank_mk38_ht">
		<NetSync Legacy="false" />
		<Body _template="Gravity"
			CenterOfMassOffset="(-0.3; 0; 0)"
			ImpactType="Truck"
			Mass="5735"
			ModelFrame="BoneChassis_cdt"
			NetSync="pv"
		>
			<Body _template="Gravity"
				CenterOfMassOffset="(0.45; -0; 0)"
				ImpactType="Truck"
				Mass="3755"
				ModelFrame="BoneCabin_cdt"
				NetSync="pv"
			>
				<Constraint
					AxisLocal="(1; 0; 0)"
					PivotOffset="(0; 0; 0)"
					Type="Hinge"
					MinLimit="-8"
					MaxLimit="8"
				>
					<Motor Damping="20000" Spring="250000" Type="Spring" />
				</Constraint>
				<Body _template="Mirror" ModelFrame="BoneMirrorLeft_cdt" _template="Gravity"/>
				<Body _template="Mirror" Mass="4.8" ModelFrame="BoneMirrorRight_cdt" _template="Gravity"/>
				<Body _template="TieRod" ModelFrame="BoneTieRod_cdt" _template="Gravity">
					<Constraint
						AxisLocal="(0; 0; 1)"
						Name="TieRodSteer"
						MinLimit="-25"
						MaxLimit="25"
					/>
				</Body>
				<Body Collisions="None" Mass="0.2" ModelFrame="BoneKey1_cdt" _template="Gravity">
					<Constraint
						AxisLocal="(1; 0; 0)"
						PivotOffset="(0; 0; 0)"
						Type="Hinge"
						MinLimit="-30"
						MaxLimit="30"
					>
						<Motor Damping="0.001" Spring="0.001" Type="Spring" />
					</Constraint>
				</Body>
				<Body Collisions="None" Mass="0.5" ModelFrame="BoneBelt1_cdt" _template="Gravity">
					<Constraint
						AxisLocal="(1; 0; 0)"
						PivotOffset="(0; 0; 0)"
						Type="Prismatic"
						MinLimit="-0.03"
						MaxLimit="0.1"
					>
						<Motor Damping="40" Spring="1" Type="Spring" />
					</Constraint>
				</Body>
				<Body Collisions="None" Mass="0.5" ModelFrame="BoneBelt2_cdt" _template="Gravity">
					<Constraint
						AxisLocal="(0; 1; 0)"
						PivotOffset="(0; 0; 0)"
						Type="Hinge"
						MinLimit="-55"
						MaxLimit="20"
					>
						<Motor Damping="1" Spring=".001" Type="Spring" />
					</Constraint>
				</Body>
			</Body>
		</Body>
	</PhysicsModel>
	<ModelAttachments>
		<StopSignals>
			<Light _template="StopSignal" Pos="(-5.055; 0.921; -0.252)" />
			<Light _template="StopSignal" Pos="(-5.055; 0.921; 0.252)" />
			<Flare _template="StopSignal" Pos="(-5.055; 0.921; -0.252)" />
			<Flare _template="StopSignal" Pos="(-5.055; 0.921; 0.252)" />
		</StopSignals>
		<Ignition>
			<Light _template="IgnitionSignalWhite" Pos="(4.48; 1.783; -0.681)" ParentFrame="BoneCabin_cdt" />
			<Light _template="IgnitionSignalWhite" Pos="(4.48; 1.783; 0.681)" ParentFrame="BoneCabin_cdt" />
			<Light _template="IgnitionSignalRed" Color="(102; 0; 0)" Pos="(-4.599; 0.804; 0)" />
			<Flare _template="IgnitionSignalWhite" DirAngle="120" Size=".4" Pos="(3.48; 1.783; -0.681)" ParentFrame="BoneCabin_cdt" />
			<Flare _template="IgnitionSignalWhite" DirAngle="120" Size=".4" Pos="(3.48; 1.783; 0.681)" ParentFrame="BoneCabin_cdt" />
			<Flare _template="IgnitionSignalWhite" DirAngle="20" Size="0.1" Pos="(3.48; 1.783; -0.681)" ParentFrame="BoneCabin_cdt" />
			<Flare _template="IgnitionSignalWhite" DirAngle="20" Size="0.1" Pos="(3.48; 1.783; 0.681)" ParentFrame="BoneCabin_cdt" />
			<Flare _template="IgnitionSignalRed" Size="0.15" Pos="(-5.055; 0.921; -0.252)" />
			<Flare _template="IgnitionSignalRed" Size="0.15" Pos="(-5.055; 0.921; 0.252)" />
		</Ignition>
		<HeadLight>
			<Model _template="HeadLightRay" Org="(3.48; 1.783; -0.681)" ParentFrame="BoneCabin_cdt" />
			<Model _template="HeadLightRay" Org="(3.48; 1.783; 0.681)" ParentFrame="BoneCabin_cdt" />
			<Flare _template="HeadLight" Color="g(255; 235; 200) x 0.1" Size=".3" Pos="(3.48; 1.783; -0.681)" ParentFrame="BoneCabin_cdt" />
			<Flare _template="HeadLight" Color="g(255; 235; 200) x 0.1" Size=".3" Pos="(3.48; 1.783; 0.681)" ParentFrame="BoneCabin_cdt" />
			<Flare _template="BlueStreak" Pos="(3.48; 1.783; -0.681)" ParentFrame="BoneCabin_cdt" />
			<Flare _template="BlueStreak" Pos="(3.48; 1.783; 0.681)" ParentFrame="BoneCabin_cdt" />
		</HeadLight>
	</ModelAttachments>
	<Landmark Mesh="landmarks/ank_mk38_lmk" MinScale="1.8" MaxScale="3.8" />
	<HeadLight _template="Default" Pos="(5; 1.287; 0)" ParentFrame="BoneCabin_cdt" />
	<GameData
		Country="US"
		Price="51100"
		UnlockByExploration="false"
		UnlockByRank="1"
	>
		<WinchSocket Pos="(3.687; 1.24; 0)" ParentFrame="BoneCabin_cdt" />
		<WinchSocket Pos="(3.687; 1.24; -0.369)" ParentFrame="BoneCabin_cdt" />
		<WinchSocket Pos="(3.687; 1.24; 0.369)" ParentFrame="BoneCabin_cdt" />
		<WinchSocket Pos="(-5.159; 0.92; 0)" />
		<WinchSocket Pos="(0.211; 1.264; -1.357)" />
		<WinchSocket Pos="(0.211; 1.264; 1.357)" />
		<UiDesc
			UiDesc="UI_VEHICLE_ANK_MK38_CIVILIAN_DESC"
			UiIcon30x30="offroadVehicleImg30"
			UiIcon328x458="shopImgAnkMk38Civil"
			UiIcon40x40="offroadVehicleImg"
			UiIconLogo="ANKLogo80"
			UiName="UI_VEHICLE_ANK_MK38_CIVILIAN_NAME"
		/>
		<CustomizationCameras>
			<CameraPos FOV="32.0" Interior="true" Name="roof_sticker" InterestPosition="(4.762; 2.313; -0.836)" Position="(7.594; 5.647; -0.316)" />
			<CameraPos FOV="32.0" Interior="true" Name="sticker_1" InterestPosition="(7.339; 0.501; 1.623)" Position="(5.06; 2.61; -0.399)" />
			<CameraPos FOV="32.0" Name="addon_1" InterestPosition="(-0.508; 2.026; -0)" MaxXRotation="360" MaxYRotation="360" MaxZoom="2" Position="(-9.259; 3.714; 6.213)" />
			<CameraPos FOV="32.0" Name="addon_2" InterestPosition="(3.496; 0.486; 0)" MaxXRotation="360" MaxYRotation="360" MaxZoom="2" Position="(-0.029; 4.180; 4.334)" />
			<CameraPos FOV="32.0" Interior="true" Name="mirror_mount" InterestPosition="(7.736; 2.482; 1.569)" Position="(4.313; 2.692; -0.74)" />
			<CameraPos FOV="32.0" Name="side_r" InterestPosition="(4.951; 1.688; -0)" MaxXRotation="360" MaxYRotation="360" MaxZoom="2" Position="(5.699; 4.407; 7.15)" />
			<CameraPos FOV="32.0" Interior="true" Name="sticker" InterestPosition="(7.736; 3.705; 1.492)" Position="(4.566; 2.549; -0.481)" />
			<CameraPos FOV="32.0" Interior="true" Name="glass_sticker" InterestPosition="(5.545; 2.453; -0.766)" Position="(9.09; 3.435; 0.833)" />
			<CameraPos FOV="32.0" Interior="true" Name="door_r_sticker" InterestPosition="(6.401; 1.448; 0.399)" Position="(3.678; 2.332; 3.282)" />
			<CameraPos FOV="32.0" Name="roof" InterestPosition="(4.325; 2.619; -0)" MaxXRotation="360" MaxYRotation="360" MaxZoom="2" Position="(9.203; 4.612; -2.065)" />
			<CameraPos FOV="32.0" Interior="true" Name="capote_sticker" InterestPosition="(6.142; 1.148; -0.636)" Position="(9.545; 5.151; -0.658)" />
			<CameraPos FOV="32.0" Name="hoods" InterestPosition="(5.275; 1.623; 0)" MaxXRotation="360" MaxYRotation="360" MaxZoom="2" Position="(12.823; 1.44; -4.73)" />
			<CameraPos FOV="32.0" Interior="true" Name="sticker_2" InterestPosition="(6.662; 0.61; 1.935)" Position="(5.221; 1.595; 0.03)" />
			<CameraPos FOV="32.0" Name="side_l" InterestPosition="(3.808; 1.773; 0)" MaxXRotation="360" MaxYRotation="360" MaxZoom="2" Position="(8.611; 4.236; -4.112)" />
			<CameraPos FOV="32.0" Interior="true" Name="bubble_head" InterestPosition="(7.736; 2.482; 1.569)" Position="(4.313; 2.692; -0.74)" />
			<CameraPos FOV="32.0" Name="wheels" InterestPosition="(0; 0.669; -1.5)" MaxXRotation="360" MaxYRotation="360" MaxZoom="2" Position="(13; 2; 4)" />
			<CameraPos FOV="32.0" Name="default" InterestPosition="(5.275; 1.623; 0)" MaxXRotation="360" MaxYRotation="360" MaxZoom="2" Position="(12.823; 1.44; -4.73)" />
			<CameraPos FOV="32.0" Name="rear" InterestPosition="(0.016; 0.823; 0)" MaxXRotation="360" MaxYRotation="360" MaxZoom="2" Position="(-4.567; 1.393; 2.884)" />
			<CameraPos FOV="32.0" Interior="true" Name="door_l_sticker" InterestPosition="(5.152; 1.373; 0.751)" Position="(3.749; 2.326; -3.379)" />
			<CameraPos FOV="32.0" Interior="true" Name="hood_ornament" InterestPosition="(7.506; 2.247; -1.386)" Position="(8.557; 2.563; -1.386)" />
		</CustomizationCameras>
		<CraneSocket Pos="(3.687; 1.24; 0)" ParentFrame="BoneCabin_cdt" />
		<CraneSocket Pos="(3.687; 1.24; -0.369)" ParentFrame="BoneCabin_cdt" />
		<CraneSocket Pos="(3.687; 1.24; 0.369)" ParentFrame="BoneCabin_cdt" />
		<CraneSocket Pos="(0.65; 3.0; 0)" />
		<CraneSocket Pos="(-4.113; 0.92; 0)" />
		<CraneSocket Pos="(-0.721; 1.09; -0.429)" />
		<CraneSocket Pos="(-0.721; 1.09; 0.429)" />
		<AddonSockets>
			<Socket Names="DerrySpecial15c177SpareWheel" Dir="(-1;0;0)" Offset="(-0.45; -0.18; -0.6)" _template="Cabin2Chassis" NamesBlock="FrameAddonTowPlatform, FrameAddonLogMediumHigh, MinicraneNavistar"/>
		</AddonSockets>
		<AddonSockets DefaultAddon="international_paystar_5070_diff_lock_default">
			<Socket Names="international_paystar_5070DiffLock" Offset="(0; 0; 0)" ParentFrame="BoneChassis_cdt" />
		</AddonSockets>
		<AddonSockets>
			<Socket Names="Trailer" Offset="(-5.209; 0.919; 0)" />
			<Socket CablesName="env/trailer_cable" TruckCablesPos="(-1.24; 1.239; -0.03)" Names="Semitrailer, SemitrailerOiltank" Offset="(-3.13; 1.56; 0)" />
			<Socket CablesName="env/trailer_cable" TruckCablesPos="(-1.24; 1.239; -0.03)" Names="LargeSemitrailer, LargeSemitrailerOiltank" Offset="(-2.65; 1.73; 0)" />
		</AddonSockets>
		<AddonSockets>
			<Socket Names="M923A1_FrameAddon" >
				<ExtraParent Frame="BoneChassis_cdt" Offset="(0; -0.1; 0)" />
				<ExtraParent Frame="BoneChassis_cdt" Offset="(0; 0.1; 0)" />
				<AddonsShift Offset="(-1; 0; 0)" Types="MinicraneNavistar" />
				<AddonsShift Offset="(-0.27; 0; 0)" Types="DerrySpecial15c177SpareWheel" />
			</Socket>
			<Socket Names="FrameAddonSeismicVibrator" 
				NamesBlock="Trailer, MinicraneNavistar" 
				Offset="(-0.35; 1.16; 0)" 
				ParentFrame="BoneChassis_cdt"
			/>
			<Socket Names="ankMk38FrameAddon" Offset="(0; 0; 0)" ParentFrame="BoneChassis_cdt">
				<ExtraParent Frame="BoneChassis_cdt" Offset="(0; -0.1; 0)" />
				<ExtraParent Frame="BoneChassis_cdt" Offset="(0; 0.1; 0)" />
				<AddonsShift Offset="(-1; 0; 0)" Types="MinicraneNavistar" />
				<AddonsShift Offset="(-0.27; 0; 0)" Types="DerrySpecial15c177SpareWheel" />
			</Socket>
			<Socket Names="BunkLog" Offset="(-6.224; 1.239; 0)" />
			<Socket Names="SaddleAnkMk38Low" Offset="(-3.1; 1.239; 0)" >
				<ExtraParent Frame="BoneChassis_cdt" Offset="(0; 0; -0.015)" />
				<ExtraParent Frame="BoneChassis_cdt" Offset="(0; 0; 0.015)" />
			</Socket>
			<Socket Names="SaddleAnkMk38High" Offset="(-2.65; 1.239; 0)" >
				<ExtraParent Frame="BoneChassis_cdt" Offset="(0; 0; -0.078)" />
				<ExtraParent Frame="BoneChassis_cdt" Offset="(0; 0; 0.078)" />
			</Socket>
			<Socket Names="FrameAddonTow" Offset="(-2.9; 1.239; 0)" ParentFrame="BoneChassis_cdt" />
			<Socket Names="FrameAddonTowPlatform" Offset="(-1.65; 1.239; 0)" ParentFrame="BoneChassis_cdt"/>
			<Socket Names="FrameAddonKung" Offset="(-2.55; 1.239; 0)" >
				<ExtraParent Frame="BoneChassis_cdt" Offset="(0; 0; -0.07)" />
				<ExtraParent Frame="BoneChassis_cdt" Offset="(0; 0; 0.07)" />
			</Socket>
			<Socket Names="FrameAddonLogMediumHigh" NamesBlock="AnkMk38Exhaust" Offset="(-1.8; 1.23;  0)">
				<ExtraParent Frame="BoneChassis_cdt" Offset="(0; 0; -0.07)" />
				<ExtraParent Frame="BoneChassis_cdt" Offset="(0; 0; 0.07)" />
			</Socket>
			<Socket Names="FrameAddonLogShortZikz" Offset="(-2.05; 1.5;  0)">
				<ExtraParent Frame="BoneChassis_cdt" Offset="(0; 0; -0.07)" />
				<ExtraParent Frame="BoneChassis_cdt" Offset="(0; 0; 0.07)" />
				<AddonsShift Offset="(-0.16; 0; 0)" Types="DerrySpecial15c177SpareWheel" />
			</Socket>
			<Socket Names="TatraSideboard" Offset="(-0.9; 0.03; 0)" ParentFrame="BoneChassis_cdt">
				<ExtraParent Frame="BoneChassis_cdt" Offset="(0; -0.1; 0)" />
				<ExtraParent Frame="BoneChassis_cdt" Offset="(0; 0.1; 0)" />
				<AddonsShift Offset="(-0.85; 0; 0)" Types="MinicraneNavistar" />
			</Socket>
		</AddonSockets>
		<AddonSockets>
			<Socket 
				Names="MinicraneNavistar" NamesBlock="AnkMk38Exhaust, FrameAddonTow, FrameAddonTowPlatform, FrameAddonKung, FrameAddonLogShortZikz, FrameAddonLogMediumHigh" 
				Offset="(-0.1; 1.239; 0)"
			>
				<ExtraParent Frame="BoneChassis_cdt" Offset="(0; 0; 0.05)" />
				<ExtraParent Frame="BoneChassis_cdt" Offset="(0; 0; -0.05)" />
			</Socket>
		</AddonSockets>
		<AddonSockets>
			<Socket Names="AnkMk38WheelAddon" Offset="(0; 0; 0)" />
			<Socket Names="M923A1_WheelAddon" Offset="(0; 0; 0)" />
		</AddonSockets>
		<AddonSockets DefaultAddon="ank_mk38_ht_bumper_default">
			<Socket Names="AnkMk38HTBumper" Offset="(0; 0; 0)" ParentFrame="BoneCabin_cdt" />
			<Socket Names="AnkMk38Bumper" Offset="(0; 0; 0)" ParentFrame="BoneCabin_cdt" />
		</AddonSockets>
		<AddonSockets DefaultAddon="ank_mk38_snorkel_default">
			<Socket _template="Cabin2Chassis" Names="AnkMk38Snorkel" />
		</AddonSockets>
		<AddonSockets 
			DefaultAddon="ank_mk38_exhaust_default"
			RequiredAddonIfNoConflicts="ank_mk38_exhaust_default"
		>
			<Socket _template="Cabin2Chassis" Names="AnkMk38Exhaust" />
		</AddonSockets>
		<AddonSockets>
			<Socket _template="Cabin2Chassis" Names="AnkMk38Spotlight, AnkMk38SpotlightBeacon" />
		</AddonSockets>
		<AddonSockets>
			<Socket _template="Cabin2Chassis" Names="AnkMk38Horn" />
		</AddonSockets>
		<AddonSockets>
			<Socket _template="Cabin2Chassis" Names="AnkMk38Visor" />
		</AddonSockets>
		<AddonSockets>
			<Socket _template="Cabin2Chassis" Names="AnkMk38Threshold" />
		</AddonSockets>
		<AddonSockets>
			<Socket _template="Cabin2Chassis" Names="AnkMk38Beacon" NamesBlock="AnkMk38SpotlightBeacon" />
			<Socket _template="Cabin2Chassis" Names="AnkMk38BeaconGabarite" />
		</AddonSockets>
		<AddonSockets>
			<Socket _template="Cabin2Chassis" InCockpit="true" Names="AnkMk38Sticker_1x1_01" />
		</AddonSockets>
		<AddonSockets>
			<Socket _template="Cabin2Chassis" InCockpit="true" Names="AnkMk38Sticker_1x1_02" />
		</AddonSockets>
		<AddonSockets>
			<Socket _template="Cabin2Chassis" InCockpit="true" Names="AnkMk38Sticker_1x1_03" />
		</AddonSockets>
		<AddonSockets>
			<Socket _template="Cabin2Chassis" InCockpit="true" Names="AnkMk38Sticker_1x2_01" />
		</AddonSockets>
		<AddonSockets>
			<Socket _template="Cabin2Chassis" InCockpit="true" Names="AnkMk38Sticker_1x2_02" />
		</AddonSockets>
		<AddonSockets>
			<Socket _template="Cabin2Chassis" InCockpit="true" Names="AnkMk38Sticker_1x2_03" />
		</AddonSockets>
		<AddonSockets>
			<Socket _template="Cabin2Chassis" InCockpit="true" Names="ankMk38Sticker_GlassTop" />
		</AddonSockets>
		<AddonSockets>
			<Socket _template="Cabin2Chassis" InCockpit="true" Names="ankMk38Sticker_GlassBottom" />
		</AddonSockets>
		<AddonSockets>
			<Socket _template="Cabin2Chassis" Names="ankMk38Sticker_Door_L" />
		</AddonSockets>
		<AddonSockets>
			<Socket _template="Cabin2Chassis" Names="ankMk38Sticker_Door_R" />
		</AddonSockets>
		<AddonSockets>
			<Socket _template="Cabin2Chassis" Names="ankMk38Sticker_Roof" />
		</AddonSockets>
		<AddonSockets>
			<Socket _template="Cabin2Chassis" Names="ankMk38Sticker_Capote" />
		</AddonSockets>
		<AddonSockets>
			<Socket
				_template="Cabin2Chassis"
				InCockpit="true"
				Names="StuffAirfreshener"
				Offset="(1.687; 2.809; 0.37)"
			/>
		</AddonSockets>
		<AddonSockets>
			<Socket _template="Cabin2Chassis" Names="StuffHoodAnkMk38" />
		</AddonSockets>
		<AddonSockets>
			<Socket Names="AddonHornsSmall" NamesBlock="StuffHoodAnkMk38" Offset="(3.432; 2.085; 0)" ParentFrame="BoneCabin_cdt" />
		</AddonSockets>
	</GameData>
	<ControlledConstraints>
		<Constraint Id="chassis_steer" IsLinkedSteering="true" Name="TieRodSteer" />
	</ControlledConstraints>
	<AutomaticIK>
		<IKBone ModelFrame="BoneTieRodHinge2" ParentFrame="BoneTieRod_cdt">
			<IKJoint AxisLocal="(1; 0; 0)" Type="Hinge2" />
			<IKBone
				AttachOffset="(0; 0; 0)"
				AttachToFrame="BoneRackLeft"
				ModelFrame="BoneTieRodPrismatic"
			>
				<IKJoint AxisLocal="(1; 0; 0)" Type="Slider" />
			</IKBone>
		</IKBone>
		<IKBone ModelFrame="BonePistonBaseHinge2" ParentFrame="BoneCabin_cdt">
			<IKJoint AxisLocal="(1; 0; 0)" Type="Hinge2" />
			<IKBone
				AttachOffset="(0; 0; 0)"
				AttachToFrame="BoneRackRight"
				ModelFrame="BonePistonPrismatic"
			>
				<IKJoint AxisLocal="(1; 0; 0)" Type="Slider" />
			</IKBone>
		</IKBone>
	</AutomaticIK>
</Truck>
