<ModelBrand ClipCamera="false" DynamicModel="true">
	<PhysicsModel>
		<Body
			Collisions="Dynamic"
			Friction="1.8"
			Mass="2000.0"
			NoSoftContacts="true"
		/>
	</PhysicsModel>
	<GameData PackSlotsNumber="4" LoadType="CargoPipeLarge">
		
		<CraneSocket Pos="(0.000; 1.937; 0.000)" />
		<WinchSocket Pos="(3; 0.967; 0.000)" />
		<WinchSocket Pos="(-3; 0.967; 0.000)" />
    </GameData>
	<Landmark Mesh="landmarks/cargo_unit_pipe_large_4_lmk" MinScale="1.8" MaxScale="3.8"/>
</ModelBrand>
