<ModelBrand ClipCamera="false" DynamicModel="true">
	<PhysicsModel>
		<Body
			Collisions="Dynamic"
			Friction="1.8"
			Mass="3000.0"
			NoSoftContacts="true"
		/>
	</PhysicsModel>
	<GameData LoadType="CargoConcreteSlab" PackSlotsNumber="2">
		<CraneSocket Pos="(0.9; 0.995; -0.005)" />
		<CraneSocket Pos="(0.04; 0.995; -0.005)" />
		<CraneSocket Pos="(-0.9; 0.995; -0.005)" />
		<WinchSocket Pos="(0.9; 0.1; -0.005)" />
		<WinchSocket Pos="(-0.9; 0.1; -0.005)" />
	</GameData>
</ModelBrand>
