<GearboxVariants>
	<Gearbox
		AWDConsumptionModifier="1.0"
		CriticalDamageThreshold="0.7"
		DamageCapacity="220"
		DamagedConsumptionModifier="1.5"
		FuelConsumption="1.9"
		IdleFuelModifier="0.2"
		Name="g_special_kolob"
		MinBreakFreq="0.0"
		MaxBreakFreq="15.0"
	>
		<ReverseGear AngVel="0.5" FuelModifier="0.9" />
		<HighGear AngVel="13.0" FuelModifier="2.6" />
		<Gear AngVel="1.0" FuelModifier="2.4" />
		<Gear AngVel="2.5" FuelModifier="2.3" />
		<Gear AngVel="4.5" FuelModifier="2.5" />
		<Gear AngVel="6.5" FuelModifier="2.3" />
		<Gear AngVel="8.5" FuelModifier="2.1" />
		<Gear AngVel="10.5" FuelModifier="1.9" />
		<Gear AngVel="13" FuelModifier="1.8" />
		<Gear AngVel="15" FuelModifier="1.7" />
		<Gear AngVel="17" FuelModifier="1.6" />
		<Gear AngVel="19" FuelModifier="1.5" />
		<Gear AngVel="20" FuelModifier="1.4" />
		<Gear AngVel="22" FuelModifier="1.3" />
		<Gear AngVel="24" FuelModifier="1.2" />
		<GameData
			Price="7900"
			UnlockByExploration="true"
			UnlockByRank="1"
		>
			<GearboxParams 
				IsHighGearExists="true" 
				IsLowerGearExists="true" 
				IsLowerPlusGearExists="true" 
				IsLowerMinusGearExists="true"
			/>
			<UiDesc
				UiDesc="UI_GEARBOX_SPECIAL_KOLOB_DESC"
				UiIcon30x30=""
				UiIcon40x40=""
				UiName="UI_GEARBOX_SPECIAL_KOLOB_NAME"
			/>
		</GameData>
	</Gearbox>
</GearboxVariants>
