<_templates Include="models" />
<ModelBrand ClipCamera="false" DynamicModel="true">
	<PhysicsModel>
		<Body _template="Gravity"
			CenterOfMassOffset="(0; 0; 0)"
			Collisions="Dynamic"
			Friction="1.0"
			Mass="15000"
			NoSoftContacts="true"
		/>
	</PhysicsModel>
	<GameData LoadType="CargoSequoia" PackSlotsNumber="5">
		<CraneSocket Pos="(0.000; 1.961; 0.000)" />
		<CraneSocket Pos="(-4; 1.961; 0.000)" />
		<CraneSocket Pos="(4; 1.961; 0.000)" />
		<CraneSocket Pos="(4; 1.961; 0.000)" />
		<CraneSocket Pos="(-4; 1.961; 0.000)" />
		<WinchSocket Pos="(0; 1.961; 0.000)" />
		<WinchSocket Pos="(4; 0.1; 0.000)" />
		<WinchSocket Pos="(-4; 0.1; 0.000)" />
	</GameData>
	<Landmark Mesh="landmarks/cargo_unit_sequoia_5_lmk" MinScale="1.8" MaxScale="3.8"/>
</ModelBrand>
