<_templates Include="models" />
<ModelBrand 
	ClipCamera="false" 
	DynamicModel="true"
>
	<PhysicsModel>
		<Body _template="Gravity" Friction="2" NoSoftContacts="true" Collisions="Dynamic" Mass="250" ModelFrame="BoneRoot"/>
	</PhysicsModel>
	<GameData PackSlotsNumber="1" LoadType="CargoLogsShort" ManualLoadSpawnOffsetY="5">
		<LoadPoint Pos="(1.365; 0; 0.000)" />
		<LoadPoint Pos="(-1.365; 0; 0.000)" />
		<WinchSocket Pos="(-1.95; 0.1; 0)" />
		<WinchSocket Pos="(1.95; 0.1; 0)" />
		<WinchSocket Pos="(0; 0.1; 0)" />
		<CraneSocket Pos="(-1.95; 0.1; 0)" />
		<CraneSocket Pos="(1.95; 0.1; 0)" />
		<CraneSocket Pos="(0; 0.1; 0)" />
	</GameData>
	<Landmark Mesh="landmarks/cargo_unit_log_short_lmk" MinScale="1.8" MaxScale="3.8"/>
</ModelBrand>