<_templates Include="models" />
<ModelBrand ClipCamera="false" DynamicModel="true">
	<PhysicsModel>
		<Body _template="Gravity"
			Collisions="Dynamic"
			Friction="0.7"
			Mass="5100"
			NoSoftContacts="true"
		/>
	</PhysicsModel>
	<GameData PackSlotsNumber="1" LoadType="CargoCellulose" >
		
		<CraneSocket Pos="(0.014; 1.171; 0.011)" />
		<WinchSocket Pos="(0.014; 1.171; 0.011)" />
    </GameData>
	<Landmark Mesh="landmarks/cargo_unit_crate_large_1_lmk" MinScale="1.8" MaxScale="3.8"/>
</ModelBrand>
