<_templates Include="trucks">
	<TruckTire>
		<Mudtires _template="Heavy">
			<WheelTracks _template="Offroad" />
			<WheelSoftness _template="Average" />
			<WheelFriction _template="HeavyMudtires" />
		</Mudtires>
	</TruckTire>
</_templates>
<TruckWheels DamageCapacity="50" Radius="1" Width="0.58">
	<TruckTires>
		<TruckTire _template="Mudtires" Mesh="wheels/tire_tatra_force_815_7" Name="tire">
			<WheelFriction _template="Offroad" BodyFriction="2.9" SubstanceFriction="2.0"/>
			<GameData
				Price="7500"
				UnlockByExploration="false"
				UnlockByRank="13"
			>
				<UiDesc UiDesc="UI_TIRE_MUDTIRES_815_1_DESC" UiName="UI_TIRE_MUDTIRES_815_1_NAME" />
			</GameData>
		</TruckTire>
		<TruckTire DamageCapacity="40" Width="0.65" _template="Mudtires" Mesh="wheels/tire_derry_special_15c177" Name="tire_1">
			<WheelFriction
				_template="Offroad"
				BodyFriction="2.9" 
				SubstanceFriction="2.0"
			/>
			<GameData
				Price="5500"
				UnlockByExploration="false"
				UnlockByRank="13"
			>
				<!--<UiDesc UiDesc="UI_TIRE_DERRY_SPECIAL_15C177_DESC" UiName="UI_TIRE_DERRY_SPECIAL_15C177_NAME" />-->
				<UiDesc UiDesc="UI_TIRE_MUDTIRES_815_1_DESC" UiName="UI_TIRE_MUDTIRES_815_1_NAME" />
			</GameData>
		</TruckTire>
	</TruckTires>
	<TruckRims>
		<TruckRim Mesh="wheels/rim_tatra_force_815_7" Name="rim">
			<GameData>
				<UiDesc UiDesc="UI_RIM_SUPERHEAVY_MUDTIRES_1_DESC" UiName="UI_RIM_SUPERHEAVY_MUDTIRES_1_NAME" />
			</GameData>
		</TruckRim>
		<TruckRim Mesh="wheels/rim_heavy_offroad_single_1" Name="rim_1">
			<GameData>
				<UiDesc UiDesc="UI_RIM_HEAVY_OFFROAD_SINGLE_1_DESC" UiName="UI_RIM_HEAVY_OFFROAD_SINGLE_1_NAME" />
			</GameData>
		</TruckRim>
		<TruckRim Mesh="wheels/rim_heavy_offroad_single_2" Name="rim_2">
			<GameData>
				<UiDesc UiDesc="UI_RIM_HEAVY_OFFROAD_SINGLE_2_DESC" UiName="UI_RIM_HEAVY_OFFROAD_SINGLE_2_NAME" />
			</GameData>
		</TruckRim>
		<TruckRim Mesh="wheels/rim_medium_offroad_double_front_3" Name="rim_3">
			<GameData>
				<UiDesc UiDesc="UI_RIM_MEDIUM_OFFROAD_DOUBLE_3_DESC" UiName="UI_RIM_MEDIUM_OFFROAD_DOUBLE_3_NAME" />
			</GameData>
		</TruckRim>
		<TruckRim Mesh="wheels/rim_heavy_offroad_single_p12" Name="rim_4">
			<GameData>
				<UiDesc UiDesc="UI_RIM_HEAVY_OFFROAD_SINGLE_P12_DESC" UiName="UI_RIM_HEAVY_OFFROAD_SINGLE_P12_NAME" />
			</GameData>
		</TruckRim>
		<TruckRim Mesh="wheels/rim_derry_special_15c177" Name="rim_5">
			<GameData>
				<UiDesc UiDesc="UI_RIM_DERRY_SPECIAL_15C177_DESC" UiName="UI_RIM_DERRY_SPECIAL_15C177_NAME" />
			</GameData>
		</TruckRim>
	</TruckRims>
</TruckWheels>
