<_templates Include="trucks">
	<TruckTire>
		<Mudtires _template="Heavy">
			<WheelTracks _template="Offroad" />
			<WheelSoftness _template="Average" />
			<WheelFriction _template="Offroad" />
		</Mudtires>
	</TruckTire>
</_templates>
<TruckWheels DamageCapacity="30" Radius="1" Width="0.706">
	<TruckTires>
		<TruckTire _template="Mudtires" Mesh="wheels/tire_tatra_phoenix" Name="tire">
			<WheelFriction _template="Offroad" BodyFriction="1.8" />
			<GameData
				Price="7500"
				UnlockByExploration="false"
				UnlockByRank="1"
			>
				<UiDesc UiDesc="UI_TIRE_HEAVY_PHOENIX_1_DESC" UiName="UI_TIRE_SUPERHEAVY_MUDTIRES_1_NAME" />
			</GameData>
		</TruckTire>
	</TruckTires>
	<TruckRims>
		<TruckRim Mesh="wheels/rim_tatra_phoenix" Name="rim">
			<GameData>
				<UiDesc UiDesc="UI_RIM_SUPERHEAVY_MUDTIRES_1_DESC" UiName="UI_RIM_SUPERHEAVY_MUDTIRES_1_NAME" />
			</GameData>
		</TruckRim>
		<TruckRim Mesh="wheels/rim_heavy_offroad_single_2" Name="rim_2">
			<GameData>
				<UiDesc UiDesc="UI_RIM_HEAVY_OFFROAD_SINGLE_2_DESC" UiName="UI_RIM_HEAVY_OFFROAD_SINGLE_2_NAME" />
			</GameData>
		</TruckRim>
	</TruckRims>
</TruckWheels>
