<_templates Include="trucks">
	<Body _template="Gravity">
		<Hitch AngularDamping="2.0" Collisions="None" Mass="1">
			<Constraint
				AxisLocal="(0; 0; 1)"
				Type="Hinge"
				MinLimit="0"
				MaxLimit="-90"
			/>
		</Hitch>
	</Body>
</_templates>
<_parent File="jeep_wrangler_bumper_front_default" />
<TruckAddon>
	<TruckData>
		<Damage>
			<Multiplier Multiplier="1.0" Type="Engine" />
		</Damage>
	</TruckData>
	<PhysicsModel Mesh="trucks/jeep_wrangler_tuning/jeep_wrangler_bumper_front_1">
		<Body ImpactType="Truck" Mass="10" _template="Gravity">
			<Constraint Type="Rigid" />
			<Body _template="Hitch" ModelFrame="BoneHitchFrontLeft_cdt" _template="Gravity">
				<Constraint AxisLocal="(0; 0; 1)" MinLimit="-20" MaxLimit="180" />
			</Body>
			<Body _template="Hitch" ModelFrame="BoneHitchFrontRight_cdt" _template="Gravity">
				<Constraint AxisLocal="(0; 0; 1)" MinLimit="-20" MaxLimit="180" />
				<Body _template="Hitch" ModelFrame="BoneHook_cdt" _template="Gravity">
					<Constraint AxisLocal="(0; 1; 0)" MinLimit="-45" MaxLimit="45" />
				</Body>
			</Body>
		</Body>
	</PhysicsModel>
	<ModelAttachments>
		<MainHeadLight>
			<Model _template="HeadLightRay" Org="(2.45; 0.72; -0.523)" />
			<Model _template="HeadLightRay" Org="(2.45; 0.72; 0.523)" />
			<Flare _template="HeadLight" Size="0.25" Pos="(2.45; 0.72; -0.523)" />
			<Flare _template="HeadLight" Size="0.25" Pos="(2.45; 0.72; 0.523)" />
		</MainHeadLight>
	</ModelAttachments>
	<MainHeadLight _template="Multiply1"/>
	<GameData
		CameraPreset="hoods"
		Category="bumper"
		Price="1100"
		UnlockByExploration="false"
		UnlockByRank="12"
	>
		<WinchSocket Pos="(2.4; 0.7; 0)" />
		<CraneSocket Pos="(2.4; 0.7; 0)" />
		<UiDesc
			UiDesc="UI_TUNING_BUMPER_WINCHPIPE_DESC"
			UiIcon30x30=""
			UiIcon40x40=""
			UiName="UI_TUNING_BUMPER_WINCHPIPE_NAME"
		/>
		<InstallSocket Type="JeepWranglerFrontBumper" />
	</GameData>
</TruckAddon>
