<_templates Include="trucks">
	<Body>
		<Limits Collisions="None">
			<Constraint Type="Fixed">
				<Motor Damping="250" Spring="0.25" Type="Spring" />
			</Constraint>
		</Limits>
	</Body>
</_templates>
<TruckAddon>
	<WheelRepairsHide>
		<Mesh Frame="wheel" HideThreshold="0.0" />
	</WheelRepairsHide>
	<TruckData
		FuelCapacity="40"
		RepairsCapacity="150"
		WheelRepairsCapacity="1"
	>
		<!--<LimitedFluid Center="(-0.548; 2.115; -0.354)" SizeX="0.461" SizeY="0.156" SizeZ="0.344" Type="Box" ParentFrame="BoneFuel_cdt" />
		<LimitedFluid Center="(-1.022; 2.115; -0.327)" SizeX="0.461" SizeY="0.156" SizeZ="0.344" Type="Box" ParentFrame="BoneFuel_cdt" />-->
	</TruckData>
	<RepairsHide>
		<Mesh Frame="repair" HideThreshold="0.0" />
	</RepairsHide>
	<PhysicsModel Mesh="trucks/jeep_wrangler_tuning/jeep_wrangler_roofrack_1">
		<Body ImpactType="Truck" Mass="60" _template="Gravity">
			<Constraint Type="Rigid" />
			<Body _template="Gravity"
				_template="Limits"

				Mass="30"
				ModelFrame="BoneRepair_cdt"
			>
				<Constraint
					LinearLimitsX="(-0.01;0.01)"
					LinearLimitsY="(0;0.05)"
					LinearLimitsZ="(-0.01;0)"
				/>
			</Body>
			<Body _template="Gravity"
				_template="Limits"

				Mass="10"
				ModelFrame="BoneFuel_cdt"
			>
				<Constraint
					LinearLimitsX="(-0.01;0.01)"
					LinearLimitsY="(0;0.05)"
					LinearLimitsZ="(0;0.01)"
				/>
			</Body>
			<Body _template="Gravity"
				_template="Limits"

				Mass="50"
				ModelFrame="BoneWheel_cdt"
			>
				<Constraint
					LinearLimitsX="(-0.01;0)"
					LinearLimitsY="(0;0.05)"
					LinearLimitsZ="(0;0.015)"
				/>
			</Body>
		</Body>
	</PhysicsModel>
	<ModelAttachments>
		<MainHeadLight>
			<Light _template="IgnitionSignalWhite" Color="g(245; 235; 215) x 1" Dir="(0; 0; -1)" Pos="(-1.15; 1; -0.9)" />
			<Light _template="IgnitionSignalWhite" Color="g(245; 235; 215) x 1" Dir="(-1; 0; 0)" Pos="(-1.9; 1; 0)" />
			<Light _template="IgnitionSignalWhite" Color="g(245; 235; 215) x 1" Dir="(0; 0; 1)" Pos="(-1.15; 1; 0.9)" />
			<Model _template="HeadLightRay" Color="g(245; 235; 215) x 0.5" Dir="(0; -1; -1)" Org="(-1.111; 1.972; -0.843)" Scale="(0.5; 0.5; 0.4)" />
			<Model _template="HeadLightRay" Color="g(245; 235; 215) x 0.5" Dir="(-1; -1; 0)" Org="(-1.699; 1.972; 0)" Scale="(0.5; 0.5; 0.4)" />
			<Model _template="HeadLightRay" Color="g(245; 235; 215) x 0.5" Dir="(0; -1; 1)" Org="(-1.109; 1.972; 0.828)" Scale="(0.5; 0.5; 0.4)" />
			<Flare _template="HeadLight" Color="g(245; 235; 215) x 1" Dir="(0; -1; -1)" DirAngle="135" Size="0.45" Pos="(-1.111; 1.972; -0.843)" />
			<Flare _template="HeadLight" Color="g(245; 235; 215) x 1" Dir="(-1; -1; 0)" DirAngle="135" Size="0.45" Pos="(-1.699; 1.972; 0)" />
			<Flare _template="HeadLight" Color="g(245; 235; 215) x 1" Dir="(0; -1; 1)" DirAngle="135" Size="0.45" Pos="(-1.109; 1.972; 0.828)" />
	</MainHeadLight>
	<HeadLight>
			<Flare
				Dir="(0; -1; -1)"
				DirAngle="95"
				SizeAtDay="0"
				Pos="(-1.111; 1.972; -0.843)"
				Color="(245; 235; 215) x 0.2"
				SizeMultAtDay="0.001"
				Size="0.55"
			/>
			<Model 
				_template="HeadLightRay"
				Org="(-1.111; 1.972; -0.843)"
				Dir="(0; -1; -1)" />
			<Light
				Pos="(-1.111; 1.972; -0.843)"
				AttenEnd="15.0"
				Color="(245; 235; 215) x 0.2"
				Dir="(0; -1; -1)"
				InnerCone="0"
				OuterCone="180"
			/>
			<Flare
				Dir="(-1; -1; 0)"
				DirAngle="95"
				SizeAtDay="0"
				Pos="(-1.699; 1.972; 0)"
				Color="(245; 235; 215) x 0.2"
				SizeMultAtDay="0.001"
				Size="0.55"
			/>
			<Model 
				_template="HeadLightRay"
				Org="(-1.699; 1.972; 0)"
				Dir="(-1; -1; 0)" />
			<Light
				Pos="(-1.699; 1.972; 0)"
				AttenEnd="15.0"
				Color="(245; 235; 215) x 0.2"
				Dir="(-1; -1; 0)"
				InnerCone="0"
				OuterCone="180"
			/>
			<Flare
				Dir="(0; -1; 1)"
				DirAngle="95"
				SizeAtDay="0"
				Pos="(-1.109; 1.972; 0.828)"
				Color="(245; 235; 215) x 1"
				SizeMultAtDay="0.001"
				Size="0.55"
			/>
			<Model 
				_template="HeadLightRay"
				Org="(-1.109; 1.972; 0.828)"
				Dir="(0; -1; 1)" />
			<Light
				Pos="(-1.109; 1.972; 0.828)"
				AttenEnd="15.0"
				Color="(245; 235; 215) x 1"
				Dir="(0; -1; 1)"
				InnerCone="0"
				OuterCone="180"
			/>
	</HeadLight>
	</ModelAttachments>
	<MainHeadLight _template="Multiply1" />
	<GameData
		CameraPreset="addon_2"
		Category="frame_addons"
		IsCustomizable="true"
		Price="2300"
		UnlockByExploration="false"
		UnlockByRank="9"
	>
		<UiDesc
			UiDesc="UI_TUNING_ROOFRACK_SMALL_DESC"
			UiIcon30x30=""
			UiIcon40x40=""
			UiName="UI_TUNING_ROOFRACK_SMALL_NAME"
		/>
		<InstallSocket Type="JeepWranglerRoofrack" />
	</GameData>
	<FuelHide>
		<Mesh Frame="fuel" HideThreshold="0.0" />
	</FuelHide>
	<FuelMass>
		<Body _template="Gravity" Mass="41" ParentFrame="BoneFuel_cdt"/>
	</FuelMass>
</TruckAddon>
