<_templates Include="trucks" />
<TruckAddon>
	<TruckData>
		<Damage>
			<Multiplier Multiplier="1.0" Type="Engine" />
		</Damage>
	</TruckData>
	<PhysicsModel Mesh="trucks/jeep_wrangler_tuning/jeep_wrangler_bumper_front_default">
		<Body ImpactType="Truck" Mass="10" _template="Gravity">
			<Constraint Type="Rigid" />
		</Body>
	</PhysicsModel>
	<ModelAttachments>
		<MainHeadLight>
			<Model _template="HeadLightRay" Org="(2.38; 0.77; -0.518)" />
			<Model _template="HeadLightRay" Org="(2.38; 0.77; 0.518)" />
			<Flare _template="HeadLight" Size="0.3" Pos="(2.38; 0.77; -0.518)" />
			<Flare _template="HeadLight" Size="0.3" Pos="(2.38; 0.77; 0.518)" />
		</MainHeadLight>
	</ModelAttachments>
	<MainHeadLight _template="Multiply1"/>
	<GameData
		CameraPreset="hoods"
		Category="bumper"
		Price="800"
		UnlockByExploration="false"
		UnlockByRank="1"
	>
		<WinchSocket Pos="(2.43; 0.56; 0)" />
		<CraneSocket Pos="(2.43; 0.56; 0)" />
		<UiDesc
			UiDesc="UI_TUNING_BUMPER_STOCK_DESC"
			UiIcon30x30=""
			UiIcon40x40=""
			UiName="UI_TUNING_BUMPER_STOCK_NAME"
		/>
		<InstallSocket Type="JeepWranglerFrontBumper" />
	</GameData>
</TruckAddon>
