<_templates Include="trucks" />
<_parent File="jeep_wrangler_bumper_front_default" />
<TruckAddon>
	<TruckData>
		<Damage>
			<Multiplier Multiplier="1.0" Type="Engine" />
		</Damage>
	</TruckData>
	<PhysicsModel Mesh="trucks/jeep_wrangler_tuning/jeep_wrangler_bumper_front_2">
		<Body ImpactType="Truck" Mass="10" _template="Gravity">
			<Constraint Type="Rigid" />
		</Body>
	</PhysicsModel>
	<ModelAttachments>
		<MainHeadLight>
			<Model _template="HeadLightRay" Org="(2.38; 0.80; -0.123)" />
			<Model _template="HeadLightRay" Org="(2.38; 0.80; 0.123)" />
			<Flare _template="HeadLight" Size="0.4" Pos="(2.38; 0.80; -0.123)" />
			<Flare _template="HeadLight" Size="0.4" Pos="(2.38; 0.80; 0.123)" />
		</MainHeadLight>
	</ModelAttachments>
	<MainHeadLight _template="Multiply1"/>
	<GameData
		CameraPreset="hoods"
		Category="bumper"
		Price="1400"
		UnlockByExploration="false"
		UnlockByRank="1"
	>
		<WinchSocket Pos="(2.41; 0.5; 0)" />
		<CraneSocket Pos="(2.41; 0.5; 0)" />
		<UiDesc
			UiDesc="UI_TUNING_BUMPER_CROSSFOG_DESC"
			UiIcon30x30=""
			UiIcon40x40=""
			UiName="UI_TUNING_BUMPER_CROSSFOG_NAME"
		/>
		<InstallSocket Type="JeepWranglerFrontBumper" />
	</GameData>
</TruckAddon>
