<_templates Include="models" />
<TruckAddon>
	<PhysicsModel Mesh="trucks/cargo/cargo_logs_medium_frame_addon" >
		<NetSync Legacy="false" />
		<Body _template="Gravity"
			CenterOfMassOffset="(0; -0.3; 0)"
			Friction="0.1"
			ImpactType="Foliage"
			Mass="5500"
			ModelFrame="BoneRoot_cdt"
			GravityFactor="1.4"
		>
			<Constraint Type="Rigid" />
			<Body ImpactType="Truck" Mass="4000" ModelFrame="BonePrismaticShift_cdt" _template="Gravity">
				<Constraint ExplicitParentFrame="0" Type="Fixed" />
			</Body>
		</Body>
	</PhysicsModel>
	<GameData>
		<Sounds
			InstallSound="cargo_manual/cargo_manual_logs_medium"
			TransportedSound=""
			ManualSound="cargo_manual/cargo_manual_logs_medium"
		/>        
		<RequiredAddon Types="frame_addon_log_medium" />
		<SpawnLoadOrigin Position="(-3.504; 1.152; 0.000)" />        
		<InstallSlot
			CargoAddonSubtype="FrameAddonLogMedium"
			CargoLength="1"
			CargoType="CargoLogsMedium"
			ManualLoads="3"
		/>
	</GameData>
</TruckAddon>
