<_templates Include="models" />
<TruckAddon>
	<PhysicsModel Mesh="trucks/cargo/cargo_logs_short_aramatsu_forester">
		<NetSync Legacy="false" />
		<Body _template="Gravity"
			CenterOfMassOffset="(0; 0; 0)"
			ImpactType="Foliage"
			Mass="4000"
			ModelFrame="BoneRoot_cdt"
			GravityFactor="1.4"
		>
			<Constraint Type="Rigid" />
			<Body _template="Gravity"
				Collisions="All"
				ImpactType="Foliage"
				Mass="4000"
				ModelFrame="BonePrismaticShift_cdt"
			>
				<Constraint LinearLimitsX="(-.05; .05)" LinearLimitsZ="(-0.05; 0.05)" Type="Fixed">
					<Motor Damping="30000" Spring="10000" Type="Spring" />
				</Constraint>
			</Body>
		</Body>
	</PhysicsModel>
	<GameData>
		<SpawnLoadOrigin Position="(0.2; .6; 0)" />
		<Sounds
			InstallSound="cargo_manual/cargo_manual_logs_medium"
			TransportedSound=""
			ManualSound="cargo_manual/cargo_manual_logs_medium"
		/>
		<InstallSlot
			CargoAddonSubtype="AramatsuShort"
			CargoLength="1"
			CargoType="CargoLogsShort"
			ManualLoads="3"
		/>
	</GameData>
</TruckAddon>
