<TruckAddon>
	<WheelRepairsHide>
		<Mesh Frame="wheel1" HideThreshold="0.5" />
		<Mesh Frame="wheel2" HideThreshold="0.0" />
	</WheelRepairsHide>
	<TruckData WheelRepairsCapacity="2" />
	<PhysicsModel Mesh="trucks/pacific_p12w_tuning/pacific_p12w_spare_wheel">
		<Body ImpactType="Truck" Mass="200" _template="Gravity">
			<Constraint Type="Rigid" />
			<Body Mass="200" ModelFrame="BoneCabin_cdt" _template="Gravity">
				<Constraint ExplicitParentFrame="0" Type="Fixed" />
			</Body>
		</Body>
	</PhysicsModel>
	<GameData
		CameraPreset="rear"
		Category="wheel_addon"
		Price="2300"
		UnlockByExploration="false"
		UnlockByRank="1"
	>
		<WinchSocket Pos="(-0.4; 2.8; 0)" />
		<UiDesc
			UiDesc="UI_TUNING_SPARE_WHEEL_DESC"
			UiIcon30x30=""
			UiIcon40x40=""
			UiName="UI_TUNING_SPARE_WHEEL_NAME"
		/>
		<InstallSocket Type="PacificP12wSpareWheel" />
	</GameData>
</TruckAddon>
