<GearboxVariants>
	<Gearbox
		AWDConsumptionModifier="1.1"
		CriticalDamageThreshold="0.5"
		DamageCapacity="160"
		DamagedConsumptionModifier="1.6"
		FuelConsumption="2"
		IdleFuelModifier="0.3"
		Name="g_truck_unique_offroad"
		MinBreakFreq="0.0"
		MaxBreakFreq="20.0"
	>
		<ReverseGear AngVel="0.7" FuelModifier="0.9" />
		<HighGear AngVel="12.0" FuelModifier="1.7" />
		<Gear AngVel="0.7" FuelModifier="1.6" />
		<Gear AngVel="3.0" FuelModifier="1.4" />
		<Gear AngVel="6.5" FuelModifier="1.3" />
		<Gear AngVel="12" FuelModifier="1.1" />
		<GameData
			Price="2300"
			UnlockByExploration="false"
			UnlockByRank="1"
		>
			<GearboxParams 
				IsHighGearExists="true" 
				IsLowerGearExists="true" 
				IsLowerPlusGearExists="true" 
				IsLowerMinusGearExists="true"
			/>
			<UiDesc
				UiDesc="UI_GEARBOX_TRUCK_UNIQUE_OFFROAD_DESC"
				UiIcon30x30=""
				UiIcon40x40=""
				UiName="UI_GEARBOX_TRUCK_UNIQUE_OFFROAD_NAME"
			/>
		</GameData>
	</Gearbox>
	<Gearbox
		AWDConsumptionModifier="1.1"
		CriticalDamageThreshold="0.5"
		DamageCapacity="160"
		DamagedConsumptionModifier="1.6"
		FuelConsumption="2"
		IdleFuelModifier="0.3"
		Name="g_truck_unique_offroad_fast"
		MinBreakFreq="0.0"
		MaxBreakFreq="20.0"
	>
		<ReverseGear AngVel="1" FuelModifier="0.9" />
		<HighGear AngVel="15.0" FuelModifier="2.3" />
		<Gear AngVel="1" FuelModifier="2.0" />
		<Gear AngVel="2" FuelModifier="1.9" />
		<Gear AngVel="3" FuelModifier="1.8" />
		<Gear AngVel="5" FuelModifier="1.7" />
		<Gear AngVel="8" FuelModifier="1.6" />
		<Gear AngVel="11" FuelModifier="1.5" />
		<Gear AngVel="14" FuelModifier="1.4" />
		<Gear AngVel="17" FuelModifier="1.3" />
		<Gear AngVel="20" FuelModifier="1.1" />
		<Gear AngVel="25" FuelModifier="1.0" />
		<GameData
			Price="12335"
			UnlockByExploration="false"
			UnlockByRank="17"
		>
			<GearboxParams 
				IsHighGearExists="true" 
				IsLowerGearExists="true" 
				IsLowerPlusGearExists="true" 
				IsLowerMinusGearExists="true"
			/>
			<UiDesc
				UiDesc="UI_GEARBOX_SPECIAL_OFFROAD_FAST_DESC"
				UiIcon30x30=""
				UiIcon40x40=""
				UiName="UI_GEARBOX_SPECIAL_OFFROAD_FAST_NAME"
			/>
		</GameData>
	</Gearbox>
	<Gearbox
		AWDConsumptionModifier="1.1"
		CriticalDamageThreshold="0.5"
		DamageCapacity="190"
		DamagedConsumptionModifier="1.6"
		FuelConsumption="3"
		IdleFuelModifier="0.3"
		Name="g_truck_unique_kirovets"
		MinBreakFreq="0.0"
		MaxBreakFreq="20.0"
	>
		<ReverseGear AngVel="1" FuelModifier="0.9" />
		<HighGear AngVel="8.5" FuelModifier="2.3" />
		<Gear AngVel="0.5" FuelModifier="2.2" />
		<Gear AngVel="0.8" FuelModifier="2.1" />
		<Gear AngVel="1.1" FuelModifier="2.0" />
		<Gear AngVel="1.3" FuelModifier="1.9" />
		<Gear AngVel="1.5" FuelModifier="2.0" />
		<Gear AngVel="2.0" FuelModifier="1.9" />
		<Gear AngVel="2.5" FuelModifier="1.8" />
		<Gear AngVel="3.0" FuelModifier="1.7" />
		<Gear AngVel="3.5" FuelModifier="1.6" />
		<Gear AngVel="4.0" FuelModifier="1.5" />
		<Gear AngVel="4.5" FuelModifier="1.4" />
		<Gear AngVel="5.0" FuelModifier="1.3" />
		<Gear AngVel="5.5" FuelModifier="1.6" />
		<Gear AngVel="6.0" FuelModifier="1.2" />
		<Gear AngVel="6.5" FuelModifier="1.1" />
		<Gear AngVel="7.0" FuelModifier="1.0" />
		<GameData
			Price="3335"
			UnlockByExploration="false"
			UnlockByRank="1"
		>
			<GearboxParams 
				IsHighGearExists="true" 
				IsLowerGearExists="true" 
				IsLowerPlusGearExists="true" 
				IsLowerMinusGearExists="true"
			/>
			<UiDesc
				UiDesc="UI_GEARBOX_SPECIAL_KIROVETS_DESC"
				UiIcon30x30=""
				UiIcon40x40=""
				UiName="UI_GEARBOX_SPECIAL_KIROVETS_NAME"
			/>
		</GameData>
	</Gearbox>
</GearboxVariants>
