<GearboxVariants>
	<Gearbox
		AWDConsumptionModifier="1.1"
		CriticalDamageThreshold="0.6"
		DamageCapacity="220"
		DamagedConsumptionModifier="1.6"
		FuelConsumption="1.7"
		IdleFuelModifier="0.3"
		Name="g_special_default"
		MinBreakFreq="0.0"
		MaxBreakFreq="15.0"
	>
		<ReverseGear AngVel="0.5" FuelModifier="0.9" />
		<HighGear AngVel="8.2" FuelModifier="1.9" />
		<Gear AngVel="0.9" FuelModifier="1.6" />
		<Gear AngVel="2" FuelModifier="1.4" />
		<Gear AngVel="4" FuelModifier="1.2" />
		<Gear AngVel="13" FuelModifier="1.1" />
		<GameData
			Price="2900"
			UnlockByExploration="false"
			UnlockByRank="1"
		>
			<GearboxParams 
				IsHighGearExists="true" 
				IsLowerGearExists="true" 
				IsLowerPlusGearExists="false" 
				IsLowerMinusGearExists="false"
			/>
			<UiDesc
				UiDesc="UI_GEARBOX_SPECIAL_DEFAULT_DESC"
				UiIcon30x30=""
				UiIcon40x40=""
				UiName="UI_GEARBOX_SPECIAL_DEFAULT_NAME"
			/>
		</GameData>
	</Gearbox>
	<Gearbox
		AWDConsumptionModifier="1.2"
		CriticalDamageThreshold="0.7"
		DamageCapacity="250"
		DamagedConsumptionModifier="1.7"
		FuelConsumption="3.0"
		IdleFuelModifier="0.3"
		Name="g_special_offroad"
		MinBreakFreq="0.0"
		MaxBreakFreq="20.0"
	>
		<ReverseGear AngVel="1" FuelModifier="0.9" />
		<HighGear AngVel="11.0" FuelModifier="1.6" />
		<Gear AngVel="1" FuelModifier="1.7" />
		<Gear AngVel="2" FuelModifier="1.5" />
		<Gear AngVel="3.5" FuelModifier="1.3" />
		<Gear AngVel="6" FuelModifier="1.1" />
		<Gear AngVel="18" FuelModifier="1.0" />
		<GameData
			Price="6000"
			UnlockByExploration="true"
			UnlockByRank="1"
		>
			<GearboxParams 
				IsHighGearExists="true" 
				IsLowerGearExists="true" 
				IsLowerPlusGearExists="true" 
				IsLowerMinusGearExists="true"
			/>
			<UiDesc
				UiDesc="UI_GEARBOX_SPECIAL_OFFROAD_DESC"
				UiIcon30x30=""
				UiIcon40x40=""
				UiName="UI_GEARBOX_SPECIAL_OFFROAD_NAME"
			/>
		</GameData>
	</Gearbox>
	<Gearbox
		AWDConsumptionModifier="1.2"
		CriticalDamageThreshold="0.7"
		DamageCapacity="180"
		DamagedConsumptionModifier="1.9"
		FuelConsumption="4.0"
		IdleFuelModifier="0.3"
		Name="g_special_finetune"
		MinBreakFreq="0.0"
		MaxBreakFreq="25.0"
	>
		<ReverseGear AngVel="0.7" FuelModifier="0.9" />
		<HighGear AngVel="10" FuelModifier="1.6" />
		<Gear AngVel="0.9" FuelModifier="1.7" />
		<Gear AngVel="2" FuelModifier="1.5" />
		<Gear AngVel="3.5" FuelModifier="1.3" />
		<Gear AngVel="6" FuelModifier="1.1" />
		<Gear AngVel="17" FuelModifier="1.0" />
		<GameData
			Price="5100"
			UnlockByExploration="true"
			UnlockByRank="1"
		>
			<GearboxParams 
				IsHighGearExists="true" 
				IsLowerGearExists="true" 
				IsLowerPlusGearExists="true" 
				IsLowerMinusGearExists="true"
				IsManualLowGear="true"
			/>
			<UiDesc
				UiDesc="UI_GEARBOX_SPECIAL_FINETUNE_DESC"
				UiIcon30x30=""
				UiIcon40x40=""
				UiName="UI_GEARBOX_SPECIAL_FINETUNE_NAME"
			/>
		</GameData>
	</Gearbox>
	<Gearbox
		AWDConsumptionModifier="1.2"
		CriticalDamageThreshold="0.7"
		DamageCapacity="200"
		DamagedConsumptionModifier="1.7"
		FuelConsumption="3.0"
		IdleFuelModifier="0.3"
		Name="g_special_offroad_fast"
		MinBreakFreq="0.0"
		MaxBreakFreq="20.0"
	>
		<ReverseGear AngVel="0.7" FuelModifier="0.9" />
		<HighGear AngVel="14.0" FuelModifier="2.2" />
		<Gear AngVel="1" FuelModifier="1.9" />
		<Gear AngVel="2" FuelModifier="1.8" />
		<Gear AngVel="3" FuelModifier="1.7" />
		<Gear AngVel="4" FuelModifier="1.6" />
		<Gear AngVel="5" FuelModifier="1.5" />
		<Gear AngVel="6" FuelModifier="1.4" />
		<Gear AngVel="7" FuelModifier="1.3" />
		<Gear AngVel="10" FuelModifier="1.2" />
		<Gear AngVel="15" FuelModifier="1.1" />
		<Gear AngVel="25" FuelModifier="1.0" />
		<GameData
			Price="11325"
			UnlockByExploration="false"
			UnlockByRank="10"
		>
			<GearboxParams 
				IsHighGearExists="true" 
				IsLowerGearExists="true" 
				IsLowerPlusGearExists="true" 
				IsLowerMinusGearExists="true"
			/>
			<UiDesc
				UiDesc="UI_GEARBOX_SPECIAL_OFFROAD_FAST_DESC"
				UiIcon30x30=""
				UiIcon40x40=""
				UiName="UI_GEARBOX_SPECIAL_OFFROAD_FAST_NAME"
			/>
		</GameData>
	</Gearbox>
	<Gearbox
		AWDConsumptionModifier="1.4"
		CriticalDamageThreshold="0.7"
		DamageCapacity="230"
		DamagedConsumptionModifier="1.9"
		FuelConsumption="5.3"
		IdleFuelModifier="0.3"
		Name="g_special_yamal"
		MinBreakFreq="1.0"
		MaxBreakFreq="25.0"
	>
		<ReverseGear AngVel="0.6" FuelModifier="0.9" />
		<HighGear AngVel="11.0" FuelModifier="1.6" />
		<Gear AngVel="0.9" FuelModifier="1.8" />
		<Gear AngVel="1.2" FuelModifier="1.65" />
		<Gear AngVel="2.1" FuelModifier="1.5" />
		<Gear AngVel="3.2" FuelModifier="1.35" />
		<Gear AngVel="4.5" FuelModifier="1.2" />
		<Gear AngVel="6.0" FuelModifier="1.05" />
		<Gear AngVel="10.0" FuelModifier="1.0" />
		<GameData
			Price="3200"
			UnlockByRank="1"
		>
			<UiDesc
				UiDesc="UI_GEARBOX_7_DESC"
				UiIcon30x30=""
				UiIcon40x40=""
				UiName="UI_GEARBOX_7_NAME"
			/>
			<GearboxParams
				IsHighGearExists="true"
				IsLowerGearExists="true"
				IsLowerPlusGearExists="true"
				IsManualLowGear="false"
				IsLowerMinusGearExists="true"
			/>
		</GameData>
	</Gearbox>
</GearboxVariants>
