<GearboxVariants>
	<Gearbox
		AWDConsumptionModifier="1.2"
		CriticalDamageThreshold="0.4"
		DamageCapacity="100"
		DamagedConsumptionModifier="1.6"
		FuelConsumption="3.0"
		IdleFuelModifier="0.3"
		Name="g_truck_unique_m916a1_finetune"
		MinBreakFreq="0.0"
		MaxBreakFreq="20.0"
	>
		<ReverseGear AngVel="1" FuelModifier="0.9" />
		<HighGear AngVel="18.0" FuelModifier="2.2" />
		<Gear AngVel="0.7" FuelModifier="2.0" />
		<Gear AngVel="1.6" FuelModifier="1.9" />
		<Gear AngVel="2.5" FuelModifier="1.7" />
		<Gear AngVel="3.4" FuelModifier="1.6" />
		<Gear AngVel="4.3" FuelModifier="1.5" />
		<Gear AngVel="5.4" FuelModifier="1.4" />
		<Gear AngVel="6.5" FuelModifier="1.3" />
		<Gear AngVel="7.8" FuelModifier="1.2" />
		<Gear AngVel="9" FuelModifier="1.1" />
		<Gear AngVel="12" FuelModifier="1.0" />
		<Gear AngVel="17" FuelModifier="0.9" />
		<Gear AngVel="23" FuelModifier="0.8" />
		<Gear AngVel="29" FuelModifier="0.7" />
		<Gear AngVel="32" FuelModifier="0.6" />
		<GameData
			Price="13735"
			UnlockByExploration="true"
			UnlockByRank="1"
		>
			<GearboxParams 
				IsHighGearExists="true" 
				IsLowerGearExists="true" 
				IsLowerPlusGearExists="true" 
				IsLowerMinusGearExists="true"
			/>
			<UiDesc
				UiDesc="UI_GEARBOX_TRUCK_14_SPEED_DESC"
				UiIcon30x30=""
				UiIcon40x40=""
				UiName="UI_GEARBOX_TRUCK_14_SPEED_NAME"
			/>
		</GameData>
	</Gearbox>
</GearboxVariants>
