<_templates Include="models" />
<ModelBrand ClipCamera="false" DynamicModel="true">
	<PhysicsModel>
		<Body _template="Gravity"
			CenterOfMassOffset="(0,-2,0)"
			Collisions="Dynamic"
			Friction="0.7"
			Mass="4700.0"
			NoSoftContacts="true"
		/>
	</PhysicsModel>
	<GameData LoadType="CargoPlane" PackSlotsNumber="5">
		<CraneSocket Pos="(-1.8; 2; 0)" />
		<WinchSocket Pos="(-1.8; 2; 0)" />
		<CraneSocket Pos="(0; 2; 0)" />
		<WinchSocket Pos="(0; 2; 0)" />
	</GameData>
	<Landmark Mesh="landmarks/cargo_unit_plane_01_lmk" MinScale="1.8" MaxScale="3.8"/>
</ModelBrand>
