<_templates Include="trucks" />
<TruckAddon>
	<TruckData>
		<Shakers>
			<Shaker Frame="BoneExhaustL" MinAngle="(0.07; 0.07; 0.07)" MaxAngle="(0.25; 0.25; 0.25)" MaxFrequency="4" />
			<Shaker Frame="BoneExhaustR" MinAngle="(0.07; 0.07; 0.07)" MaxAngle="(0.25; 0.25; 0.25)" MaxFrequency="4" />
		</Shakers>
	</TruckData>
	<PhysicsModel Mesh="trucks/pacific_p512_tuning/pacific512_exhaust_default">
		<Body _template="Gravity" ImpactType="Truck" Mass="100">
			<Constraint Type="Rigid" />
		</Body>
	</PhysicsModel>
	<GameData
		CameraPreset="side_r"
		Category="miscellenious"
		Price="800"
		UnlockByExploration="false"
		UnlockByRank="1"
	>
		<UiDesc
			UiDesc="UI_TUNING_EXHAUST_DEFAULT_DESC"
			UiIcon30x30=""
			UiIcon40x40=""
			UiName="UI_TUNING_EXHAUST_DEFAULT_NAME"
		/>
		<InstallSocket Type="Pacific512Exhaust" />
	</GameData>
	<Exhaust Dir="(-0.377; 0.816; -0.438)" IsLight="true" Origin="(1.291; 3.726; -1.053)" Speed="3.82" />
	<Exhaust Dir="(-0.377; 0.816; 0.438)" IsLight="true" Origin="(1.291; 3.726; 1.053)" Speed="3.8" />
</TruckAddon>
