<_templates Include="trucks" />
<TruckAddon>
	<TruckData>
		<Shakers>
			<Shaker Frame="BoneExhaustL" MinAngle="(0.07; 0.07; 0.07)" MaxAngle="(0.25; 0.25; 0.25)" MaxFrequency="4" />
			<Shaker Frame="BoneExhaustR" MinAngle="(0.07; 0.07; 0.07)" MaxAngle="(0.25; 0.25; 0.25)" MaxFrequency="4" />
		</Shakers>
	</TruckData>
	<PhysicsModel Mesh="trucks/pacific_p512_tuning/pacific512_exhaust_3">
		<Body _template="Gravity" ImpactType="Truck" Mass="100">
			<Constraint Type="Rigid" />
		</Body>
	</PhysicsModel>
	<GameData
		CameraPreset="side_r"
		Category="miscellenious"
		Price="1500"
		UnlockByExploration="false"
		UnlockByRank="17"
	>
		<UiDesc
			UiDesc="UI_TUNING_EXHAUST_MUZZLE_DESC"
			UiIcon30x30=""
			UiIcon40x40=""
			UiName="UI_TUNING_EXHAUST_MUZZLE_NAME"
		/>
		<InstallSocket Type="Pacific512Exhaust3" />
	</GameData>
	<Exhaust Dir="(0.000; 1.000; 0.000)" IsLight="true" Origin="(1.357; 3.698; 0.922)" Speed="3.82" />
	<Exhaust Dir="(0.000; 1.000; 0.000)" IsLight="true" Origin="(1.357; 3.698; -0.922)" Speed="3.8" />
</TruckAddon>
