<TruckAddon>
	<WheelRepairsHide>
		<Mesh Frame="wheel1" HideThreshold="0.5" />
		<Mesh Frame="wheel2" HideThreshold="0.0" />
	</WheelRepairsHide>
	<TruckData WheelRepairsCapacity="2" />
	<PhysicsModel Mesh="trucks/pacific_p512_tuning/pacific512_spare_wheel">
		<Body _template="Gravity" ImpactType="Truck" Mass="300">
			<Constraint Type="Rigid" />
			<Body _template="Gravity" Collisions="None" Mass="100" ModelFrame="BoneChassis_cdt">
				<Constraint ExplicitParentFrame="0" Type="Fixed" />
			</Body>
		</Body>
	</PhysicsModel>
	<GameData
		CameraPreset="side_r"
		Category="wheel_addon"
		Price="2300"
		UnlockByExploration="false"
		UnlockByRank="13"
	>
		<WinchSocket Pos="(0.8; 2.2; 0)" />
		<UiDesc
			UiDesc="UI_TUNING_SPARE_WHEELS_DESC"
			UiIcon30x30=""
			UiIcon40x40=""
			UiName="UI_TUNING_SPARE_WHEELS_NAME"
		/>
		<InstallSocket Type="Pacific512SpareWheel" />
	</GameData>
</TruckAddon>
