<WinchVariants>
	<Winch
		Name="w_rope"
		Length="35"
		StrengthMult="0"
		IsEngineIgnitionRequired="false"
	>
		<GameData
			Price="149"
			UnlockByExploration="false"
			UnlockByRank="1"
		>
			<WinchParams
			/>
			<UiDesc
				UiDesc="UI_WINCH_UPGRADE_ROPE_DESC"
				UiIcon30x30=""
				UiIcon40x40=""
				UiName="UI_WINCH_UPGRADE_ROPE_NAME"
			/>
		</GameData>
	</Winch>
	<Winch
		Name="w_heavy_trucks_default"
		Length="14"
		StrengthMult="2"
		IsEngineIgnitionRequired="true"
	>
		<GameData
			Price="1000"
			UnlockByExploration="false"
			UnlockByRank="1"
		>
			<WinchParams
			/>
			<UiDesc
				UiDesc="UI_WINCH_UPGRADE_HVY_TRUCKS_DEFAULT_DESC"
				UiIcon30x30=""
				UiIcon40x40=""
				UiName="UI_WINCH_UPGRADE_HVY_TRUCKS_DEFAULT_NAME"
			/>
		</GameData>
	</Winch>
	<Winch
		Name="w_heavy_trucks_ext"
		Length="40"
		StrengthMult="4"
		IsEngineIgnitionRequired="true"
	>
		<GameData
			Price="15000"
			UnlockByExploration="false"
			UnlockByRank="10"
		>
			<WinchParams
			/>
			<UiDesc
				UiDesc="UI_WINCH_UPGRADE_HVY_TRUCKS_EXT_DESC"
				UiIcon30x30=""
				UiIcon40x40=""
				UiName="UI_WINCH_UPGRADE_HVY_TRUCKS_EXT_NAME"
			/>
		</GameData>
	</Winch>
	<Winch
		Name="w_heavy_trucks_pow"
		Length="30"
		StrengthMult="7"
		IsEngineIgnitionRequired="true"
	>
		<GameData
			Price="18800"
			UnlockByExploration="false"
			UnlockByRank="14"
		>
			<WinchParams
			/>
			<UiDesc
				UiDesc="UI_WINCH_UPGRADE_HVY_TRUCKS_POW_DESC"
				UiIcon30x30=""
				UiIcon40x40=""
				UiName="UI_WINCH_UPGRADE_HVY_TRUCKS_POW_NAME"
			/>
		</GameData>
	</Winch>
		<Winch
		Name="w_heavy_trucks_ext_pow"
		Length="50"
		StrengthMult="10"
		IsEngineIgnitionRequired="true"
	>
		<GameData
			Price="22500"
			UnlockByExploration="false"
			UnlockByRank="20"
		>
			<WinchParams
			/>
			<UiDesc
				UiDesc="UI_WINCH_UPGRADE_HVY_TRUCKS_EXT_POW_DESC"
				UiIcon30x30=""
				UiIcon40x40=""
				UiName="UI_WINCH_UPGRADE_HVY_TRUCKS_EXT_POW_NAME"
			/>
		</GameData>
	</Winch>
</WinchVariants>
