<_templates Include="trucks" />
<TruckAddon>
	<WheelRepairsHide>
		<Mesh Frame="wheel" HideThreshold="0" />
	</WheelRepairsHide>
	<TruckData
		FuelCapacity="40"
		WheelRepairsCapacity="1"
		RepairsCapacity="400"
	>
		<!--<LimitedFluid Center="(-0.846; 2.035; -1.072)" SizeX="0.333" SizeY="0.425" SizeZ="0.182" Type="Box" ParentFrame="BoneChassis_cdt" />
		<LimitedFluid Center="(-0.449; 2.035; -1.072)" SizeX="0.333" SizeY="0.425" SizeZ="0.182" Type="Box" ParentFrame="BoneChassis_cdt" />-->
	</TruckData>
	<PhysicsModel Mesh="trucks/zikz_605r_tuning/zikz_605r_trunk_1">
		<Body ImpactType="Truck" Mass="200" ModelFrame="BoneChassis_cdt" _template="Gravity">
			<Constraint Type="Rigid" />
			<Body _template="Gravity"
				CenterOfMassOffset="(0; 0; 0)"
				Collisions="Default"
				Mass="600"
				ModelFrame="BoneWheel_cdt"
			>
				<Constraint
					Name="SPARE_WHEEL"
					AxisLocal="(0; 1; 0)"
					Type="Hinge"
					MinLimit="-8"
					MaxLimit="8"
				>
					<Motor Damping="10" Spring="600" Type="Spring" />
					<!--<Motor Force="1000" Type="Position" />-->
				</Constraint>
			</Body>
		</Body>
	</PhysicsModel>

	<!--<PoweredConstraints>
		<Group
			ExternalUi="true"
			Id="tailgate_open"
			LocaleUid="USE_SPARE_WHEEL"
		>
			<Constraint
				Name="SPARE_WHEEL"
				SpeedMult=".1"
				Tau="1"
				Position="8"
			/>
		</Group>
	</PoweredConstraints>-->

	<GameData
		CameraPreset="addon_1"
		Category="frame_addons"
		IsCustomizable="true"
		Price="2500"
		UnlockByExploration="false"
		UnlockByRank="1"
	>
		<UiDesc
			UiDesc="UI_TUNING_SPARE_WHEEL_DESC"
			UiIcon30x30=""
			UiIcon40x40=""
			UiName="UI_TUNING_SPARE_WHEEL_NAME"
		/>
		<InstallSocket Type="zikz605rTrunk" />
	</GameData>
	<FuelHide>
		<Mesh Frame="fuel" HideThreshold="0.0" />
	</FuelHide>
	<FuelMass>
		<Body _template="Gravity" Mass="234"/>
	</FuelMass>
</TruckAddon>
