<_templates Include="trucks" />
<SuspensionSetVariants>
	<SuspensionSet
		_template="Normal"
		CriticalDamageThreshold="0.7"
		DamageCapacity="80"
		Name="jeep_cj7_renegade_suspension_default"
	>
		<Suspension Damping="0.2" Height="0.12" Strength="0.023" WheelType="front" BrokenSuspensionMax="0.15" SuspensionMin="-0.27" />
		<Suspension Damping="0.2" Height="0.14" Strength="0.023" WheelType="rear" BrokenSuspensionMax="0.15" SuspensionMin="-0.27" />
		<GameData
			Price="2700"
			UnlockByExploration="false"
			UnlockByRank="1"
		>
			<UiDesc
				UiDesc="UI_SUSPENSION_DEFAULT_DESC"
				UiIcon30x30=""
				UiIcon40x40=""
				UiName="UI_SUSPENSION_DEFAULT_NAME"
			/>
		</GameData>
	</SuspensionSet>
	<SuspensionSet
		_template="High"
		CriticalDamageThreshold="0.7"
		DamageCapacity="100"
		Name="jeep_cj7_renegade_suspension_high"
	>
		<Suspension Damping="0.2" Height="0.22" Strength="0.023" WheelType="front" BrokenSuspensionMax="0.15" SuspensionMin="-0.20" />
		<Suspension Damping="0.2" Height="0.24" Strength="0.023" WheelType="rear" BrokenSuspensionMax="0.15" SuspensionMin="-0.35" />
		<GameData
			Price="5300"
			UnlockByExploration="false"
			UnlockByRank="1"
		>
			<UiDesc
				UiDesc="UI_SUSPENSION_HIGH_DESC"
				UiIcon30x30=""
				UiIcon40x40=""
				UiName="UI_SUSPENSION_HIGH_NAME"
			/>
		</GameData>
	</SuspensionSet>
</SuspensionSetVariants>
