<_templates Include="trucks">
	<Wheel>
		<RearWheel
			ConnectedToHandbrake="true"
			Location="rear"
			Torque="default"
		/>
		<FrontWheel
			SteeringJointOffset="0.2" 
			Location="front"
			SteeringAngle="40"
			SteeringCastor="8"
			Torque="connectable"
			ParentFrame="BoneCabin_cdt"
		/>
	</Wheel>
	<Body>
		<Sunshield Collisions="None" Mass="3">
			<Constraint
				AxisLocal="(0; 0; 1)"
				Type="Hinge"
				MinLimit="-5"
				MaxLimit="8"
			>
				<Motor Damping=".1" Spring="10" Type="Spring" />
			</Constraint>
		</Sunshield>
		<SideMirror Collisions="Default" Mass="5">
			<Constraint
				AxisLocal="(0; 1; 0)"
				Type="Hinge"
				MinLimit="-15"
				MaxLimit="15"
			>
				<Motor Damping="1" Spring="250" Type="Spring" />
			</Constraint>
		</SideMirror>
	</Body>
</_templates>
<Truck>
	<TruckData
		BackSteerSpeed="0.01"
		DiffLockType="None"
		EngineIconMesh="env/engine_default"
		EngineIconScale="1.2"
		EngineStartDelay="0.8"
		ExhaustStartTime="0.9"
		FuelCapacity="663"
		Responsiveness="1"
		SteerSpeed="0.02"
		TruckImage="gmcBrigadier8000mchr"
		TruckType="HEAVY_DUTY"
	>
		<WinchUpgradeSocket Default="w_medium_trucks_default" IsUpgradable="true" Type="winches_medium_trucks" />
		<Wheels
			DefaultRim="rim_4"
			DefaultTire="highway_3"
			DefaultWheelType="wheels_heavy_double1"
		>
			<Wheel _template="RearWheel" Pos="(-4.536; 0.49; 0.893)" />
			<Wheel _template="RearWheel" RightSide="true" Pos="(-4.536; 0.49; 0.893)" />
			<Wheel _template="RearWheel" Pos="(-3.095; 0.49; 0.893)" />
			<Wheel _template="RearWheel" RightSide="true" Pos="(-3.095; 0.49; 0.893)" />
			<Wheel _template="FrontWheel" Pos="(1.715; 0.5; 1.02)" />
			<Wheel _template="FrontWheel" RightSide="true" Pos="(1.715; 0.5; 1.02)" />
		</Wheels>
		<SuspensionSocket
			Default="gmc8000_suspension_default"
			Type="s_gmc8000"
			MaxWheelRadiusWithoutSuspension="0.42"
		/>
		<SteeringWheel Frame="BoneSteering" />
		<SteeringRack
			Frame="BoneRack"
			FrameSteerLeft="BoneRackLeft"
			FrameSteerRight="BoneRackRight"
			RackHalfSizeZ="0.831"
		/>
		<Steam Origin="(0.144; 0.961; 0)" />
		<Steam Origin="(1.568; 1.171; 0)" Scale="0.5" ParentFrame="BoneCabin_cdt" />
		<SoundsWheels _template="Default" />
		<SoundsDamage _template="Heavy" />
		<Sounds
			_template="Default"
			AirHissInterval="12.0"
			DisableReversePitch="false"
			Origin="(1.38; 1.426; 0)"
			MinDist="10.0"
			ParentFrame="BoneCabin_cdt"
		>
			<Reverse		Sound="" />
			<EngineTrans	Sound="" />
			<Honk			Sound="trucks/gmc_8000/gmc_8000_honk" />
			<EngineRev		Sound="trucks/gmc_8000/gmc_8000_rev" />
			<EngineAccel	Sound="trucks/gmc_8000/gmc_8000_acc" />
			<EngineStart	Sound="trucks/gmc_8000/gmc_8000_start" />
			<EngineStop		Sound="trucks/gmc_8000/gmc_8000_stop" />
			<EngineIdle		Sound="trucks/gmc_8000/gmc_8000_idle" />
			<EngineIdle_2d	Sound="trucks/gmc_8000/gmc_8000_idle_2d"	IsSound2D="true" />
			<EngineLow		Sound="trucks/gmc_8000/gmc_8000_low" />
			<EngineLow_2d	Sound="trucks/gmc_8000/gmc_8000_low_2d"	IsSound2D="true" />
			<EngineHigh		Sound="trucks/gmc_8000/gmc_8000_high" />
			<EngineHigh_2d	Sound="trucks/gmc_8000/gmc_8000_high_2d"	IsSound2D="true" />
			<EngineHeavy	Sound="trucks/gmc_8000/gmc_8000_heavy" />
			<EngineHeavy_2d	Sound="trucks/gmc_8000/gmc_8000_heavy_2d"	IsSound2D="true" />
			<ChassisStress	Sound="trucks/common/truck_stress_rnd_set/truck_stress_rnd" />
			<AbruptStop		Sound="trucks/common/truck_swing_big_old_rnd_set/truck_swing_big_old_rnd" />
		</Sounds>
		<Shafts>
			<Shaft SocketPointA="ShaftWheel2WheelA" SocketPointB="ShaftWheel2WheelB" />
		</Shafts>
		<OcclusionMap HalfSizeZ="1.8" MinX="-5.944" MaxX="3.048" />
		<!--<LimitedFluid Center="(-0.3; 0.612; 0.815)" LengthX="0.806" RadiusY="0.33" RadiusZ="0.33" Type="Cylinder" />
		<LimitedFluid Center="(0.104; 0.612; -0.815)" LengthX="1.61" RadiusY="0.33" RadiusZ="0.33" Type="Cylinder" />-->
		<Intake Dir="(1; 0; 0)" Origin="(2.377; 1.39; 0)" Size="1" />
		<GearboxSocket Default="g_truck_default" Type="gearboxes_trucks" />
		<FuelTank DamageCapacity="50" />
		<EngineSocket Default="us_truck_old_engine_0" Type="e_us_truck_old, e_us_truck_old_gmc8000" />
		<Driver
			AnimationSet="HeavyTruck"
			Pos="(0.45; 1.5; 0.495)"
			SteeringWheelPos="(0.826; 1.816; 0.497)"
			ParentFrame="BoneCabin_cdt"
		/>
		<Dashboard>
			<Gauge Damping="0.99" Dir="(-0.998; 0.058; -0.009)" InputRange="(0;1)" InputType="none" Mesh="trucks/arrows/gmc_8000_arrow_01" Org="(1.117; 1.725; 0.672)" OutputAngles="(-138;60)" />
			<Gauge Damping="0.9" Dir="(-0.998; 0.008; 0.059)" InputRange="(0;1)" InputType="engineEnabled" Mesh="trucks/arrows/gmc_8000_arrow_01" Org="(1.122; 1.802; 0.673)" OutputAngles="(-138;67)" />
			<Gauge Dir="(-0.707; 0.022; 0.021)" InputRange="(0;160)" InputType="speed" Mesh="trucks/arrows/gmc_8000_arrow_02" Org="(1.12; 1.777; 0.564)" OutputAngles="(-135;100)" />
			<Gauge Damping="0.9" Dir="(-0.707; 0.017; 0.026)" InputRange="(0;1)" InputType="rpm" Mesh="trucks/arrows/gmc_8000_arrow_02" Org="(1.118; 1.777; 0.431)" OutputAngles="(-135;100)" />
			<Gauge Damping="0.9996" Dir="(-0.7; -0.003; 0.03)" InputRange="(0;1)" InputType="engineEnabled" Mesh="trucks/arrows/gmc_8000_arrow_01" Org="(1.116; 1.797; 0.32)" OutputAngles="(-42;5)" />
			<Gauge Damping="0.9" Dir="(-0.997; 0.049; 0.056)" InputRange="(0;1)" InputType="fuel" Mesh="trucks/arrows/gmc_8000_arrow_01" Org="(1.111; 1.72; 0.32)" OutputAngles="(-39;39)" />
			<Gauge Damping="0.9" Dir="(-0.707; -0; 0.03)" InputRange="(0;1)" InputType="engineEnabled" Mesh="trucks/arrows/gmc_8000_arrow_01" Org="(1.11; 1.798; 0.238)" OutputAngles="(-41;22)" />
			<Gauge Damping="0.9" Dir="(-0.708; -0; 0.03)" InputRange="(0;1)" InputType="engineEnabled" Mesh="trucks/arrows/gmc_8000_arrow_01" Org="(1.106; 1.72; 0.238)" OutputAngles="(-43;10)" />
			<Gauge Damping="0.9" Dir="(-0.998; 0.008; 0.059)" InputRange="(0;1)" InputType="none" Mesh="trucks/arrows/gmc_8000_arrow_01" Org="(1.12; 1.803; 0.747)" OutputAngles="(-139;65)" />
		</Dashboard>
		<Damage
			Capacity="600"
			SensationMin="(-0.023; 1.818; -0.988)"
			SensationMax="(1.222; 2.489; 0.988)"
			ParentFrame="BoneCabin_cdt"
		>
			<DamageArea Type="Engine" Min="(1.1; 0.62; -0.6)" Max="(2.27; 1.73; 0.6)" ParentFrame="BoneCabin_cdt" />
			<DamageArea Type="FuelTank" Min="(-0.71; 0.24; -1.17)" Max="(0.93; 0.97; 1.17)" ParentFrame="BoneCabin_cdt" />
		</Damage>
		<CompatibleWheels Scale="0.54" Type="wheels_heavy_double1" />
		<CompatibleWheels RearOffsetZ="0.04" Scale="0.58" Type="wheels_heavy_double1" />
		<CompatibleWheels RearOffsetZ="0.05" Scale="0.58" Type="wheels_heavy_double2" />
		<!--<CompatibleWheels RearOffsetZ="0.05" Scale="0.55" Type="wheels_heavy_single2" />-->
		<!--JAT DLC-->
		<CompatibleWheels RearOffsetZ="0.05" Scale="0.58" Type="wheels_heavy_highway_double" />
		<CompatibleWheels RearOffsetZ="0.05" Scale="0.58" Type="wheels_heavy_offroad_double" />
		<CompatibleWheels RearOffsetZ="0.05" Scale="0.58" Type="wheels_heavy_allterrain_double" />

		<!--PREMIUM-->
		<CompatibleWheels Scale="0.53" Type="wheels_gmc_mh9500_double1/3526085" />
		<CompatibleWheels Scale="0.55" Type="wheels_gmc_mh9500_double2/3526085" OffsetZ="0.02" RearOffsetZ="0.00" RearScale="0.53" />
		<Camera Center="(-1; 0; 0)" ParentFrame="BoneCabin_cdt" RadiusMultiplier="0.8">
			<Cockpit
				_template="Default"
				WindshieldDiffuseTexture="trucks/gmc8000_glass__d_a.tga"
				WindshieldShadingTexture="trucks/gmc8000_glass__sh_d.tga"
				ViewPos="(0.43; 2.193; 0.496)"
			>
				<Rear ViewPosOffset="(-0.05; -0.1; 0.7)" />
				<Mirror ClipDir="(-0.94; 0; -0.342)" ClipOffset="0.18" FOVScale="2" LookAtOffset="(0; 0; 0.05)" MeshFrame="mirror_left" ReflectionDir="(-0.854; 0; -0.52)" Size="(0.251; 0.553)" Pos="(0.82; 2.095; 1.363)" />
				<Mirror ClipDir="(-0.714; 0; 0.7)" ClipOffset="0.1" FOVScale="2" MeshFrame="mirror_right" ReflectionDir="(-0.714; 0; 0.6)" Size="(0.251; 0.553)" Pos="(0.82; 2.095; -1.363)" />
			</Cockpit>
		</Camera>
		<Axles>
			<Axle Frame="BoneAxle1" />
			<Axle Frame="BoneAxle2" />
			<Axle Frame="BoneAxle3" />
		</Axles>
	</TruckData>
<PhysicsModel Mesh="trucks/gmc_8000">
		<NetSync Legacy="false" />
		<Body _template="Gravity"
			CenterOfMassOffset="(-1; 0; 0)"
			ImpactType="Truck"
			Mass="2500"
			ModelFrame="BoneChassis_cdt"
			NetSync="pv"
		>
			<Body _template="Gravity"
				CenterOfMassOffset="(0.3; 0; 0)"
				ImpactType="Truck"
				Mass="3000"
				ModelFrame="BoneCabin_cdt"
				NetSync="pv"
			>
				<Constraint
					AxisLocal="(1; 0; 0)"
					Type="Hinge"
					MinLimit="-5"
					MaxLimit="5"
				>
					<Motor Damping="24000" Spring="130000" Type="Spring" />
				</Constraint>
				<Body _template="Gravity"
					CenterOfMassOffset="(0.5; -0.5; 0)"
					ImpactType="Truck"
					Mass="1500"
					ModelFrame="BoneCabinRagdoll_cdt"
				>
					<Constraint
						Cone="2.5"
						PlaneAxisLocal="(1; 0; 0)"
						TwistAxisLocal="(0; 1; 0)"
						Type="Ragdoll"
						PlaneMin="-1.5"
						PlaneMax="1.5"
					>
						<PlaneMotor Damping="200000" Spring="3500000" Type="Spring" />
						<!--влево-вправо-->
						<ConeMotor Damping="700000" Spring="1500000" Type="Spring" />
						<!--взад-вперед-->
					</Constraint>
					<Body _template="Gravity" Collisions="None" Mass="2" ModelFrame="BoneBelt1_cdt">
						<Constraint
							AxisLocal="(0; 1; 0)"
							PivotOffset="(0; 0; 0)"
							Type="Hinge"
							MinLimit="-20"
							MaxLimit="10"
						>
							<Motor Damping="10" Spring="10" Type="Spring" />
						</Constraint>
					</Body>
					<Body _template="Gravity" Collisions="None" Mass="1" ModelFrame="BoneBelt2_cdt">
						<Constraint
							AxisLocal="(0; 1; 0)"
							PivotOffset="(0; 0; 0)"
							Type="Hinge"
							MinLimit="-15"
							MaxLimit="5"
						>
							<Motor Damping="2" Spring="2" Type="Spring" />
						</Constraint>
					</Body>
					<Body _template="Gravity" _template="Sunshield" ModelFrame="BoneSunshieldRight_cdt" />
					<Body _template="Gravity" _template="Sunshield" ModelFrame="BoneSunshieldLeft_cdt" />
					<Body _template="Gravity" Mass="0.2" ModelFrame="BoneKeyFob_cdt">
						<Constraint
							AxisLocal="(1; 0; 0)"
							PivotOffset="(0; 0; 0)"
							Type="Hinge"
							MinLimit="-50"
							MaxLimit="50"
						>
							<Motor Damping="0.001" Spring="0.001" Type="Spring" />
						</Constraint>
					</Body>
					<Body _template="Gravity" _template="SideMirror" ModelFrame="BoneMirrorLeft_cdt" />
					<Body _template="Gravity" _template="SideMirror" ModelFrame="BoneMirrorRight_cdt" />
				</Body>
				<Body _template="Gravity" _template="TieRod" ModelFrame="BoneTieRod_cdt">
					<Constraint
						AxisLocal="(0; 0; 1)"
						Name="TieRodSteer"
						MinLimit="-25"
						MaxLimit="25"
					/>
				</Body>
			</Body>
		</Body>
	</PhysicsModel>
	<ModelAttachments>
		<StopSignals>
			<Light _template="StopSignal" Pos="(-5.951; 0.71; 0)" />
			<Flare _template="StopSignal" Size=".6" Pos="(-5.851; 0.779; 0.276)" />
			<Flare _template="StopSignal" Size=".6" Pos="(-5.851; 0.779; -0.276)" />
		</StopSignals>
		<ReverseSignals>
			<Light _template="ReverseSignal" Color="g(220; 220; 190)" Pos="(-5.851; 0.85; 0)" />
			<Flare _template="ReverseSignal" Size="0.4" Pos="(-5.851; 0.85; -0.276)" />
			<Flare _template="ReverseSignal" Size="0.4" Pos="(-5.851; 0.85; 0.276)" />
			<Flare _template="BlueStreak" Color="g(220; 220; 190) x 0.05" Dir="(-1; 0; 0)" Size="0.4" Pos="(-5.851; 0.85; -0.276)" />
			<Flare _template="BlueStreak" Color="g(220; 220; 190) x 0.05" Dir="(-1; 0; 0)" Size="0.4" Pos="(-5.851; 0.85; 0.276)" />
		</ReverseSignals>
		<Ignition>
			<Flare _template="Beacon" Color="g(255; 192; 0) x 0.17" Size="0.5" Pos="(2.24; 1.339; 1.050)" ParentFrame="BoneCabinRagdoll_cdt" />
			<Flare _template="Beacon" Color="g(255; 192; 0) x 0.17" Size="0.5" Pos="(2.24; 1.339; -1.050)" ParentFrame="BoneCabinRagdoll_cdt" />
			<Flare _template="IgnitionSignalRed" Pos="(-5.851; 0.779; 0.276)" />
			<Flare _template="IgnitionSignalRed" Pos="(-5.851; 0.779; -0.276)" />
		</Ignition>
		<Ignition>
			<Light _template="IgnitionSignalRed" Pos="(-5.95; 0.88; 0)" />
			<Light _template="IgnitionSignalWhite" Color="g(255; 205; 145) x 0.8" Pos="(2.615; 0.945; 1.050)" ParentFrame="BoneCabinRagdoll_cdt" />
			<Light _template="IgnitionSignalWhite" Color="g(255; 205; 145) x 0.8" Pos="(2.615; 0.945; -1.050)" ParentFrame="BoneCabinRagdoll_cdt" />
			<Flare _template="IgnitionSignalWhite" Color="g(165; 149; 130) x 0.85" DirAngle="180" Pos="(2.32; 1.161; -1.050)" ParentFrame="BoneCabinRagdoll_cdt" />
			<Flare _template="IgnitionSignalWhite" Color="g(165; 149; 130) x 0.85" DirAngle="180" Pos="(2.32; 1.161; 1.050)" ParentFrame="BoneCabinRagdoll_cdt" />
		</Ignition>
		<HeadLight>
			<Model _template="HeadLightRay" Org="(2.32; 1.161; -1.050)" ParentFrame="BoneCabinRagdoll_cdt" />
			<Model _template="HeadLightRay" Org="(2.32; 1.161; 1.050)" ParentFrame="BoneCabinRagdoll_cdt" />
			<Flare _template="HeadLight" DirAngle="135" Size="0.5" Pos="(2.32; 1.161; -1.050)" ParentFrame="BoneCabinRagdoll_cdt" />
			<Flare _template="HeadLight" DirAngle="135" Size="0.5" Pos="(2.32; 1.161; 1.050)" ParentFrame="BoneCabinRagdoll_cdt" />
			<Flare _template="BlueStreak" Pos="(2.32; 1.161; -1.050)" ParentFrame="BoneCabinRagdoll_cdt" />
			<Flare _template="BlueStreak" Pos="(2.32; 1.161; 1.050)" ParentFrame="BoneCabinRagdoll_cdt" />
		</HeadLight>
	</ModelAttachments>
	<Landmark Mesh="landmarks/gmc_8000_lmk" MinScale="1.8" MaxScale="3.8" />
	<HeadLight _template="Default" Pos="(2.513; 1.167; 0)" />
	<GameData
		Country="US"
		Price="90000"
		UnlockByExploration="false"
		UnlockByRank="1"
	>
		<WinchSocket Pos="(2.383; 0.712; 0)" ParentFrame="BoneCabin_cdt" />
		<WinchSocket Pos="(2.383; 0.712; 0.496)" ParentFrame="BoneCabin_cdt" />
		<WinchSocket Pos="(2.383; 0.712; -0.496)" ParentFrame="BoneCabin_cdt" />
		<WinchSocket Pos="(-5.889; 0.816; 0)" />
		<WinchSocket Pos="(-1.85; 0.767; 0.42)" />
		<WinchSocket Pos="(-1.85; 0.767; -0.42)" />
		<UiDesc
			UiDesc="UI_VEHICLE_GMC_8000_DESC"
			UiIcon30x30="highwayVehicleImg30"
			UiIcon328x458="shopImgGmcBrigadier"
			UiIcon40x40="highwayVehicleImg"
			UiIconLogo="GMLogoAlt80"
			UiName="UI_VEHICLE_GMC_8000_NAME"
		/>
		<CustomizationCameras>
			<CameraPos FOV="32.0" Interior="true" Name="roof_sticker" InterestPosition="(3.6; 0.363; -0.642)" Position="(7.6; 4.352; -0.303)" />
			<CameraPos FOV="32.0" Name="addon_1" InterestPosition="(2; 1.563; -0)" MaxXRotation="360" MaxYRotation="360" MaxZoom="2" Position="(-7; 3.802; 4.913)" />
			<CameraPos FOV="32.0" Name="addon_2" InterestPosition="(2.9; 0.525; -0.002)" MaxXRotation="360" MaxYRotation="360" MaxZoom="2" Position="(5.258; 2.509; 4.431)" />
			<CameraPos FOV="32.0" Interior="true" Name="mirror_mount" InterestPosition="(6.942; 2.145; 1.677)" Position="(5; 2.2; -0.72)" />
			<CameraPos FOV="32.0" Name="side_r" InterestPosition="(4.764; 1.865; -0)" MaxXRotation="360" MaxYRotation="360" MaxZoom="2" Position="(-0.317; 4.306; -4.556)" />
			<CameraPos FOV="32.0" Interior="true" Name="sticker" InterestPosition="(6.729; 1.3; 1.4)" Position="(5.3; 2.412; -0.5)" />
			<CameraPos FOV="32.0" Interior="true" Name="sticker_1" InterestPosition="(7.3; 3.196; 1.5)" Position="(5; 2.094; -0.4)" />
			<CameraPos FOV="32.0" Interior="true" Name="sticker_2" InterestPosition="(6.8; 1.3; 1.9)" Position="(5.2; 2.212; 0)" />
			<CameraPos FOV="32.0" Interior="true" Name="glass_sticker" InterestPosition="(4.545; 1.5; -1.3)" Position="(8.384; 2.7; 0.6)" />
			<CameraPos FOV="32.0" Interior="true" Name="door_r_sticker" InterestPosition="(7; 1.203; 0.54)" Position="(4; 1.862; 3.197)" />
			<CameraPos FOV="32.0" Name="roof" InterestPosition="(5.165; 1.74; -0)" MaxXRotation="360" MaxYRotation="360" MaxZoom="2" Position="(10.418; 3.866; -3.312)" />
			<CameraPos FOV="32.0" Interior="true" Name="capote_sticker" InterestPosition="(5.918; 0.655; -0.737)" Position="(9.116; 4.392; -0.492)" />
			<CameraPos FOV="32.0" Name="hoods" InterestPosition="(5.997; 1.735; 0)" MaxXRotation="360" MaxYRotation="360" MaxZoom="2" Position="(13.57; 1.44; -3.425)" />
			<CameraPos FOV="32.0" Name="side_l" InterestPosition="(5.111; 1.443; 0)" MaxXRotation="360" MaxYRotation="360" MaxZoom="2" Position="(10.666; 3.491; 4.263)" />
			<CameraPos FOV="32.0" Interior="true" Name="bubble_head" InterestPosition="(6.729; 1.3; 1.4)" Position="(5.3; 2.412; -0.5)" />
			<CameraPos FOV="32.0" Name="wheels" InterestPosition="(0; 0.669; -1.5)" MaxXRotation="360" MaxYRotation="360" MaxZoom="2" Position="(13; 2; 5.834)" />
			<CameraPos FOV="32.0" Name="default" InterestPosition="(5.997; 1.735; 0)" MaxXRotation="360" MaxYRotation="360" MaxZoom="2" Position="(13.57; 1.44; -3.425)" />
			<CameraPos FOV="32.0" Name="rear" InterestPosition="(0.612; 0.86; -0)" MaxXRotation="360" MaxYRotation="360" MaxZoom="2" Position="(-5.27; 2.54; 3.142)" />
			<CameraPos FOV="32.0" Interior="true" Name="door_l_sticker" InterestPosition="(5.3; 1.225; 0.224)" Position="(4.3; 1.835; -3.217)" />
			<CameraPos FOV="32.0" Interior="true" Name="hood_ornament" InterestPosition="(7.878; 1.915; -1.556)" Position="(9.091; 2.279; -1.556)" />
			<CameraPos FOV="32.0" Interior="true" Name="curtain" InterestPosition="(6.942; 2.145; 1.677)" Position="(5; 2.2; -0.72)" />
		</CustomizationCameras>
		<CraneSocket Pos="(2.383; 0.712; 0)" ParentFrame="BoneCabin_cdt" />
		<CraneSocket Pos="(2.383; 0.712; 0.496)" ParentFrame="BoneCabin_cdt" />
		<CraneSocket Pos="(2.383; 0.712; -0.496)" ParentFrame="BoneCabin_cdt" />
		<CraneSocket Pos="(0.1; 2.45; 0)" />
		<CraneSocket Pos="(-0.45; 0.95; 0)" />
		<CraneSocket Pos="(-5.889; 0.816; 0)" />
		<CraneSocket Pos="(-1.85; 0.767; 0.42)" />
		<CraneSocket Pos="(-1.85; 0.767; -0.42)" />
		<AddonSockets>
			<Socket Names="Gmc8000SpareWheel" NamesBlock="MetalDetector, GMC_AddonTanker" Offset="(-0.4; 0; 0)" ParentFrame="BoneChassis_cdt">
				<ExtraParent Frame="BoneCabin_cdt" />
			</Socket>
		</AddonSockets>
		<AddonSockets>
			<Socket 
				Names="Pacific512CabinProtector" NamesBlock="FrameAddonTow, FrameAddon, TatraSideboard, FrameAddonTank, FrameAddonLogShort, BigCraneUs, BigCraneUsWS4964, FrameAddonKung, FrameAddonSeismicVibrator, FrameAddonMaintainer" 
				Offset="(-1.9; -0.345; 0)" 
				ParentFrame="BoneCabin_cdt"
			>
				<ExtraParent Frame="BoneChassis_cdt" Offset="(0; 0; 0)" />
				<AddonsShift Offset="(-1.1; 0; 0)" Types="MinicraneUS" />
				<AddonsShift Offset="(-1.17; 0; 0)" Types="LogLift" />
			</Socket>
		</AddonSockets>
		<AddonSockets>
			<Socket CablesName="env/trailer_cable" TruckCablesPos="(-1.82; 0.987; -0.03)" Names="Semitrailer, SemitrailerOiltank" Offset="(-3.814; 1.31; 0)" >
				<AddonsShift Offset="(0; 0.2; 0)" Types="SaddleLow1" />
			</Socket>
			<Socket CablesName="env/trailer_cable" TruckCablesPos="(-1.82; 0.987; -0.03)" Names="LargeSemitrailer, LargeSemitrailerOiltank" Offset="(-3.811; 1.47; 0)" />
			<Socket Names="Trailer" Offset="(-5.921; 0.828; 0)" >
				<AddonsShift Offset="(-0.240; 0; 0)" Types="GMC_AddonTanker" />
			</Socket>
		</AddonSockets>
		<AddonSockets>
			<Socket Names="LogLift" NamesBlock="SaddleLow, SaddleHigh, BigCraneUs, BigCraneUsWS4964, MinicraneUS, MetalDetector, FrameAddonLogShort, FrameAddon, TatraSideboard, FrameAddonKung, FrameAddonTank, FrameAddonSeismicVibrator, FrameAddonMaintainer, FrameAddonTow" Offset="(-0.4; 0.992; 0)" />
		</AddonSockets>
		<AddonSockets>
			<Socket Names="GMC_AddonTanker" NamesBlock="Gmc8000FenderSmall, Gmc8000FenderLarge, MetalDetector, MinicraneUS, LogLift" Offset="(-0.000; 0.000; 0)" />
			<Socket Names="BunkLog" NamesBlock="MinicraneUS, MetalDetector, Gmc8000FenderLarge, Gmc8000FenderSmall" Offset="(-7.317; 0.992; 0)" />
			<Socket Names="FrameAddonLogShort" NamesBlock="MinicraneUS, MetalDetector, Gmc8000FenderLarge, Gmc8000FenderSmall" Offset="(-2.8; 0.987; 0)" />
			<Socket Names="SaddleLow" Offset="(-3.811; 0.987; 0)">
				<ExtraParent Frame="BoneChassis_cdt" Offset="(0; 0; 0.03)" />
				<ExtraParent Frame="BoneChassis_cdt" Offset="(0; 0; -0.03)" />
			</Socket>
			<Socket Names="SaddleLow1" Offset="(-3.811; 0.987; 0)">
				<ExtraParent Frame="BoneChassis_cdt" Offset="(0; 0; 0.03)" />
				<ExtraParent Frame="BoneChassis_cdt" Offset="(0; 0; -0.03)" />
			</Socket>
			<Socket Names="SaddleHigh" Offset="(-3.811; 0.987; 0)">
				<ExtraParent Frame="BoneChassis_cdt" Offset="(0; 0; 0.03)" />
				<ExtraParent Frame="BoneChassis_cdt" Offset="(0; 0; -0.03)" />
			</Socket>
			<Socket Names="FrameAddon" Offset="(-3.05; 0.987; 0)">
				<ExtraParent Frame="BoneChassis_cdt" Offset="(0; 0; 0.06)" />
				<ExtraParent Frame="BoneChassis_cdt" Offset="(0; 0; -0.06)" />
				<AddonsShift Offset="(-0.95; 0; 0)" Types="MinicraneUS" />
				<AddonsShift Offset="(-0.9; 0; 0)" Types="MetalDetector" />
			</Socket>
			<Socket Names="TatraSideboard" Offset="(-1.98; -0.219; 0)">
				<ExtraParent Frame="BoneChassis_cdt" Offset="(0; 0; 0.06)" />
				<ExtraParent Frame="BoneChassis_cdt" Offset="(0; 0; -0.06)" />
				<AddonsShift Offset="(-0.85; 0; 0)" Types="MinicraneUS" />
				<AddonsShift Offset="(-0.9; 0; 0)" Types="MetalDetector" />
			</Socket>
			<Socket Names="FrameAddonTow" Offset="(-3.5; 0.987; 0)" NamesBlock="MinicraneUS, MetalDetector" >				
			</Socket>
			<Socket Names="FrameAddonKung" Offset="(-3.35; 1.073; 0)" ParentFrame="BoneChassis_cdt">
				<ExtraParent Frame="BoneChassis_cdt" Offset="(0; 0; -0.06)" />
				<ExtraParent Frame="BoneChassis_cdt" Offset="(0; 0; 0.06)" />
			</Socket>
			<Socket Names="FrameAddonTank" NamesBlock="Gmc8000FenderLarge" Offset="(-3.74; 0.987; 0)">
				<ExtraParent Frame="BoneChassis_cdt" Offset="(0; 0; 0.11)" />
				<ExtraParent Frame="BoneChassis_cdt" Offset="(0; 0; -0.11)" />
			</Socket>
			<Socket Names="BigCraneUs" NamesBlock="MetalDetector, MinicraneUS, Gmc8000FenderLarge, Gmc8000FenderSmall" Offset="(-3.4; 0.998; 0)">
				<ExtraParent Frame="BoneChassis_cdt" Offset="(0; -0.01; 0.057)" />
				<ExtraParent Frame="BoneChassis_cdt" Offset="(0; -0.01; -0.057)" />
			</Socket>
			<Socket Names="FrameAddonSeismicVibrator" NamesBlock="MetalDetector, MinicraneUS" Offset="(-0.887; 0.987; 0)" ParentFrame="BoneChassis_cdt" />
			<Socket Names="FrameAddonMaintainer" NamesBlock="MetalDetector, MinicraneUS, Trailer" Offset="(-3.55; -0.042; 0)" ParentFrame="BoneChassis_cdt" />
		</AddonSockets>
		<AddonSockets>
			<Socket Names="MetalDetector" NamesBlock="FrameAddonKung, FrameAddonTank" Offset="(-1.124; -0.06; 0)" ParentFrame="BoneChassis_cdt" />
			<Socket Names="MinicraneUS" NamesBlock="FrameAddonKung, FrameAddonTank" Offset="(-1.1; 0.99; 0)">
				<ExtraParent Frame="BoneChassis_cdt" Offset="(0; 0; 0.045)" />
				<ExtraParent Frame="BoneChassis_cdt" Offset="(0; 0; -0.045)" />
			</Socket>
		</AddonSockets>
		<AddonSockets DefaultAddon="gmc_8000_transferbox_default">
			<Socket Names="Gmc8000TransferBox" Offset="(0; 0; 0)" ParentFrame="BoneCabin_cdt">
				<ExtraParent Frame="BoneChassis_cdt" />
				<ExtraParent Frame="BoneAxle1" />
			</Socket>
		</AddonSockets>
		<AddonSockets DefaultAddon="gmc_8000_exhaust_default">
			<Socket Names="Gmc8000Exhaust" Offset="(0; 0; 0)" ParentFrame="BoneCabin_cdt" />
		</AddonSockets>
		<AddonSockets DefaultAddon="gmc_8000_bumper_default">
			<Socket Names="Gmc8000Bumper" Offset="(0; 0; 0)" ParentFrame="BoneCabinRagdoll_cdt" />
		</AddonSockets>
		<AddonSockets DefaultAddon="gmc_8000_diff_lock_default">
			<Socket Names="GMC8000DiffLock" Offset="(0; 0; 0)" ParentFrame="BoneChassis_cdt" />
		</AddonSockets>
		<AddonSockets DefaultAddon="gmc_8000_horn_default">
			<Socket Names="Gmc8000Horn" Offset="(0; 0; 0)" ParentFrame="BoneCabinRagdoll_cdt" />
		</AddonSockets>
		<AddonSockets DefaultAddon="gmc_8000_gabarite_default">
			<Socket Names="Gmc8000Gabarite" Offset="(0; 0; 0)" ParentFrame="BoneCabinRagdoll_cdt" />
		</AddonSockets>
		<AddonSockets>
			<Socket Names="Gmc8000Spotlight" Offset="(0; 0; 0)" ParentFrame="BoneCabinRagdoll_cdt" />
		</AddonSockets>
		<AddonSockets>
			<Socket Names="Gmc8000Visor" Offset="(0; 0; 0)" ParentFrame="BoneCabinRagdoll_cdt" />
		</AddonSockets>
		<AddonSockets>
			<Socket Names="Gmc8000Snorkel" Offset="(0; 0; 0)" ParentFrame="BoneCabinRagdoll_cdt" />
		</AddonSockets>
		<AddonSockets>
			<Socket Names="Gmc8000FenderLarge" NamesBlock="Gmc8000FenderSmall" Offset="(0; 0; 0)" ParentFrame="BoneChassis_cdt" />
		</AddonSockets>
		<AddonSockets>
			<Socket Names="Gmc8000FenderSmall" NamesBlock="Gmc8000FenderLarge" Offset="(0; 0; 0)" ParentFrame="BoneChassis_cdt" />
		</AddonSockets>
		<AddonSockets>
			<Socket InCockpit="true" Names="gmc8000Sticker_1x1_01" ParentFrame="BoneCabinRagdoll_cdt" />
		</AddonSockets>
		<AddonSockets>
			<Socket InCockpit="true" Names="gmc8000Sticker_1x1_02" ParentFrame="BoneCabinRagdoll_cdt" />
		</AddonSockets>
		<AddonSockets>
			<Socket InCockpit="true" Names="gmc8000Sticker_1x1_03" ParentFrame="BoneCabinRagdoll_cdt" />
		</AddonSockets>
		<AddonSockets>
			<Socket InCockpit="true" Names="gmc8000Sticker_1x2_01" ParentFrame="BoneSunshieldLeft_cdt" />
		</AddonSockets>
		<AddonSockets>
			<Socket InCockpit="true" Names="gmc8000Sticker_1x2_02" ParentFrame="BoneSunshieldRight_cdt" />
		</AddonSockets>
		<AddonSockets>
			<Socket InCockpit="true" Names="gmc8000Sticker_1x4_01" ParentFrame="BoneCabinRagdoll_cdt" />
		</AddonSockets>
		<AddonSockets>
			<Socket InCockpit="true" Names="gmc8000Sticker_GlassTop" ParentFrame="BoneCabinRagdoll_cdt" />
		</AddonSockets>
		<AddonSockets>
			<Socket InCockpit="true" Names="gmc8000Sticker_GlassBottom" ParentFrame="BoneCabinRagdoll_cdt" />
		</AddonSockets>
		<AddonSockets>
			<Socket Names="gmc8000Sticker_Door_L" ParentFrame="BoneCabinRagdoll_cdt" />
		</AddonSockets>
		<AddonSockets>
			<Socket Names="gmc8000Sticker_Door_R" ParentFrame="BoneCabinRagdoll_cdt" />
		</AddonSockets>
		<AddonSockets>
			<Socket Names="gmc8000Sticker_Roof" ParentFrame="BoneCabinRagdoll_cdt" />
		</AddonSockets>
		<AddonSockets>
			<Socket Names="gmc8000Sticker_Capote" ParentFrame="BoneCabinRagdoll_cdt" />
		</AddonSockets>
		<AddonSockets>
			<Socket
				InCockpit="true"
				Names="StuffDashboard"
				Offset="(1.13; 1.903; -0.16)"
				ParentFrame="BoneCabinRagdoll_cdt"
			/>
		</AddonSockets>
		<AddonSockets>
			<Socket InCockpit="true" Names="StuffAirfreshener" Offset="(0.885; 2.411; 0.203)" ParentFrame="BoneCabinRagdoll_cdt" />
			<Socket InCockpit="true" Names="StuffCurtainGmc8000" ParentFrame="BoneCabinRagdoll_cdt" />
		</AddonSockets>
		<AddonSockets>
			<Socket Names="StuffHoodGmc8000" ParentFrame="BoneCabinRagdoll_cdt" />
		</AddonSockets>
	</GameData>
	<ControlledConstraints>
		<Constraint Id="chassis_steer" IsLinkedSteering="true" Name="TieRodSteer" />
	</ControlledConstraints>
	<AutomaticIK>
		<IKBone ModelFrame="BonePistonBase" ParentFrame="BoneCabin_cdt">
			<IKJoint AxisLocal="(0; 0; 1)" Type="Hinge" />
			<IKBone
				AttachOffset="(0; 0; 0)"
				AttachToFrame="BoneTieRod_cdt"
				ModelFrame="BonePiston"
			>
				<IKJoint AxisLocal="(1; 0; 0)" Type="Slider" />
			</IKBone>
		</IKBone>
		<IKBone ModelFrame="BoneTieRodHinge2" ParentFrame="BoneTieRod_cdt">
			<IKJoint AxisLocal="(1; 0; 0)" Type="Hinge2" />
			<IKBone
				AttachOffset="(0; 0; 0)"
				AttachToFrame="BoneRackLeft"
				ModelFrame="BoneTieRodPrismatic"
			>
				<IKJoint AxisLocal="(1; 0; 0)" Type="Slider" />
			</IKBone>
		</IKBone>
	</AutomaticIK>
</Truck>
