<_parent File="ws_6900xd_twin_bumper_1" />
<TruckAddon>
	<TruckData>
		<Damage>
			<Multiplier Multiplier="0.1" Type="Engine" />
		</Damage>
	</TruckData>
	<PhysicsModel Mesh="trucks/ws_6900xd_twin_tuning/ws_6900xd_twin_bumper_3" />
	<ModelAttachments _noinherit="true" />
	<GameData
		Price="1200"
		UnlockByExploration="false"
		UnlockByRank="9"
	>
		<UiDesc
			UiDesc="UI_TUNING_BUMPER_HINGED_DESC"
			UiIcon30x30=""
			UiIcon40x40=""
			UiName="UI_TUNING_BUMPER_HINGED_NAME"
		/>
		<WinchSocket Pos="(7.88; 0.94; 0.61)" />
		<WinchSocket Pos="(7.88; 0.94; -0.61)" />
		<CraneSocket Pos="(7.88; 0.94; 0.61)" />
		<CraneSocket Pos="(7.88; 0.94; -0.61)" />
		<InstallSocket Type="WS6900XDTwinBumper3" />
	</GameData>
</TruckAddon>
