<_templates Include="trucks">
	<TruckTire>
		<Mudtires _template="Superheavy">
			<WheelTracks _template="Offroad" />
			<WheelSoftness _template="Soft" />
			<WheelFriction _template="HeavyMudtires" />
		</Mudtires>
	</TruckTire>
</_templates>
<TruckWheels DamageCapacity="60" Radius="1" Width="1">
	<TruckTires>
		<TruckTire _template="Mudtires" Mesh="wheels/tire_zikz_605r_1" Name="mudtires_zikz605r_1">
			<WheelFriction _template="Offroad" BodyFriction="2.7" SubstanceFriction="2.4"/>
			<GameData
				Price="7500"
				UnlockByExploration="false"
				UnlockByRank="1"
			>
				<UiDesc UiDesc="UI_TIRE_SUPERHEAVY_MUDTIRES_ZIKZ605_DESC" UiName="UI_TIRE_SUPERHEAVY_MUDTIRES_ZIKZ605_NAME" />
			</GameData>
		</TruckTire>
		<TruckTire _template="Mudtires" Mesh="wheels/tire_zikz_605r_1" Name="mudtires_zikz605r_2">
			<WheelFriction IsIgnoreIce="true" BodyFriction="2.7" SubstanceFriction="2.4"/>
			<GameData
				Price="9535"
				UnlockByExploration="false"
				UnlockByRank="1"
			>
				<UiDesc UiDesc="UI_TIRE_SUPERHEAVY_MUDTIRES_ZIKZ605_STUDDED_DESC" UiName="UI_TIRE_SUPERHEAVY_MUDTIRES_ZIKZ605_STUDDED_NAME" />
			</GameData>
		</TruckTire>
	</TruckTires>
	<TruckRims>
		<TruckRim Mesh="wheels/rim_zikz_605r_1" Name="rim_1">
			<GameData>
				<UiDesc UiDesc="UI_RIM_SUPERHEAVY_MUDTIRES_ZIKZ605_DESC" UiName="UI_RIM_SUPERHEAVY_MUDTIRES_ZIKZ605_NAME" />
			</GameData>
		</TruckRim>
	</TruckRims>
</TruckWheels>
