<_templates Include="trucks">
	<TruckTire>
		<Mudtires _template="Heavy">
			<WheelTracks _template="Offroad" />
			<WheelSoftness _template="Average" />
			<WheelFriction _template="HeavyMudtires" />
		</Mudtires>
	</TruckTire>
</_templates>
<TruckWheels DamageCapacity="30" Radius="1" Width="0.78">
	<TruckTires>
		<TruckTire _template="Mudtires" Mesh="wheels/tatra_t813_tire" Name="tire">
			<WheelFriction _template="Offroad" BodyFriction="2.7" SubstanceFriction="2.3"/>
			<GameData
				Price="7500"
				UnlockByExploration="false"
				UnlockByRank="1"
			>
				<UiDesc UiDesc="UI_TIRE_MUDTIRES_813_1_DESC" UiName="UI_TIRE_MUDTIRES_813_1_NAME" />
			</GameData>
		</TruckTire>
		<TruckTire DamageCapacity="35" _template="Mudtires" Mesh="wheels/tire_heavy_offroad_single_4" Name="offroad_2">
			<WheelFriction _template="Mudtires" BodyFriction="2.4" SubstanceFriction="2.7"/>
			<GameData
				Price="6200"
				UnlockByExploration="false"
				UnlockByRank="11"
			>
				<UiDesc UiDesc="UI_TIRE_HEAVY_OFFROAD_SINGLE_2_DESC" UiName="UI_TIRE_HEAVY_OFFROAD_SINGLE_4_NAME" />
			</GameData>
		</TruckTire>
	</TruckTires>
	<TruckRims>
		<TruckRim Mesh="wheels/tatra_t813_rim" Name="rim">
			<GameData>
				<UiDesc UiDesc="UI_RIM_SUPERHEAVY_MUDTIRES_1_DESC" UiName="UI_RIM_SUPERHEAVY_MUDTIRES_1_NAME" />
			</GameData>
		</TruckRim>
		<!--<TruckRim Mesh="wheels/rim_tatra_phoenix" Name="rim_1">
			<GameData>
				<UiDesc UiDesc="UI_RIM_SUPERHEAVY_MUDTIRES_1_DESC" UiName="UI_RIM_SUPERHEAVY_MUDTIRES_1_NAME" />
			</GameData>
		</TruckRim>-->
		<!--<TruckRim Mesh="wheels/rim_heavy_offroad_single_1" Name="rim_2">
			<GameData>
				<UiDesc UiDesc="UI_RIM_HEAVY_OFFROAD_SINGLE_1_DESC" UiName="UI_RIM_HEAVY_OFFROAD_SINGLE_1_NAME" />
			</GameData>
		</TruckRim>
		<TruckRim Mesh="wheels/rim_heavy_offroad_single_2" Name="rim_3">
			<GameData>
				<UiDesc UiDesc="UI_RIM_HEAVY_OFFROAD_SINGLE_2_DESC" UiName="UI_RIM_HEAVY_OFFROAD_SINGLE_2_NAME" />
			</GameData>
		</TruckRim>-->
	</TruckRims>
</TruckWheels>
