<_templates Include="trucks" />
<TruckAddon>
	<WheelRepairsHide>
		<Mesh Frame="wheel" HideThreshold="0.0" />
	</WheelRepairsHide>
	<TruckData WheelRepairsCapacity="1" />
	<PhysicsModel Mesh="trucks/tuz_166_tuning/tuz_166_rear_bumper_spare_wheel">
		<Body ImpactType="Truck" Mass="50" _template="Gravity">
			<Constraint Type="Rigid" />
		</Body>
	</PhysicsModel>
	<GameData
		CameraPreset="rear"
		Category="rear"
		Price="1500"
		UnlockByExploration="false"
		UnlockByRank="14"
	>
		<UiDesc
			UiDesc="UI_TUNING_REAR_BUMPER_STOCK_DESC"
			UiIcon30x30=""
			UiIcon40x40=""
			UiName="UI_TUNING_REAR_BUMPER_SPAREWHEEL_NAME"
		/>
		<InstallSocket Type="Tuz166RearBumperSpareWheel" />
	</GameData>
</TruckAddon>
