<AmbientSounds>
	<Volume Min="0.6" Max="0.6" FadeTime="3.0"/>
	<Interval Min="1.0" Max="1.0" />
	<DayForest Sound="amb/amb_ru_summer/amb_ru_summer_day_forest_loop">
		<RandomSet
			Sound="amb/amb_ru_summer/amb_ru_summer_day_forest_birds/amb_ru_summer_day_forest_birds_rnd"
			MinRadius = "10"
			MaxRadius = "35"
			MinInterval = "3"
			MaxInterval = "10"
			MinVolume = "0.5"
			MaxVolume = "1"
			WeatherIntensityThreshold="0.6"
		/>
		<RandomSet
			Sound="amb/amb_ru_summer/amb_ru_summer_day_forest_crow/amb_ru_summer_day_forest_crow_rnd"
			MinRadius = "10"
			MaxRadius = "35"
			MinInterval = "25"
			MaxInterval = "55"
			MinVolume = "0.8"
			MaxVolume = "1.0"
			WeatherIntensityThreshold="0.6"
		/>
		<RandomSet
			Sound="amb/amb_ru_summer/amb_ru_summer_day_forest_cuckoo/amb_ru_summer_day_forest_cuckoo_rnd"
			MinRadius = "10"
			MaxRadius = "65"
			MinInterval = "4"
			MaxInterval = "20"
			MinVolume = "0.7"
			MaxVolume = "1.0"
			WeatherIntensityThreshold="0.6"
		/>
		<RandomSet
			Sound="amb/amb_us_summer/amb_us_summer_day_forest_insects/amb_us_summer_day_forest_insects_rnd"
			MinRadius = "5"
			MaxRadius = "25"
			MinInterval = "2"
			MaxInterval = "8"
			MinVolume = "0.6"
			MaxVolume = "1.0"
			WeatherIntensityThreshold="0.6"
		/>
		<RandomSet
			Sound="amb/amb_ru_summer/amb_ru_summer_day_forest_insects/amb_ru_summer_day_forest_insects_rnd"
			MinRadius = "10"
			MaxRadius = "35"
			MinInterval = "5"
			MaxInterval = "15"
			MinVolume = "0.5"
			MaxVolume = "1.0"
			WeatherIntensityThreshold="0.6"
		/>
		<RandomSet
			Sound="amb/amb_ru_summer/amb_ru_summer_day_forest_magpie/amb_ru_summer_day_forest_magpie_rnd"
			MinRadius = "10"
			MaxRadius = "35"
			MinInterval = "35"
			MaxInterval = "55"
			MinVolume = "0.5"
			MaxVolume = "1.0"
		/>
		<RandomSet
			Sound="amb/amb_us_autumn/amb_us_autumn_day_forest_crow/amb_us_autumn_day_forest_crow_rnd"
			MinRadius = "10"
			MaxRadius = "55"
			MinInterval = "25"
			MaxInterval = "45"
			MinVolume = "0.8"
			MaxVolume = "1.0"
			WeatherIntensityThreshold="0.6"
		/>
		<RandomSet
			Sound="amb/amb_ru_summer/amb_ru_summer_day_forest_trees/amb_ru_summer_day_forest_trees_rnd"
			MinRadius = "5"
			MaxRadius = "25"
			MinInterval = "15"
			MaxInterval = "45"
			MinVolume = "0.6"
			MaxVolume = "1.0"
		/>
		<RandomSet
			Sound="actors/actor_bird_woodpecker_rnd_set/actor_bird_woodpecker_rnd"
			MinRadius = "10"
			MaxRadius = "55"
			MinInterval = "2"
			MaxInterval = "19"
			MinVolume = "0.7"
			MaxVolume = "1.0"
			WeatherIntensityThreshold="0.6"
		/>
		<RandomSet
			Sound="amb/amb_us_winter/amb_us_winter_day_woodpecker_rnd_set/amb_us_winter_day_woodpecker_rnd"
			MinRadius = "10"
			MaxRadius = "35"
			MinInterval = "15"
			MaxInterval = "55"
			MinVolume = "0.7"
			MaxVolume = "1.0"
			WeatherIntensityThreshold="0.6"
		/>
	</DayForest>
	<DayWind Sound="amb/amb_us_autumn/amb_us_autumn_day_wind_loop">
		<RandomSet
			Sound="amb/amb_us_autumn/amb_us_autumn_day_forest_crow/amb_us_autumn_day_forest_crow_rnd"
			MinRadius = "20"
			MaxRadius = "55"
			MinInterval = "15"
			MaxInterval = "35"
			MinVolume = "0.5"
			MaxVolume = "1.0"
			WeatherIntensityThreshold="0.6"
		/>
		<RandomSet
			Sound="amb/amb_us_winter/amb_us_winter_day_crow_rnd_set/amb_us_winter_day_crow_rnd"
			MinRadius = "10"
			MaxRadius = "40"
			MinInterval = "15"
			MaxInterval = "35"
			MinVolume = "0.6"
			MaxVolume = "1.0"
			WeatherIntensityThreshold="0.6"
		/>
		<RandomSet
			Sound="amb/amb_ru_summer/amb_ru_summer_day_field_birds/amb_ru_summer_day_field_birds_rnd"
			MinRadius = "10"
			MaxRadius = "35"
			MinInterval = "4"
			MaxInterval = "6"
			MinVolume = "0.5"
			MaxVolume = "0.9"
			WeatherIntensityThreshold="0.6"
		/>
		<RandomSet
			Sound="amb/amb_ru_summer/amb_ru_summer_day_field_swallow/amb_ru_summer_day_field_swallow_rnd"
			MinRadius = "10"
			MaxRadius = "35"
			MinInterval = "3"
			MaxInterval = "15"
			MinVolume = "0.7"
			MaxVolume = "1"
			WeatherIntensityThreshold="0.6"
		/>
	</DayWind>
	<NightForest Sound="amb/amb_ru_summer/amb_ru_summer_night_forest_loop">
		<RandomSet
			Sound="amb/amb_us_autumn/amb_us_autumn_night_forest_birds/amb_us_autumn_night_forest_birds_rnd"
			MinRadius = "18"
			MaxRadius = "55"
			MinInterval = "15"
			MaxInterval = "40"
			MinVolume = "0.5"
			MaxVolume = "1.0"
			WeatherIntensityThreshold="0.6"
		/>
		<RandomSet
			Sound="amb/amb_us_autumn/amb_us_autumn_night_forest_tree/amb_us_autumn_night_forest_tree_rnd"
			MinRadius = "8"
			MaxRadius = "25"
			MinInterval = "15"
			MaxInterval = "45"
			MinVolume = "0.8"
			MaxVolume = "1.0"
		/>
		<RandomSet
			Sound="amb/amb_us_autumn/amb_us_autumn_night_wind_wolf/amb_us_autumn_night_wind_wolf_rnd"
			MinRadius = "20"
			MaxRadius = "55"
			MinInterval = "35"
			MaxInterval = "65"
			MinVolume = "0.9"
			MaxVolume = "1.0"
		/>
	</NightForest>
	<NightWind Sound="amb/amb_us_autumn/amb_us_autumn_night_wind_loop">
		<RandomSet
			Sound="amb/amb_ru_summer/amb_ru_summer_night_forest_owl/amb_ru_summer_night_forest_owl_rnd"
			MinRadius = "10"
			MaxRadius = "45"
			MinInterval = "35"
			MaxInterval = "55"
			MinVolume = "0.3"
			MaxVolume = "0.8"
			WeatherIntensityThreshold="0.6"
		/>
	</NightWind>
	<WaterFlow
		Sound2D="amb/amb_river_medium_rnd_set/amb_river_medium_near_loop"
		Sound3D="amb/amb_river_medium_rnd_set/amb_river_medium_far_loop"
		MaxDist="150"
		Dist2D="0"
		Dist3D="45"
	/>
</AmbientSounds>
