<_templates Include="trucks" />
<TruckAddon>
	<WheelRepairsHide>
		<Mesh Frame="wheel" HideThreshold="0.0" />
	</WheelRepairsHide>
	<TruckData 
		WheelRepairsCapacity="1" 
		RepairsCapacity="100"
	/>
	<PhysicsModel Mesh="trucks/tuz_16_actaeon_tuning/tuz_16_actaeon_wheel_addon_1">
		<Body ImpactType="Truck" Mass="130" ModelFrame="BoneCabin_cdt" _template="Gravity">
			<Constraint Type="Fixed" />
		</Body>
	</PhysicsModel>
	<GameData
		CameraPreset="addon_2"
		Category="wheel_addon"
		Price="2100"
		UnlockByExploration="false"
		UnlockByRank="1"
	>
		<UiDesc
			UiDesc="UI_TUNING_SPARE_WHEEL_DESC"
			UiIcon30x30=""
			UiIcon40x40=""
			UiName="UI_TUNING_SPARE_WHEEL_NAME"
		/>
		<InstallSocket Type="tuz_16_actaeonWheelAddon" />
	</GameData>
</TruckAddon>
