<_templates Include="trucks">
	<TruckTire>
		<ScoutOffroad _template="Light">
			<WheelTracks _template="Offroad" />
			<WheelSoftness _template="ScoutDefault" />
			<WheelFriction _template="ScoutOffroad" />
		</ScoutOffroad>
		<ScoutMudtires _template="Light">
			<WheelTracks _template="Offroad" />
			<WheelSoftness _template="ScoutSoft" />
			<WheelFriction _template="ScoutMudtires" />
		</ScoutMudtires>
		<ScoutChains _template="Light">
			<WheelTracks _template="Offroad" />
			<WheelSoftness _template="ScoutDefault" />
			<WheelFriction _template="ScoutChains" />
		</ScoutChains>
		<ScoutAllterrain _template="Light">
			<WheelTracks _template="Default" />
			<WheelSoftness _template="ScoutStiff" />
			<WheelFriction _template="ScoutAllterrain" />
		</ScoutAllterrain>
		<Mudtires _template="Light">
			<WheelTracks _template="Offroad" />
			<WheelSoftness _template="ScoutDefault" />
			<WheelFriction _template="HeavyMudtires" />
		</Mudtires>
	</TruckTire>
</_templates>
<TruckWheels DamageCapacity="18" Radius="1" Width="0.66">
	<TruckTires>
		<TruckTire _template="Light" Mesh="wheels/tire_scout_offroad2_hummer_h2" Name="bfg">
			<WheelTracks _template="Offroad" />
			<WheelSoftness _template="ScoutDefault" />
			<WheelFriction _template="ScoutOffroad" />
			<GameData
				Price="4500"
				UnlockByExploration="false"
				UnlockByRank="3"
			>
				<UiDesc UiDesc="UI_TIRE_HUMMER_H2_DESC" UiName="UI_TIRE_HUMMER_H2_NAME" />
			</GameData>
		</TruckTire>
		<TruckTire _template="ScoutAllterrain" Mesh="wheels/tire_scout_offroad_1" Name="allterrain_1">
			<WheelFriction _template="ScoutOffroad" BodyFriction="2.0" SubstanceFriction="1.7" />
			<GameData
				Price="2300"
				UnlockByExploration="false"
				UnlockByRank="2"
			>
				<UiDesc UiDesc="UI_TIRE_SCOUT_ALLTERRAIN_1_DESC" UiName="UI_TIRE_SCOUT_ALLTERRAIN_1_NAME" />
			</GameData>
		</TruckTire>
		<TruckTire _template="ScoutAllterrain" Mesh="wheels/tire_scout_offroad_2" Name="allterrain_2">
			<WheelFriction _template="Mudtires" BodyFriction="2.7" SubstanceFriction="1.8" />
			<GameData
				Price="2500"
				UnlockByExploration="false"
				UnlockByRank="2"
			>
				<UiDesc UiDesc="UI_TIRE_SCOUT_ALLTERRAIN_2_DESC" UiName="UI_TIRE_SCOUT_ALLTERRAIN_2_NAME" />
			</GameData>
		</TruckTire>
		<TruckTire _template="ScoutAllterrain" Mesh="wheels/tire_scout_offroad_3" Name="allterrain_3">
			<WheelFriction _template="ScoutAllterrain" />
			<GameData
				Price="2900"
				UnlockByExploration="false"
				UnlockByRank="2"
			>
				<UiDesc UiDesc="UI_TIRE_SCOUT_ALLTERRAIN_3_DESC" UiName="UI_TIRE_SCOUT_ALLTERRAIN_3_NAME" />
			</GameData>
		</TruckTire>
		<TruckTire _template="ScoutOffroad" Mesh="wheels/tire_scout_offroad_4" Name="offroad_1">
			<WheelFriction _template="ScoutMudtires" SubstanceFriction="3.1"/>
			<GameData
				Price="4200"
				UnlockByExploration="false"
				UnlockByRank="4"
			>
				<UiDesc UiDesc="UI_TIRE_SCOUT_OFFROAD_DESC" UiName="UI_TIRE_SCOUT_OFFROAD_1_NAME" />
			</GameData>
		</TruckTire>
		<TruckTire _template="ScoutMudtires" Mesh="wheels/tire_heavy_offroad_single_4" Name="offroad_2">
			<WheelFriction _template="Mudtires"  BodyFriction="2.4" SubstanceFriction="2.9"/>
			<WheelSoftness _template="ScoutDefault" />
			<GameData
				Price="6200"
				UnlockByExploration="false"
				UnlockByRank="11"
			>
				<UiDesc UiDesc="UI_TIRE_SCOUT_MT117_DESC" UiName="UI_TIRE_SCOUT_MT117_NAME" />
			</GameData>
		</TruckTire>
		<TruckTire _template="ScoutMudtires" Mesh="wheels/tire_ank_mk38_1" Name="offroad_4">
			<WheelFriction _template="Mudtires"  BodyFriction="3.0" SubstanceFriction="2.4"/>
			<WheelSoftness _template="ScoutDefault" />
			<GameData
				Price="3775"
				UnlockByExploration="false"
				UnlockByRank="10"
			>
				<UiDesc UiDesc="UI_TIRE_SCOUT_IRONMAN_DESC" UiName="UI_TIRE_SCOUT_IRONMAN_NAME" />
			</GameData>
		</TruckTire>
		<!--<TruckTire _template="Mudtires" Mesh="wheels/tire_zikz_605r_1" Name="offroad_6">
			<WheelFriction _template="ScoutOffroad" BodyFriction="2.0" SubstanceFriction="2.0" />
			<GameData
				Price="1525"
				UnlockByExploration="false"
				UnlockByRank="1"
			>
				<UiDesc UiDesc="UI_TIRE_MEDIUM_MUDTIRES_SINGLE_ACTAEON_2_DESC" UiName="AT-TX" />-->
				<!--<UiDesc UiDesc="UI_TIRE_MEDIUM_MUDTIRES_SINGLE_ACTAEON_2_DESC" UiName="UI_TIRE_MEDIUM_MUDTIRES_SINGLE_ACTAEON_2_NAME" />-->
			<!--</GameData>
		</TruckTire>-->
		<TruckTire _template="ScoutMudtires" Mesh="wheels/tire_scout_mudtires_1" Name="mudtires_1" Width="0.797">
			<WheelFriction _template="ScoutMudtires" BodyFriction="1.8" SubstanceFriction="3.0" />
			<GameData
				Price="5100"
				UnlockByExploration="false"
				UnlockByRank="7"
			>
				<UiDesc UiDesc="UI_TIRE_SCOUT_MUDTIRES_DESC" UiName="UI_TIRE_SCOUT_MUDTIRES_1_NAME" />
			</GameData>
		</TruckTire>
		<TruckTire _template="Mudtires" Mesh="wheels/tire_dlc8_offroad_single_1" Name="mudtires_2">
			<WheelFriction _template="Mudtires" BodyFriction="1.7" SubstanceFriction="3.1"/>
			<GameData
				Price="8500"
				UnlockByExploration="false"
				UnlockByRank="15"
			>
				<UiDesc UiDesc="UI_DLC_TIRE_HEAVY_MUDTIRES_SINGLE_1_DESC" UiName="UI_DLC_TIRE_HEAVY_MUDTIRES_SINGLE_1_NAME" />
			</GameData>
		</TruckTire>
		<TruckTire _template="Mudtires" Mesh="wheels/tire_dlc8_offroad_single_2" Name="mudtires_3">
			<WheelFriction _template="Mudtires" BodyFriction="2.4" SubstanceFriction="2.6"/>
			<GameData
				Price="7900"
				UnlockByExploration="false"
				UnlockByRank="14"
			>
				<UiDesc UiDesc="UI_DLC_TIRE_HEAVY_MUDTIRES_SINGLE_2_DESC" UiName="UI_DLC_TIRE_HEAVY_MUDTIRES_SINGLE_2_NAME" />
			</GameData>
		</TruckTire>
		<TruckTire _template="Mudtires" Mesh="wheels/tire_dlc8_offroad_single_3" Name="mudtires_4">
			<WheelFriction _template="Mudtires" BodyFriction="2.0" SubstanceFriction="2.5"/>
			<GameData
				Price="7500"
				UnlockByExploration="false"
				UnlockByRank="14"
			>
				<UiDesc UiDesc="UI_DLC_TIRE_HEAVY_MUDTIRES_SINGLE_3_DESC" UiName="UI_DLC_TIRE_HEAVY_MUDTIRES_SINGLE_3_NAME" />
			</GameData>
		</TruckTire>
		<TruckTire _template="Light" Mesh="wheels/tire_land_rover_defender_90" Name="offroad_3">
			<WheelTracks _template="Offroad" />
			<WheelSoftness _template="ScoutDefault" />
			<WheelFriction _template="ScoutOffroad" />
			<GameData
				Price="4500"
				UnlockByExploration="false"
				UnlockByRank="6"
			>
				<UiDesc UiDesc="UI_TIRE_LAND_ROVER_DESC" UiName="UI_TIRE_LAND_ROVER_NAME" />
			</GameData>
		</TruckTire>
		<TruckTire _template="ScoutChains" Mesh="wheels/tire_scout_chain_1" Name="chain_1" Width="0.72">
			<GameData
				Price="5700"
				UnlockByExploration="false"
				UnlockByRank="10"
			>
				<UiDesc UiDesc="UI_TIRE_CHAINS_DESC" UiName="UI_TIRE_SCOUT_CHAIN_1_NAME" />
			</GameData>
		</TruckTire>
	</TruckTires>
	<TruckRims>
		<TruckRim Mesh="wheels/rim_scout_offroad_1" Name="rim_1">
			<GameData>
				<UiDesc UiDesc="UI_RIM_SCOUT_OFFROAD_1_DESC" UiName="UI_RIM_SCOUT_OFFROAD_1_NAME" />
			</GameData>
		</TruckRim>
		<TruckRim Mesh="wheels/rim_scout_offroad_2" Name="rim_2">
			<GameData>
				<UiDesc UiDesc="UI_RIM_SCOUT_OFFROAD_2_DESC" UiName="UI_RIM_SCOUT_OFFROAD_2_NAME" />
			</GameData>
		</TruckRim>
		<!-- New Rims -->
		<TruckRim Mesh="wheels/rim_scout_offroad_10" Name="JAT OS I">
			<GameData>
				<UiDesc UiDesc="UI_RIM_JAT_DESC" UiName="UI_RIM_SCOUT_OFFROAD_10_NAME" />
			</GameData>
		</TruckRim>
		<TruckRim Mesh="wheels/rim_scout_offroad_11" Name="JAT OS II">
			<GameData>
				<UiDesc UiDesc="UI_RIM_JAT_DESC" UiName="UI_RIM_SCOUT_OFFROAD_11_NAME" />
			</GameData>
		</TruckRim>

		<!-- New Rims -->
		<TruckRim Mesh="wheels/rim_scout_allterrain_10" Name="Ultima AT I">
			<GameData>
				<UiDesc UiDesc="UI_RIM_SCOUT_OFFROAD_1_DESC" UiName="UI_RIM_SCOUT_ALLTERRAIN_10_NAME" />
			</GameData>
		</TruckRim>
        <TruckRim Mesh="wheels/rim_scout_allterrain_11" Name="Ultima AT II">
			<GameData>
				<UiDesc UiDesc="UI_RIM_SCOUT_OFFROAD_1_DESC" UiName="UI_RIM_SCOUT_ALLTERRAIN_11_NAME" />
			</GameData>
		</TruckRim>
		<TruckRim Mesh="wheels/rim_scout_allterrain_13" Name="Ultima AT III">
			<GameData>
				<UiDesc UiDesc="UI_RIM_SCOUT_OFFROAD_1_DESC" UiName="UI_RIM_SCOUT_ALLTERRAIN_12_NAME" />
			</GameData>
		</TruckRim>
		<TruckRim Mesh="wheels/rim_scout_allterrain_12" Name="Ultima AT IV">
			<GameData>
				<UiDesc UiDesc="UI_RIM_SCOUT_OFFROAD_1_DESC" UiName="UI_RIM_SCOUT_ALLTERRAIN_13_NAME" />
			</GameData>
		</TruckRim>
	</TruckRims>
</TruckWheels>
