<_templates Include="trucks">
	<TruckTire>
		<Offroad _template="Heavy">
			<WheelTracks _template="Offroad" />
			<WheelSoftness _template="Average" />
		</Offroad>
	</TruckTire>
</_templates>
<TruckWheels DamageCapacity="25" Radius="1" Width="0.65">
	<TruckTires>
		<!--<TruckTire _template="Offroad" Mesh="wheels/tire_zikz_605r_1" Name="mudtires_XXX">
			<GameData
				Price="7935"
				UnlockByExploration="false"
				UnlockByRank="18"
			>
				<UiDesc UiDesc="UI_TIRE_MEDIUM_MUDTIRES_SINGLE_ACTAEON_2_DESC" UiName="UI_TIRE_MEDIUM_MUDTIRES_SINGLE_ACTAEON_2_NAME" />
			</GameData>
		</TruckTire>-->
		<!--wheels_heavy_single are 0.65 elsewhere-->
		<TruckTire _template="Offroad" Mesh="wheels/tire_heavy_offroad_single_1" Name="allterrain_1">
			<WheelFriction _template="Allterrain" SubstanceFriction="1.3"/>
			<GameData
				Price="4900"
				UnlockByExploration="false"
				UnlockByRank="1"
			>
				<UiDesc UiDesc="UI_TIRE_HEAVY_ALLTERRAIN_SINGLE_1_DESC" UiName="UI_TIRE_HEAVY_ALLTERRAIN_SINGLE_1_NAME" />
			</GameData>
		</TruckTire>
		<!--<TruckTire _template="Offroad" Mesh="wheels/tire_scout_offroad_3" Name="allterrain_2">
			<WheelFriction _template="ScoutAllterrain" />
			<GameData
				Price="2935"
				UnlockByExploration="false"
				UnlockByRank="2"
			>
				<UiDesc UiDesc="UI_TIRE_SCOUT_ALLTERRAIN_3_DESC" UiName="UI_TIRE_SCOUT_ALLTERRAIN_3_NAME" />
			</GameData>
		</TruckTire>-->
		<!--<TruckTire _template="Offroad" Mesh="wheels/tire_heavy_offroad_single_2" Name="offroad_1">
			<WheelFriction _template="Allterrain" />
			<GameData
				Price="5900"
				UnlockByExploration="false"
				UnlockByRank="11"
			>
				<UiDesc UiDesc="UI_TIRE_HEAVY_OFFROAD_SINGLE_1_DESC" UiName="UI_TIRE_HEAVY_OFFROAD_SINGLE_1_NAME" />
			</GameData>
		</TruckTire>-->
		<TruckTire DamageCapacity="35" _template="Offroad" Mesh="wheels/tire_heavy_offroad_single_4" Name="offroad_2">
			<WheelFriction _template="Mudtires" BodyFriction="2.4" SubstanceFriction="2.7"/>
			<GameData
				Price="6200"
				UnlockByExploration="false"
				UnlockByRank="11"
			>
				<UiDesc UiDesc="UI_TIRE_HEAVY_OFFROAD_SINGLE_2_DESC" UiName="UI_TIRE_HEAVY_OFFROAD_SINGLE_4_NAME" />
			</GameData>
		</TruckTire>
		<TruckTire DamageCapacity="30" _template="Offroad" Mesh="wheels/tire_heavy_offroad_single_3" Name="mudtires_1">
			<WheelFriction _template="Offroad" BodyFriction="2.0" SubstanceFriction="1.8"/>
			<GameData
				Price="7000"
				UnlockByExploration="false"
				UnlockByRank="13"
			>
				<UiDesc UiDesc="UI_TIRE_HEAVY_MUDTIRES_1_DESC" UiName="UI_TIRE_HEAVY_MUDTIRES_SINGLE_1_NAME" />
			</GameData>
		</TruckTire>
		<!--↓ Moved to semitrailer_sideboard_4.xml ↓-->
		<!--<TruckTire DamageCapacity="2" _template="Offroad" Mesh="wheels/tire_dlc8_offroad_single_1" Name="mudtires_2">
			<WheelFriction _template="Mudtires" BodyFriction="1.7" BodyFrictionAsphalt="2.9" SubstanceFriction="3.1"/>
			<WheelSoftness _template="Soft" />
			<GameData
				Price="8500"
				UnlockByExploration="false"
				UnlockByRank="15"
			>
				<UiDesc UiDesc="UI_DLC_TIRE_HEAVY_MUDTIRES_SINGLE_1_DESC" UiName="UI_DLC_TIRE_HEAVY_MUDTIRES_SINGLE_1_NAME" />
			</GameData>
		</TruckTire>
		<TruckTire DamageCapacity="3" _template="Offroad" Mesh="wheels/tire_dlc8_offroad_single_2" Name="mudtires_3">
			<WheelFriction _template="Mudtires" BodyFriction="2.5" BodyFrictionAsphalt="2.9" SubstanceFriction="2.4"/>
			<WheelSoftness _template="Soft" />
			<GameData
				Price="7900"
				UnlockByExploration="false"
				UnlockByRank="14"
			>
				<UiDesc UiDesc="UI_DLC_TIRE_HEAVY_MUDTIRES_SINGLE_2_DESC" UiName="UI_DLC_TIRE_HEAVY_MUDTIRES_SINGLE_2_NAME" />
			</GameData>
		</TruckTire>
		<TruckTire DamageCapacity="3" _template="Offroad" Mesh="wheels/tire_dlc8_offroad_single_3" Name="mudtires_4">
			<WheelFriction _template="Mudtires" _template="Mudtires" BodyFrictionAsphalt="2.9" BodyFriction="2.0" SubstanceFriction="2.3"/>
			<WheelSoftness _template="Soft" />
			<GameData
				Price="7500"
				UnlockByExploration="false"
				UnlockByRank="14"
			>
				<UiDesc UiDesc="UI_DLC_TIRE_HEAVY_MUDTIRES_SINGLE_3_DESC" UiName="UI_DLC_TIRE_HEAVY_MUDTIRES_SINGLE_3_NAME" />
			</GameData>
		</TruckTire>-->
		<!--↑ Moved to semitrailer_sideboard_4.xml ↑-->
		<TruckTire DamageCapacity="45" _template="Offroad" Mesh="wheels/tire_scout_offroad_4" Name="mudtires_6">
			<WheelFriction _template="ScoutMudtires" SubstanceFriction="3.1"/>
			<GameData
				Price="14245"
				UnlockByExploration="false"
				UnlockByRank="17"
			>
				<UiDesc UiDesc="UI_TIRE_SCOUT_OFFROAD_DESC" UiName="UI_TIRE_SCOUT_OFFROAD_1_NAME" />
			</GameData>
		</TruckTire>
		<TruckTire _template="Offroad" Mesh="wheels/tire_heavy_chains_single_1" Name="chains_1">
			<WheelFriction _template="Chains" />
			<GameData
				Price="6800"
				UnlockByExploration="false"
				UnlockByRank="14"
			>
				<UiDesc UiDesc="UI_TIRE_CHAINS_DESC" UiName="UI_TIRE_HEAVY_CHAINS_SINGLE_1_NAME" />
			</GameData>
		</TruckTire>
	</TruckTires>
	<TruckRims>
<!-- - - - - - - - - -->
		<TruckRim Mesh="wheels/rim_medium_offroad_double_front_4" Name="rim_0">
			<GameData>
				<UiDesc UiDesc="UI_RIM_MEDIUM_OFFROAD_DOUBLE_4_DESC" UiName="UI_RIM_MEDIUM_OFFROAD_DOUBLE_4_NAME" />
			</GameData>
		</TruckRim>
<!-- - - - - - - - - -->
		<TruckRim Mesh="wheels/rim_heavy_offroad_single_1" Name="rim_1">
			<GameData>
				<UiDesc UiDesc="UI_RIM_HEAVY_OFFROAD_SINGLE_1_DESC" UiName="UI_RIM_HEAVY_OFFROAD_SINGLE_1_NAME" />
			</GameData>
		</TruckRim>
		<TruckRim Mesh="wheels/rim_heavy_offroad_single_2" Name="rim_2">
			<GameData>
				<UiDesc UiDesc="UI_RIM_HEAVY_OFFROAD_SINGLE_2_DESC" UiName="UI_RIM_HEAVY_OFFROAD_SINGLE_2_NAME" />
			</GameData>
		</TruckRim>
		<TruckRim Mesh="wheels/rim_tatra_phoenix" Name="rim_3">
			<GameData>
				<UiDesc UiDesc="UI_RIM_SUPERHEAVY_MUDTIRES_1_DESC" UiName="UI_RIM_SUPERHEAVY_MUDTIRES_1_NAME" />
			</GameData>
		</TruckRim>
		<TruckRim Mesh="wheels/rim_medium_offroad_double_front_3" Name="rim_4">
			<GameData>
				<UiDesc UiDesc="UI_RIM_MEDIUM_OFFROAD_DOUBLE_3_DESC" UiName="UI_RIM_MEDIUM_OFFROAD_DOUBLE_3_NAME" />
			</GameData>
		</TruckRim>
		<!-- New wheels -->
		<TruckRim Mesh="wheels/rim_heavy_mudtires_10_2" Name="JAT MHS I">
			<GameData>
				<UiDesc UiDesc="UI_RIM_JAT_DESC" UiName="UI_RIM_HEAVY_MUDTIRES_SINGLE_10_NAME" />
			</GameData>
		</TruckRim>
		<TruckRim Mesh="wheels/rim_heavy_mudtires_11_2" Name="JAT MHS II">
			<GameData>
				<UiDesc UiDesc="UI_RIM_JAT_DESC" UiName="UI_RIM_HEAVY_MUDTIRES_SINGLE_11_NAME" />
			</GameData>
		</TruckRim>
		<TruckRim Mesh="wheels/rim_heavy_mudtires_12_2" Name="JAT MHS III">
			<GameData>
				<UiDesc UiDesc="UI_RIM_JAT_DESC" UiName="UI_RIM_HEAVY_MUDTIRES_SINGLE_12_NAME" />
			</GameData>
		</TruckRim>
		<TruckRim Mesh="wheels/rim_heavy_mudtires_13_2" Name="JAT MHS IV">
			<GameData>
				<UiDesc UiDesc="UI_RIM_JAT_DESC" UiName="UI_RIM_HEAVY_MUDTIRES_SINGLE_13_NAME" />
			</GameData>
		</TruckRim>
	</TruckRims>
</TruckWheels>
