<_templates Include="trucks">
	<TruckTire>
		<Offroad _template="Heavy" RearMassScale="2">
			<WheelTracks _template="Offroad" />
			<WheelTracks _template="DefaultDouble" Rear="true" />
			<WheelSoftness _template="Stiff" />
			<WheelFriction _template="Offroad" />
		</Offroad>
	</TruckTire>
</_templates>
<TruckWheels
	DamageCapacity="25"
	Radius="1"
	Width="0.52"
	WidthRear="1.213"
>
	<TruckTires>
		<TruckTire _template="Offroad" Mesh="wheels/tire_heavy_offroad_double_1" Name="offroad_1">
			<WheelFriction _template="Offroad" BodyFriction="2.5" SubstanceFriction="1.8"/>
			<GameData
				Price="6800"
				UnlockByExploration="false"
				UnlockByRank="11"
			>
				<UiDesc UiDesc="UI_TIRE_HEAVY_OFFROAD_1_DESC" UiName="UI_TIRE_HEAVY_OFFROAD_DOUBLE_1_NAME" />
			</GameData>
		</TruckTire>
		<TruckTire _template="Offroad" Mesh="wheels/tire_heavy_offroad_double_2" Name="offroad_2">
			<WheelFriction _template="Offroad" BodyFriction="2.7" SubstanceFriction="1.5"/>
			<GameData
				Price="6200"
				UnlockByExploration="false"
				UnlockByRank="11"
			>
				<UiDesc UiDesc="UI_TIRE_HEAVY_OFFROAD_2_DESC" UiName="UI_TIRE_HEAVY_OFFROAD_DOUBLE_2_NAME" />
			</GameData>
		</TruckTire>
		<TruckTire _template="Offroad" Mesh="wheels/tire_heavy_offroad_double_3" Name="offroad_3">
			<WheelFriction _template="Offroad" BodyFriction="2.7" SubstanceFriction="1.4"/>
			<GameData
				Price="5900"
				UnlockByExploration="false"
				UnlockByRank="11"
			>
				<UiDesc UiDesc="UI_TIRE_HEAVY_OFFROAD_3_DESC" UiName="UI_TIRE_HEAVY_OFFROAD_DOUBLE_3_NAME" />
			</GameData>
		</TruckTire>
		<TruckTire _template="Offroad" Mesh="wheels/tire_heavy_chains_double_1" Name="chains_2">
			<WheelFriction _template="Chains" />
			<GameData
				Price="6800"
				UnlockByExploration="false"
				UnlockByRank="14"
			>
				<UiDesc UiDesc="UI_TIRE_CHAINS_DESC" UiName="UI_TIRE_HEAVY_CHAINS_DOUBLE_1_NAME" />
			</GameData>
		</TruckTire>
	</TruckTires>
	<TruckRims>
		<TruckRim Mesh="wheels/rim_heavy_offroad_double_1" Name="rim_1">
			<GameData>
				<UiDesc UiDesc="UI_RIM_HEAVY_OFFROAD_DOUBLE_1_DESC" UiName="UI_RIM_HEAVY_OFFROAD_DOUBLE_1_NAME" />
			</GameData>
		</TruckRim>
		<TruckRim Mesh="wheels/rim_heavy_offroad_double_2" Name="rim_2">
			<GameData>
				<UiDesc UiDesc="UI_RIM_HEAVY_OFFROAD_DOUBLE_2_DESC" UiName="UI_RIM_HEAVY_OFFROAD_DOUBLE_2_NAME" />
			</GameData>
		</TruckRim>
<!--		<TruckRim Mesh="wheels/rim_heavy_offroad_double_3" Name="rim_3">
			<GameData>
				<UiDesc UiDesc="UI_RIM_HEAVY_OFFROAD_DOUBLE_3_DESC" UiName="UI_RIM_HEAVY_OFFROAD_DOUBLE_3_NAME" />
			</GameData>
		</TruckRim> -->
		<TruckRim Mesh="wheels/rim_medium_offroad_double_1" Name="rim_offroad_1">
			<GameData>
				<UiDesc UiDesc="UI_RIM_MEDIUM_OFFROAD_DOUBLE_1_DESC" UiName="UI_RIM_MEDIUM_OFFROAD_DOUBLE_1_NAME" />
			</GameData>
		</TruckRim>
		<TruckRim Mesh="wheels/rim_medium_offroad_double_3" Name="rim_offroad_3">
			<GameData>
				<UiDesc UiDesc="UI_RIM_MEDIUM_OFFROAD_DOUBLE_3_DESC" UiName="UI_RIM_MEDIUM_OFFROAD_DOUBLE_3_NAME" />
			</GameData>
		</TruckRim>
		<TruckRim Mesh="wheels/rim_medium_offroad_double_4" Name="rim_offroad_4">
			<GameData>
				<UiDesc UiDesc="UI_RIM_MEDIUM_OFFROAD_DOUBLE_4_DESC" UiName="UI_RIM_MEDIUM_OFFROAD_DOUBLE_4_NAME" />
			</GameData>
		</TruckRim>
		<!-- New Rims -->
		<TruckRim Mesh="wheels/rim_heavy_offroad_double_10" Name="JAT OHD I">
			<GameData>
				<UiDesc UiDesc="UI_RIM_JAT_DESC" UiName="UI_RIM_HEAVY_OFFROAD_DOUBLE_10_NAME" />
			</GameData>
		</TruckRim>
		<TruckRim Mesh="wheels/rim_heavy_offroad_double_11" Name="JAT OHD II">
			<GameData>
				<UiDesc UiDesc="UI_RIM_JAT_DESC" UiName="UI_RIM_HEAVY_OFFROAD_DOUBLE_11_NAME" />
			</GameData>
		</TruckRim>
	</TruckRims>
</TruckWheels>
