<_templates Include="trucks">
	<TruckTire>
		<ScoutHighway _template="Light">
			<WheelTracks _template="Default" />
			<WheelSoftness _template="ScoutStiff" />
			<WheelFriction _template="ScoutHighway" />
		</ScoutHighway>
	</TruckTire>
</_templates>
<TruckWheels DamageCapacity="10" Radius="1" Width="0.509">
	<TruckTires>
		<TruckTire _template="ScoutHighway" Mesh="wheels/tire_scout_default1_1" Name="highway_1">
			<WheelFriction _template="ScoutHighway" BodyFriction="2.4" SubstanceFriction="1.1"/>
			<GameData
				Price="1000"
				UnlockByExploration="false"
				UnlockByRank="1"
			>
				<UiDesc UiDesc="UI_TIRE_SCOUT_HIGHWAY_1_DESC" UiName="UI_TIRE_SCOUT_HIGHWAY_1_NAME" />
			</GameData>
		</TruckTire>
		<TruckTire _template="ScoutHighway" Mesh="wheels/tire_scout_default1_2" Name="highway_2">
			<WheelFriction _template="ScoutHighway" BodyFriction="2.2" SubstanceFriction="1.2" />
			<GameData
				Price="1200"
				UnlockByExploration="false"
				UnlockByRank="1"
			>
				<UiDesc UiDesc="UI_TIRE_SCOUT_HIGHWAY_2_DESC" UiName="UI_TIRE_SCOUT_HIGHWAY_2_NAME" />
			</GameData>
		</TruckTire>
		<TruckTire _template="ScoutHighway" Mesh="wheels/tire_scout_default1_3" Name="highway_3">
			<WheelFriction _template="ScoutHighway" />
			<GameData
				Price="1400"
				UnlockByExploration="false"
				UnlockByRank="1"
			>
				<UiDesc UiDesc="UI_TIRE_SCOUT_HIGHWAY_3_DESC" UiName="UI_TIRE_SCOUT_HIGHWAY_3_NAME" />
			</GameData>
		</TruckTire>
<!---				<TruckTire _template="ScoutHighway" Mesh="wheels/invisible_tire" Name="invisible">
			<GameData
				Price="1300"
				UnlockByExploration="false"
				UnlockByRank="1"
			>
				<UiDesc UiDesc="UI_TIRE_HIGHWAY_DESC" UiName="UI_TIRE_SCOUT_HIGHWAY_3_NAME" />
			</GameData>
		</TruckTire>  -->      
	</TruckTires>
	<TruckRims>
		<TruckRim Mesh="wheels/rim_scout_default1_1" Name="rim_1">
			<GameData>
				<UiDesc UiDesc="UI_RIM_SCOUT_HIGHWAY_1_DESC" UiName="UI_RIM_SCOUT_HIGHWAY_1_NAME" />
			</GameData>
		</TruckRim>
		<TruckRim Mesh="wheels/rim_scout_default1_2" Name="rim_2">
			<GameData>
				<UiDesc UiDesc="UI_RIM_SCOUT_HIGHWAY_2_DESC" UiName="UI_RIM_SCOUT_HIGHWAY_2_NAME" />
			</GameData>
		</TruckRim>
<!---		<TruckRim Mesh="wheels/invisible_rim" Name="invisible">
			<GameData>
				<UiDesc UiDesc="UI_RIM_SCOUT_HIGHWAY_2_DESC" UiName="UI_RIM_SCOUT_HIGHWAY_2_NAME" />
			</GameData>
		</TruckRim>  -->
		<!-- New Rims -->
		<TruckRim Mesh="wheels/rim_scout_highway_10_2" Name="JAT HS I">
			<GameData>
				<UiDesc UiDesc="UI_RIM_JAT_DESC" UiName="UI_RIM_SCOUT_HIGHWAY_10_NAME" />
			</GameData>
		</TruckRim>
		<TruckRim Mesh="wheels/rim_scout_highway_11_2" Name="JAT HS II">
			<GameData>
				<UiDesc UiDesc="UI_RIM_JAT_DESC" UiName="UI_RIM_SCOUT_HIGHWAY_11_NAME" />
			</GameData>
		</TruckRim>
	</TruckRims>
</TruckWheels>
