<_templates Include="trucks">
	<TruckTire>
		<Mudtires _template="Heavy">
			<WheelTracks _template="Offroad" />
			<WheelSoftness _template="Average" />
			<WheelFriction _template="Mudtires" />
		</Mudtires>
	</TruckTire>
</_templates>
<TruckWheels DamageCapacity="70" Radius="1" Width="0.67">
	<TruckTires>
		<TruckTire _template="Mudtires" Mesh="wheels/tire_scout_btr_1" Name="offroad_btr_1">
			<WheelFriction _template="Mudtires" BodyFriction="3.0" SubstanceFriction="2.7" />
			<GameData
				Price="7200"
				UnlockByExploration="false"
				UnlockByRank="1"
			>
				<UiDesc UiDesc="UI_TIRE_SCOUT_BTR_1_DESC" UiName="UI_TIRE_SCOUT_BTR_1_NAME" />
			</GameData>
		</TruckTire>
		<TruckTire _template="Mudtires" Mesh="wheels/tire_scout_btr_1" Name="offroad_btr_2">
			<WheelFriction _template="Mudtires" BodyFriction="3.0" SubstanceFriction="2.7" IsIgnoreIce="true"/>
			<GameData
				Price="9835"
				UnlockByExploration="false"
				UnlockByRank="5"
			>
				<UiDesc UiDesc="UI_TIRE_SCOUT_BTR_1_DESC" UiName="UI_TIRE_SCOUT_BTR_1_NAME" />
			</GameData>
		</TruckTire>
		<!--<TruckTire _template="Mudtires" Mesh="wheels/tire_heavy_chains_double_1" Name="chains_2">
			<WheelFriction _template="Chains" />
			<GameData
				Price="6885"
				UnlockByExploration="false"
				UnlockByRank="1"
			>
				<UiDesc UiDesc="UI_TIRE_CHAINS_DESC" UiName="UI_TIRE_HEAVY_CHAINS_DOUBLE_1_NAME" />
			</GameData>
		</TruckTire> -->
	</TruckTires>
	<TruckRims>
		<TruckRim Mesh="wheels/rim_scout_btr_1" Name="rim_1">
			<GameData>
				<UiDesc UiDesc="UI_RIM_SCOUT_BTR_1_DESC" UiName="UI_RIM_SCOUT_BTR_1_NAME" />
			</GameData>
		</TruckRim>
	</TruckRims>
</TruckWheels>
