<_templates Include="trucks">
	<TruckTire>
		<Highway _template="Heavy" RearMassScale="2">
			<WheelTracks _template="Default" />
			<WheelTracks _template="DefaultDouble" Rear="true" />
			<WheelSoftness _template="Stiff" />
			<WheelFriction _template="Highway" />
		</Highway>
		<Allterrain _template="Heavy" RearMassScale="2">
			<WheelTracks _template="Default" />
			<WheelTracks _template="DefaultDouble" Rear="true" />
			<WheelSoftness _template="Stiff" />
			<WheelFriction _template="Allterrain" />
		</Allterrain>
		<Offroad _template="Heavy" RearMassScale="2">
			<WheelTracks _template="Default" />
			<WheelTracks _template="DefaultDouble" Rear="true" />
			<WheelSoftness _template="Stiff" />
			<WheelFriction _template="Offroad" />
		</Offroad>
		<Chains _template="Heavy" RearMassScale="2">
			<WheelTracks _template="Default" />
			<WheelTracks _template="DefaultDouble" Rear="true" />
			<WheelSoftness _template="Stiff" />
			<WheelFriction _template="Chains" />
		</Chains>     
	</TruckTire>
</_templates>
<TruckWheels
	DamageCapacity="30"
	Radius="1"
	Width="0.58"
	WidthRear="1.132"
>
	<TruckTires>
		<!--<TruckTire _template="Offroad" Mesh="wheels/tire_double_cat_770g" Name="new_1">
			<WheelFriction _template="Offroad" BodyFriction="2" SubstanceFriction="1.9" />
			<GameData
				Price="7900"
				UnlockByExploration="false"
				UnlockByRank="1"
			>
				<UiDesc UiDesc="UI_TIRE_MUDTIRES_SUPERHEAVY_CAT770G_DOUBLE_1_DESC" UiName="" />
			</GameData>
		</TruckTire>-->
		<TruckTire DamageCapacity="10" _template="Highway" Mesh="wheels/tire_medium_highway_double_1" Name="highway_1">
			<WheelFriction _template="Highway" SubstanceFriction="0.4"/>
			<GameData
				Price="3600"
				UnlockByExploration="false"
				UnlockByRank="1"
			>
				<UiDesc UiDesc="UI_TIRE_HIGHWAY_1_DESC" UiName="UI_TIRE_MEDIUM_HIGHWAY_DOUBLE_1_NAME" />
			</GameData>
		</TruckTire>
		<TruckTire DamageCapacity="10" _template="Highway" Mesh="wheels/tire_medium_highway_double_2" Name="highway_2">
			<WheelFriction _template="Highway" BodyFriction="1.2"/>
			<GameData
				Price="4000"
				UnlockByExploration="false"
				UnlockByRank="1"
			>
				<UiDesc UiDesc="UI_TIRE_HIGHWAY_2_DESC" UiName="UI_TIRE_MEDIUM_HIGHWAY_DOUBLE_2_NAME" />
			</GameData>
		</TruckTire>
		<TruckTire DamageCapacity="10" _template="Highway" Mesh="wheels/tire_medium_highway_double_3" Name="highway_3">
			<WheelFriction _template="Highway" />
			<GameData
				Price="4400"
				UnlockByExploration="false"
				UnlockByRank="1"
			>
				<UiDesc UiDesc="UI_TIRE_HIGHWAY_3_DESC" UiName="UI_TIRE_MEDIUM_HIGHWAY_DOUBLE_3_NAME" />
			</GameData>
		</TruckTire>
		<TruckTire DamageCapacity="15" _template="Allterrain" Mesh="wheels/tire_medium_allterrain_double_1" Name="allterrain_1">
			<WheelFriction _template="Allterrain" BodyFrictionAsphalt="1.9"/>
			<GameData
				Price="4900"
				UnlockByExploration="false"
				UnlockByRank="6"
			>
				<UiDesc UiDesc="UI_TIRE_ALLTERRAIN_1_DESC" UiName="UI_TIRE_MEDIUM_ALLTERRAIN_DOUBLE_1_NAME" />
			</GameData>
		</TruckTire>
		<TruckTire DamageCapacity="15" _template="Allterrain" Mesh="wheels/tire_medium_allterrain_double_2" Name="allterrain_2">
			<WheelFriction _template="Allterrain" SubstanceFriction="1.2"/>
			<GameData
				Price="5300"
				UnlockByExploration="false"
				UnlockByRank="6"
			>
				<UiDesc UiDesc="UI_TIRE_ALLTERRAIN_2_DESC" UiName="UI_TIRE_MEDIUM_ALLTERRAIN_DOUBLE_2_NAME" />
			</GameData>
		</TruckTire>
		<TruckTire DamageCapacity="15" _template="Allterrain" Mesh="wheels/tire_medium_allterrain_double_3" Name="allterrain_3">
			<WheelFriction _template="Allterrain" BodyFriction="1.7" SubstanceFriction="1.1"/>
			<GameData
				Price="5700"
				UnlockByExploration="false"
				UnlockByRank="6"
			>
				<UiDesc UiDesc="UI_TIRE_ALLTERRAIN_3_DESC" UiName="UI_TIRE_MEDIUM_ALLTERRAIN_DOUBLE_3_NAME" />
			</GameData>
		</TruckTire>
		<TruckTire DamageCapacity="18" _template="Offroad" Mesh="wheels/tire_medium_offroad_double_1" Name="offroad_1">
			<WheelFriction _template="Offroad" />
			<GameData
				Price="4900"
				UnlockByExploration="false"
				UnlockByRank="8"
			>
				<UiDesc UiDesc="UI_TIRE_MEDIUM_OFFROAD_1_DESC" UiName="UI_TIRE_OFFROAD_DOUBLE_1_NAME" />
			</GameData>
		</TruckTire>
		<TruckTire DamageCapacity="18" _template="Offroad" Mesh="wheels/tire_medium_offroad_double_2" Name="offroad_2">
			<WheelFriction _template="Offroad" SubstanceFriction="1.9"/>
			<GameData
				Price="5100"
				UnlockByExploration="false"
				UnlockByRank="8"
			>
				<UiDesc UiDesc="UI_TIRE_MEDIUM_OFFROAD_2_DESC" UiName="UI_TIRE_OFFROAD_DOUBLE_2_NAME" />
			</GameData>
		</TruckTire>
		<TruckTire DamageCapacity="18" _template="Offroad" Mesh="wheels/tire_medium_offroad_double_3" Name="offroad_3">
			<WheelFriction _template="Offroad" BodyFriction="3.2" SubstanceFriction="1.7" />
			<GameData
				Price="5700"
				UnlockByExploration="false"
				UnlockByRank="8"
			>
				<UiDesc UiDesc="UI_TIRE_MEDIUM_OFFROAD_3_DESC" UiName="UI_TIRE_OFFROAD_DOUBLE_3_NAME" />
			</GameData>
		</TruckTire>
		<TruckTire DamageCapacity="18" _template="Offroad" Mesh="wheels/tire_medium_chains_rear_double" Name="chains_rear">
			<WheelFriction _template="Chains" Rear="true"/>       
			<GameData
				Price="6100"
				UnlockByExploration="false"
				UnlockByRank="12"
			>
				<UiDesc UiDesc="UI_TIRE_CHAINS_DESC" UiName="UI_TIRE_CHAINS_REAR_DOUBLE_NAME" />
			</GameData>
		</TruckTire>
		<TruckTire _template="Chains" Mesh="wheels/tire_medium_chains_all_double" Name="chains_all">
			<GameData
				Price="6400"
				UnlockByExploration="false"
				UnlockByRank="12"
			>
				<UiDesc UiDesc="UI_TIRE_CHAINS_DESC" UiName="UI_TIRE_CHAINS_ALL_DOUBLE_NAME" />
			</GameData>
		</TruckTire>

	</TruckTires>
	<TruckRims>
		<TruckRim Mesh="wheels/rim_medium_highway_allterrain_double_1" Name="rim_1">
			<GameData>
				<UiDesc UiDesc="UI_RIM_MEDIUM_DOUBLE_1_DESC" UiName="UI_RIM_MEDIUM_DOUBLE_1_NAME" />
			</GameData>
		</TruckRim>
		<TruckRim Mesh="wheels/rim_medium_highway_allterrain_double_2" Name="rim_2">
			<GameData>
				<UiDesc UiDesc="UI_RIM_MEDIUM_DOUBLE_2_DESC" UiName="UI_RIM_MEDIUM_DOUBLE_2_NAME" />
			</GameData>
		</TruckRim>
		<TruckRim Mesh="wheels/rim_medium_highway_allterrain_double_3" Name="rim_3">
			<GameData>
				<UiDesc UiDesc="UI_RIM_MEDIUM_DOUBLE_3_DESC" UiName="UI_RIM_MEDIUM_DOUBLE_3_NAME" />
			</GameData>
		</TruckRim>
		<TruckRim Mesh="wheels/rim_medium_highway_allterrain_double_4" Name="rim_4">
			<GameData>
				<UiDesc UiDesc="UI_RIM_MEDIUM_DOUBLE_4_DESC" UiName="UI_RIM_MEDIUM_DOUBLE_4_NAME" />
			</GameData>
		</TruckRim>
		<TruckRim Mesh="wheels/rim_medium_highway_allterrain_double_5" Name="rim_5">
			<GameData>
				<UiDesc UiDesc="UI_RIM_MEDIUM_DOUBLE_5_DESC" UiName="UI_RIM_MEDIUM_DOUBLE_5_NAME" />
			</GameData>
		</TruckRim>
		<TruckRim Mesh="wheels/rim_medium_highway_allterrain_double_6" Name="rim_6">
			<GameData>
				<UiDesc UiDesc="UI_RIM_MEDIUM_DOUBLE_6_DESC" UiName="UI_RIM_MEDIUM_DOUBLE_6_NAME" />
			</GameData>
		</TruckRim>
		<TruckRim Mesh="wheels/rim_medium_offroad_double_1" Name="rim_offroad_1">
			<GameData>
				<UiDesc UiDesc="UI_RIM_MEDIUM_OFFROAD_DOUBLE_1_DESC" UiName="UI_RIM_MEDIUM_OFFROAD_DOUBLE_1_NAME" />
			</GameData>
		</TruckRim>
		<TruckRim Mesh="wheels/rim_medium_offroad_double_2" Name="rim_offroad_2">
			<GameData>
				<UiDesc UiDesc="UI_RIM_MEDIUM_OFFROAD_DOUBLE_2_DESC" UiName="UI_RIM_MEDIUM_OFFROAD_DOUBLE_2_NAME" />
			</GameData>
		</TruckRim>
		<TruckRim Mesh="wheels/rim_medium_offroad_double_3" Name="rim_offroad_3">
			<GameData>
				<UiDesc UiDesc="UI_RIM_MEDIUM_OFFROAD_DOUBLE_3_DESC" UiName="UI_RIM_MEDIUM_OFFROAD_DOUBLE_3_NAME" />
			</GameData>
		</TruckRim>
		<TruckRim Mesh="wheels/rim_medium_offroad_double_4" Name="rim_offroad_4">
			<GameData>
				<UiDesc UiDesc="UI_RIM_MEDIUM_OFFROAD_DOUBLE_4_DESC" UiName="UI_RIM_MEDIUM_OFFROAD_DOUBLE_4_NAME" />
			</GameData>
		</TruckRim>
		<!-- New Rims -->
		<TruckRim Mesh="wheels/rim_medium_highway_double_10" Name="JAT HD I">
			<GameData>
				<UiDesc UiDesc="UI_RIM_JAT_DESC" UiName="UI_RIM_HEAVY_HIGHWAY_DOUBLE_10_NAME" />
			</GameData>
		</TruckRim>
		<TruckRim Mesh="wheels/rim_medium_highway_double_11" Name="JAT HD II">
			<GameData>
				<UiDesc UiDesc="UI_RIM_JAT_DESC" UiName="UI_RIM_HEAVY_HIGHWAY_DOUBLE_11_NAME" />
			</GameData>
		</TruckRim>
	</TruckRims>
</TruckWheels>
