<_templates Include="trucks">
	<TruckTire>
		<Offroad _template="Heavy" >
			<WheelTracks _template="Default" />
			<WheelSoftness _template="Stiff" />
			<WheelFriction _template="Offroad" />
		</Offroad>
	</TruckTire>
</_templates>
<TruckWheels
	DamageCapacity="42"
	Radius="1"
	Width="0.706"
>
	<TruckTires>
		<TruckTire _template="Offroad" Mesh="wheels/tire_ank_mk38_1" Name="offroad_ank_nk38_1">
			<WheelFriction _template="Offroad" BodyFriction="3.0" SubstanceFriction="2.4"/>
			<GameData
				Price="5700"
				UnlockByExploration="false"
				UnlockByRank="1"
			>
				<UiDesc UiDesc="UI_TIRE_ANK_MK38_1_DESC" UiName="UI_TIRE_ANK_MK38_1_NAME" />
			</GameData>
		</TruckTire>
	</TruckTires>
	<TruckRims>
		<TruckRim Mesh="wheels/rim_ank_mk38_1" Name="rim_ank">
			<GameData>
				<UiDesc UiDesc="UI_RIM_ANK_MK38_1_DESC" UiName="UI_RIM_ANK_MK38_1_1_NAME" />
			</GameData>
		</TruckRim>
		<TruckRim Mesh="wheels/rim_heavy_offroad_single_1" Name="rim_b1">
			<GameData>
				<UiDesc UiDesc="UI_RIM_HEAVY_OFFROAD_SINGLE_1_DESC" UiName="UI_RIM_HEAVY_OFFROAD_SINGLE_1_NAME" />
			</GameData>
		</TruckRim>
		<TruckRim Mesh="wheels/rim_heavy_offroad_single_2" Name="rim_b2">
			<GameData>
				<UiDesc UiDesc="UI_RIM_HEAVY_OFFROAD_SINGLE_2_DESC" UiName="UI_RIM_HEAVY_OFFROAD_SINGLE_2_NAME" />
			</GameData>
		</TruckRim>
		<TruckRim Mesh="wheels/rim_tatra_phoenix" Name="rim_b3">
			<GameData>
				<UiDesc UiDesc="UI_RIM_SUPERHEAVY_MUDTIRES_1_DESC" UiName="UI_RIM_SUPERHEAVY_MUDTIRES_1_NAME" />
			</GameData>
		</TruckRim>
		<TruckRim Mesh="wheels/rim_medium_offroad_double_front_3" Name="rim_b4">
			<GameData>
				<UiDesc UiDesc="UI_RIM_MEDIUM_OFFROAD_DOUBLE_3_DESC" UiName="UI_RIM_MEDIUM_OFFROAD_DOUBLE_3_NAME" />
			</GameData>
		</TruckRim>
	</TruckRims>
</TruckWheels>
