<_templates Include="trucks">
	<TruckTire>
		<Offroad _template="Heavy">
			<WheelTracks _template="Offroad" />
			<WheelSoftness _template="Average" />
		</Offroad>
	</TruckTire>
</_templates>
<TruckWheels DamageCapacity="50" Radius="1" Width="0.78">
	<TruckTires>
		<TruckTire _template="Offroad" Mesh="wheels/tire_superheavy_mudtires_3" Name="mudtires_2">
			<WheelFriction _template="Mudtires" BodyFriction="2.0" SubstanceFriction="2.9"/>
			<GameData
				Price="7400"
				UnlockByExploration="false"
				UnlockByRank="13"
			>
				<UiDesc UiDesc="UI_TIRE_SUPERHEAVY_MUDTIRES_3_DESC" UiName="UI_TIRE_HEAVY_MUDTIRES_SINGLE_2_NAME" />
			</GameData>
		</TruckTire>
		<TruckTire _template="Offroad" Mesh="wheels/tire_superheavy_mudtires_4_cat745" Name="mudtires_3">
			<WheelFriction _template="Mudtires" BodyFriction="2.0" SubstanceFriction="2.6"/>
			<GameData
				Price="7700"
				UnlockByExploration="false"
				UnlockByRank="13"
			>
				<UiDesc UiDesc="UI_TIRE_SUPERHEAVY_MUDTIRES_4_DESC" UiName="UI_TIRE_HEAVY_MUDTIRES_SINGLE_3_NAME" />
			</GameData>
		</TruckTire>
		<!--<TruckTire _template="Offroad" Mesh="wheels/tire_scout_mudtires1_1" Name="mudtires_4">
			<WheelFriction _template="Mudtires" BodyFrictionAsphalt="3.9" BodyFriction="2.5" SubstanceFriction="3.0" />
			<GameData
				Price="8523"
				UnlockByExploration="false"
				UnlockByRank="28"
			>
				<UiDesc UiDesc="UI_TIRE_MUDTIRES_LP_1_DESC" UiName="UI_TIRE_MUDTIRES_LP_1_NAME" />
			</GameData>
		</TruckTire>-->
	</TruckTires>
	<TruckRims>
		<TruckRim Mesh="wheels/rim_superheavy_mudtires_1" Name="rim_1">
			<GameData>
				<UiDesc UiDesc="UI_RIM_SUPERHEAVY_MUDTIRES_1_DESC" UiName="UI_RIM_SUPERHEAVY_MUDTIRES_1_NAME" />
			</GameData>
		</TruckRim>
		<TruckRim Mesh="wheels/rim_heavy_mudtires_single_1" Name="rim_2">
			<GameData>
				<UiDesc UiDesc="UI_RIM_HEAVY_MUDTIRES_SINGLE_1_DESC" UiName="UI_RIM_HEAVY_MUDTIRES_SINGLE_1_NAME" />
			</GameData>
		</TruckRim>
		<!--<TruckRim Mesh="wheels/rim_scout_mudtires1_1" Name="rim_3">
			<GameData>
				<UiDesc UiDesc="UI_RIM_SUPERHEAVY_MUDTIRES_3_DESC" UiName="UI_RIM_SUPERHEAVY_MUDTIRES_3_NAME" />
			</GameData>
		</TruckRim>-->
		<TruckRim Mesh="wheels/rim_superheavy_mudtires_2" Name="rim_4">
			<GameData>
				<UiDesc UiDesc="UI_RIM_SUPERHEAVY_MUDTIRES_2_DESC" UiName="UI_RIM_SUPERHEAVY_MUDTIRES_2_NAME" />
			</GameData>
		</TruckRim>
		<TruckRim Mesh="wheels/rim_superheavy_mudtires_4_cat745" Name="rim_5">
			<GameData>
				<UiDesc
					UiDesc="UI_RIM_SUPERHEAVY_MUDTIRES_3_DESC"
					UiName="UI_RIM_SUPERHEAVY_MUDTIRES_3_NAME"
				/>
			</GameData>
		</TruckRim>
		<TruckRim Mesh="wheels/rim_heavy_mudtires_single_2" Name="rim_6">
			<GameData>
				<UiDesc UiDesc="UI_RIM_HEAVY_MUDTIRES_SINGLE_2_DESC" UiName="UI_RIM_HEAVY_MUDTIRES_SINGLE_2_NAME" />
			</GameData>
		</TruckRim>
		<TruckRim Mesh="wheels/rim_superheavy_mudtires_3" Name="rim_7">
			<GameData>
				<UiDesc UiDesc="UI_RIM_SUPERHEAVY_MUDTIRES_3_DESC" UiName="UI_RIM_SUPERHEAVY_MUDTIRES_3_NAME" />
			</GameData>
		</TruckRim>
		<!-- New Rims -->
		<TruckRim Mesh="wheels/rim_heavy_mudtires_10_3" Name="JAT MHS I">
			<GameData>
				<UiDesc UiDesc="UI_RIM_JAT_DESC" UiName="UI_RIM_HEAVY_MUDTIRES_SINGLE_10_NAME" />
			</GameData>
		</TruckRim>
		<TruckRim Mesh="wheels/rim_heavy_mudtires_11_3" Name="JAT MHS II">
			<GameData>
				<UiDesc UiDesc="UI_RIM_JAT_DESC" UiName="UI_RIM_HEAVY_MUDTIRES_SINGLE_11_NAME" />
			</GameData>
		</TruckRim>
		<TruckRim Mesh="wheels/rim_heavy_mudtires_13_3" Name="JAT MHS III">
			<GameData>
				<UiDesc UiDesc="UI_RIM_JAT_DESC" UiName="UI_RIM_HEAVY_MUDTIRES_SINGLE_12_NAME" />
			</GameData>
		</TruckRim>
	</TruckRims>
</TruckWheels>
