<_templates Include="models" />
<TruckAddon>
	<PhysicsModel Mesh="trucks/cargo/cargo_logs_medium_cat_745c_log_bunk" >
		<NetSync Legacy="false" />
		<Body _template="Gravity"
			CenterOfMassOffset="(0; -0.3; 0)"
			ImpactType="Foliage"
			Mass="5000"
			ModelFrame="BoneRoot_cdt"
		>
			<Constraint Type="Rigid" />
			<Body _template="Gravity" ImpactType="Truck" Mass="5000" ModelFrame="BonePrismaticShift_cdt">
				<Constraint ExplicitParentFrame="0" Type="Fixed" />
			</Body>
		</Body>
	</PhysicsModel>
	<GameData>
		<Sounds
			InstallSound="cargo_manual/cargo_manual_logs_medium"
			TransportedSound=""
			ManualSound="cargo_manual/cargo_manual_logs_medium"
		/>        
		<RequiredAddon Types="cat_745c_log_bunk" />
		<SpawnLoadOrigin Position="(-.4; 0; 0)" />        
		<InstallSlot
			CargoAddonSubtype="Cat745LogBunk"
			CargoLength="1"
			CargoType="CargoLogsMedium"
			ManualLoads="3"
		/>
	</GameData>
</TruckAddon>
