<_templates Include="models" />
<TruckAddon _noinherit="true">
	<PhysicsModel Mesh="trucks/cargo/cargo_cellulose_1">
		<NetSync Legacy="false" />
		<Body _template="Gravity" Mass="5100">
			<Constraint ExplicitParentFrame="0" Type="Fixed" />
		</Body>
	</PhysicsModel>
	<GameData>
		<Sounds
			InstallSound="cargo_manual/cargo_manual_cellulose"
			TransportedSound="load/wood_box/wood_box_rnd"
			ManualSound="cargo_manual/cargo_manual_cellulose"
		/>
		<InstallSlot
			CargoLength="1"
			CargoType="CargoCellulose"
			CargoValue="1"
			Offset="(0; 0; 0)"
		/>
	</GameData>
</TruckAddon>
