<_templates Include="models" />
<TruckAddon>
	<PhysicsModel Mesh="trucks/cargo/cargo_logs_frame_addon_log_short">
		<NetSync Legacy="false" />
		<Body _template="Gravity"
			CenterOfMassOffset="(0; -0.3; 0)"
			Friction="0.1"
			ImpactType="Foliage"
			Mass="4200"
			ModelFrame="BoneRoot_cdt"
		>
			<Constraint Type="Rigid" />
			<Body _template="Gravity" ImpactType="Truck" Mass="4200" ModelFrame="BonePrismaticShift_cdt">
				<Constraint ExplicitParentFrame="0" Type="Fixed" />
			</Body>
		</Body>
	</PhysicsModel>
	<GameData>
		<Sounds
			InstallSound="cargo_manual/cargo_manual_logs_medium"
			TransportedSound=""
			ManualSound="cargo_manual/cargo_manual_logs_medium"
		/>
		<SpawnLoadOrigin Position="(-3; 1; 0.000)" />        
		<InstallSlot CargoLength="1" CargoType="CargoLogsShort" CargoAddonSubtype="FrameAddonLog" ManualLoads="3" />
		<!--<InstallSlot CargoLength="1" CargoType="CargoLogsShort" ManualLoads="3" />-->
        </GameData>
</TruckAddon>
