<_templates Include="models" />
<TruckAddon>
	<PhysicsModel Mesh="trucks/cargo/cargo_logs_medium_trailer_log">
		<NetSync Legacy="false" />
		<Body _template="Gravity"
			CenterOfMassOffset="(0; -0.3; 0)"
			Friction="0.1"
			ImpactType="Foliage"
			Mass="4500"
			ModelFrame="BoneRoot_cdt"
		>
			<Constraint Type="Fixed" />
			<Body _template="Gravity" AngularDamping="3.0" Mass="50" ModelFrame="BoneShieldFront_cdt">
				<Constraint
					AxisLocal="(0; 0; -1)"
					Type="Hinge"
					MinLimit="-2"
					MaxLimit="2"
				/>
			</Body>
			<Body _template="Gravity" ImpactType="Truck" Mass="4500" ModelFrame="BoneRear_cdt">
				<Constraint ExplicitParentFrame="0" Type="Fixed" />
				<Body AngularDamping="3.0" Mass="50" ModelFrame="BoneShieldRear_cdt" _template="Gravity">
					<Constraint
						AxisLocal="(0; 0; -1)"
						Type="Hinge"
						MinLimit="-2"
						MaxLimit="2"
					/>
				</Body>
			</Body>
			<Body _template="Gravity"
				Collisions="All"
				ImpactType="Foliage"
				LinearDamping="1"
				Mass="200"
				ModelFrame="BoneTop_cdt"
			>
				<Constraint
					LinearLimitsX="(-0.4; 0.4)"
					LinearLimitsY="(0; 0.5)"
					LinearLimitsZ="(-0.5; 0.5)"
					Type="Fixed"
				>
					<Motor Damping="4000" Spring="100" Type="Spring" />
				</Constraint>
			</Body>
		</Body>
	</PhysicsModel>
	<GameData>
		<Sounds
			InstallSound="cargo_manual/cargo_manual_logs_medium"
			TransportedSound=""
			ManualSound="cargo_manual/cargo_manual_logs_medium"
		/>
		<SpawnLoadOrigin Position="(0.000; 2.624; 0.000)" />        
		<RequiredAddon Types="trailer_log" />
		<InstallSlot 	CargoAddonSubtype="TrailerLogMedium" CargoLength="1" CargoType="CargoLogsMedium" ManualLoads="3" />
	</GameData>
</TruckAddon>
