<_templates Include="trucks" />
<TruckAddon>
	<TruckData>
		<Shakers>
			<Shaker
				Frame="BoneExhaust"
				MinAngle="(0.2; 0.2; 0.2)"
				MaxAngle="(1; 0.5; 0.5)"
				MaxFrequency="4"
			/>
		</Shakers>
	</TruckData>
	<PhysicsModel Mesh="trucks/international_hx_520_tuning/international_hx_520_exhaust_1" >
		<Body _template="Gravity" Collisions="None" Mass="100" ModelFrame="BoneCabin_cdt">
			<Constraint Type="Rigid" />
			<Body _template="Gravity" Collisions="None" Mass="20" ModelFrame="BoneChassis_cdt">
				<Constraint ExplicitParentFrame="0" Type="Fixed" />
			</Body>
		</Body>
	</PhysicsModel>
	<GameData
		CameraPreset="roof"
		Category="exhaust"
		Price="1200"
		UnlockByExploration="false"
		UnlockByRank="1"
	>
		<UiDesc
			UiDesc="UI_TUNING_EXHAUST_SNUB_HEATSHIELD_DESC"
			UiIcon30x30=""
			UiIcon40x40=""
			UiName="UI_TUNING_EXHAUST_SNUB_HEATSHIELD_NAME"
		/>
		<InstallSocket Type="intHX520Exhaust1" />
	</GameData>
	<Exhaust
		Dir="(0; 1; 0)"
		IsLight="true"
		Origin="(-1.306; 3.238; 0.864)"
		Speed="3.82"
	/>
</TruckAddon>
