<_templates Include="trucks" />
<TruckAddon>
	<TruckData>
		<Shakers>
			<Shaker
				Frame="BoneExhaust"
				MinAngle="(0.1; 0.2; 0.2)"
				MaxAngle="(0.7; 0.5; 0.5)"
				MaxFrequency="4"
			/>
		</Shakers>
	</TruckData>
	<PhysicsModel Mesh="trucks/international_hx_520_tuning/international_hx_520_exhaust_default">
		<Body _template="Gravity" Collisions="None" Mass="100" ModelFrame="BoneCabin_cdt">
			<Constraint Type="Rigid" />
			<Body _template="Gravity" Collisions="None" Mass="20" ModelFrame="BoneChassis_cdt">
				<Constraint ExplicitParentFrame="0" Type="Fixed" />
			</Body>
		</Body>
	</PhysicsModel>
	<GameData
		CameraPreset="roof"
		Category="exhaust"
		Price="900"
		UnlockByExploration="false"
		UnlockByRank="1"
	>
		<UiDesc
			UiDesc="UI_TUNING_EXHAUST_DEFAULT_DESC"
			UiIcon30x30=""
			UiIcon40x40=""
			UiName="UI_TUNING_EXHAUST_DEFAULT_NAME"
		/>
		<InstallSocket Type="intHX520Exhaust" />
	</GameData>
	<Exhaust
		Dir="(-0.902; 0.432; 0)"
		IsLight="true"
		Origin="(-1.108; 3.566; -1.114)"
		Speed="3.82"
	/>
</TruckAddon>
