<_templates Include="trucks" />
<TruckAddon>
	<TruckData>
		<Shakers>
			<Shaker Frame="BoneExhaustLeft" MinAngle="(0.2; 0.2; 0.2)" MaxAngle="(1; 0.5; 0.5)" MaxFrequency="4" />
			<Shaker Frame="BoneExhaustRight" MinAngle="(0.18; 0.18; 0.18)" MaxAngle="(1.02; 0.52; 0.52)" MaxFrequency="3.9" />
			<Shaker Frame="BoneExhaustCapLeft" LimitDirectionZ="Positive" MinAngle="(0; 0; 45)" MaxAngle="(0; 0; 70)" MaxFrequency="0.1" ParentFrame="BoneExhaustLeft" />
			<Shaker Frame="BoneExhaustCapRight" LimitDirectionZ="Positive" MinAngle="(0; 0; 48)" MaxAngle="(0; 0; 73)" MaxFrequency="0.12" ParentFrame="BoneExhaustRight" />
		</Shakers>
	</TruckData>
	<PhysicsModel Mesh="trucks/international_hx_520_tuning/international_hx_520_exhaust_2" >
		<Body _template="Gravity" Collisions="None" Mass="100" ModelFrame="BoneCabin_cdt">
			<Constraint Type="Rigid" />
			<Body _template="Gravity" Collisions="None" Mass="20" ModelFrame="BoneChassis_cdt">
				<Constraint ExplicitParentFrame="0" Type="Fixed" />
			</Body>
		</Body>
	</PhysicsModel>
	<GameData
		CameraPreset="roof"
		Category="exhaust"
		Price="1500"
		UnlockByExploration="false"
		UnlockByRank="18"
	>
		<UiDesc
			UiDesc="UI_TUNING_EXHAUST_FLAPCAP_DESC"
			UiIcon30x30=""
			UiIcon40x40=""
			UiName="UI_TUNING_EXHAUST_FLAPCAP_NAME"
		/>
		<InstallSocket Type="intHX520Exhaust2" />
	</GameData>
	<Exhaust Dir="(0; 1; 0)" IsLight="true" Origin="(-1.042; 3.667; 1.088)" Speed="3.82" />
	<Exhaust Dir="(0; 1; 0)" IsLight="true" Origin="(-1.042; 3.667; -1.088)" Speed="3.82" />
</TruckAddon>
