<_templates Include="trucks">
	<TruckTire>
		<Mudtires _template="Medium">
			<WheelTracks _template="Offroad" />
			<WheelSoftness _template="Average" />
			<WheelFriction _template="HeavyMudtires" />
		</Mudtires>
	</TruckTire>
</_templates>
<TruckWheels DamageCapacity="30" Radius="1" Width="1">
	<TruckTires>
		<TruckTire _template="Mudtires" Mesh="wheels/tire_cat_th357_1" Name="mudtires_1">
			<WheelFriction _template="Mudtires" SubstanceFriction="3.2" />
			<GameData
				Price="9935"
				UnlockByExploration="false"
				UnlockByRank="2"
			>
				<UiDesc UiDesc="UI_TIRE_CAT_TH357_1_DESC" UiName="UI_TIRE_CAT_TH357_1_NAME" />
			</GameData>
		</TruckTire>
		<TruckTire _template="Mudtires" Mesh="wheels/tire_zikz_605r_1" Name="mudtires_2">
			<WheelFriction _template="Offroad" BodyFriction="2.7" SubstanceFriction="2.4"/>
			<GameData
				Price="7235"
				UnlockByExploration="false"
				UnlockByRank="1"
			>
				<UiDesc UiDesc="UI_TIRE_MEDIUM_MUDTIRES_SINGLE_ACTAEON_2_DESC" UiName="UI_TIRE_MEDIUM_MUDTIRES_SINGLE_ACTAEON_2_NAME" />
			</GameData>
		</TruckTire>
		<TruckTire _template="Mudtires" Mesh="wheels/tire_scout_offroad_4" Name="mudtires_3">
			<WheelFriction _template="Mudtires" />
			<GameData
				Price="4245"
				UnlockByExploration="false"
				UnlockByRank="4"
			>
				<UiDesc UiDesc="UI_TIRE_SCOUT_OFFROAD_DESC" UiName="UI_TIRE_SCOUT_OFFROAD_1_NAME" />
			</GameData>
		</TruckTire>
		<TruckTire _template="Mudtires" Mesh="wheels/tire_tatra_force_815_7" Name="offroad_1">
			<WheelSoftness _template="Stiff" />
			<GameData
				Price="7500"
				UnlockByExploration="false"
				UnlockByRank="10"
			>
				<UiDesc UiDesc="UI_TIRE_MUDTIRES_815_1_DESC" UiName="UI_TIRE_MUDTIRES_815_1_NAME" />
			</GameData>
		</TruckTire>
		<TruckTire _template="Mudtires" Mesh="wheels/tire_scout_btr_1" Name="offroad_2">
			<WheelFriction _template="Mudtires" BodyFriction="3.0" SubstanceFriction="2.7" />
			<WheelSoftness _template="Stiff" />
			<GameData
				Price="1235"
				UnlockByExploration="false"
				UnlockByRank="20"
			>
				<UiDesc UiDesc="UI_TIRE_SCOUT_BTR_1_DESC" UiName="UI_TIRE_SCOUT_BTR_1_NAME" />
			</GameData>
		</TruckTire>
	</TruckTires>
	<TruckRims>
		<TruckRim Mesh="wheels/rim_cat_th357_1" Name="rim_1">
			<GameData>
				<UiDesc UiDesc="UI_RIM_SUPERHEAVY_MUDTIRES_1_DESC" UiName="UI_RIM_SCAT_TH357_1_NAME" />
			</GameData>
		</TruckRim>
		<TruckRim Mesh="wheels/rim_scout_btr_1" Name="rim_2">
			<GameData>
				<UiDesc UiDesc="UI_RIM_SCOUT_BTR_1_DESC" UiName="UI_RIM_SCOUT_BTR_1_NAME" />
			</GameData>
		</TruckRim>
		<TruckRim Mesh="wheels/rim_tatra_force_815_7" Name="rim_3">
			<GameData>
				<UiDesc UiDesc="UI_RIM_SUPERHEAVY_MUDTIRES_1_DESC" UiName="UI_RIM_SUPERHEAVY_MUDTIRES_1_NAME" />
			</GameData>
		</TruckRim>
	</TruckRims>
</TruckWheels>

