<_templates Include="trucks">
	<Wheel>
		<TrailerWheelExtra
			Location="rear"
			SuspensionHeight="-0.1"
			SuspensionStrength="0.02"
			Torque="default"
			SuspensionMin="-0.1"
			ConnectedToHandbrake="true"
		/>
		<TrailerWheel
			Location="rear"
			SuspensionHeight="0.0244"
			SuspensionStrength="0.03"
			Torque="default"
			SuspensionMin="-0.2"
			ConnectedToHandbrake="true"
		/>
	</Wheel>
	<Flare>
		<IgnitionSignalRedSmall
			AspectRatio="1.4"
			Color="g(169; 0; 0) x 0.7"
			ColorMultAtDay="0.6"
			Dir="(-1; 0; 0)"
			DirAngle="135"
			Size="0.12"
		/>
	</Flare>
</_templates>
<Truck Type="Trailer" AttachType="Saddle">
	<TruckData FuelCapacity="400" RepairsCapacity="420">
		<Wheels
			DefaultRim="rim_1"
			DefaultTire="allterrain_2"
			DefaultWheelType="wheels_heavy_double1"
		>
			<Wheel _template="TrailerWheel" Pos="(-10.706; 0.565; 1.25)" />
			<Wheel _template="TrailerWheel" RightSide="true" Pos="(-10.706; 0.565; 1.25)" />
			<Wheel _template="TrailerWheel" Pos="(-12.606; 0.565; 1.25)" />
			<Wheel _template="TrailerWheel" RightSide="true" Pos="(-12.606; 0.565; 1.25)" />
			<Wheel _template="TrailerWheel" Pos="(-14.406; 0.565; 1.25)" />
			<Wheel _template="TrailerWheel" RightSide="true" Pos="(-14.406; 0.565; 1.25)" />
			<Wheel _template="TrailerWheel" Pos="(-16.206; 0.565; 1.25)" />
			<Wheel _template="TrailerWheel" RightSide="true" Pos="(-16.206; 0.565; 1.25)" />
			<Wheel _template="TrailerWheelExtra" Pos="(-7.512; 0.694; 1.25)" />
			<Wheel _template="TrailerWheelExtra" RightSide="true" Pos="(-7.512; 0.694; 1.25)" />
		</Wheels>
		<OcclusionMap
			HalfSizeZ="2.4"
			Texture="trucks/occlusion/chassis_trailer__s_d_a.tga"
			MinX="-19"
			MaxX="5"
		/>
		<Foot Origin="(1.995; -0.371; -1.175)" />
		<Foot Origin="(1.995; -0.371; 1.175)" />
		<Constraint _template="TrailerRagdoll" />
		<CompatibleWheels OffsetZ="-0.07" Scale="0.673" Type="wheels_heavy_double1" />
		<Camera Center="(-12; 0; 0)" />
		<Axles>
			<Axle Frame="BoneAxle1" />
			<Axle Frame="BoneAxle2" />
			<Axle Frame="BoneAxle3" />
			<Axle Frame="BoneAxle4" />
			<Axle Frame="BoneAxleExtra" />
		</Axles>
	</TruckData>
	<PoweredConstraints>
		<Group Id="_trailer_foot">
			<Constraint
				InitialFix="true"
				Name="Leg"
				Tau="0.9"
				TerminalFix="true"
				Position="1"
				SpeedMult="0.5"
			/>
		</Group>
	</PoweredConstraints>
	<PhysicsModel Mesh="trucks/trailers/semitrailer_oil_refinery">
		<Body _template="Gravity"
			CenterOfMassOffset="(-4; 0.7; 0)"
			ImpactType="Truck"
			Mass="25000"
			ModelFrame="BoneChassis_cdt"
		>
			<Body _template="Gravity"
				CenterOfMassOffset="(-5.5; 0.7; 0)"
				Mass="18000"
				ModelFrame="BoneLeg_cdt"
			>
				<Constraint
					AxisLocal="(1; 0; 0)"
					Name="Leg"
					Type="Hinge"
					MinLimit="-10"
					MaxLimit="10"
				>
					<Motor Damping="1000000" Spring="2000000" Type="Spring" />
				</Constraint>
				<Body _template="Gravity"  Friction="0.001"
					Mass="100"
					ModelFrame="BoneLeftFoot_cdt"
				>
					<Constraint
						AxisLocal="(0; 1; 0)"
						Name="Leg"
						Type="Prismatic"
						MinLimit="0"
						MaxLimit="1"
					>
						<Motor Force="500000" Type="Position" />
					</Constraint>
				</Body>
				<Body _template="Gravity"  Friction="0.001"
					Mass="100"
					ModelFrame="BoneRightFoot_cdt"
				>
					<Constraint
						AxisLocal="(0; 1; 0)"
						Name="Leg"
						Type="Prismatic"
						MinLimit="0"
						MaxLimit="1"
					>
						<Motor Force="500000" Type="Position" />
					</Constraint>
				</Body>
			</Body>
		</Body>
	</PhysicsModel>
	<ModelAttachments>
		<StopSignals>
			<Light _template="StopSignal" Size="0.8" Pos="(-17.386; 1.516; 0)" />
			<Flare _template="StopSignal" Size="0.8" Pos="(-17.386; 1.516; 1.325)" />
			<Flare _template="StopSignal" Size="0.8" Pos="(-17.386; 1.516; -1.325)" />
		</StopSignals>
		<ReverseSignals>
			<Light _template="ReverseSignal" Pos="(-17.386; 1.516; 0)" />
			<Flare _template="ReverseSignal" Size="0.7" Pos="(-17.386; 1.516; 0.96)" />
			<Flare _template="ReverseSignal" Size="0.7" Pos="(-17.386; 1.516; -0.96)" />
			<Flare _template="BlueStreak" Color="g(220; 220; 255) x 0.9" Dir="(-1; 0; 0)" Size="0.4" Pos="(-17.386; 1.516; 0.96)" />
			<Flare _template="BlueStreak" Color="g(220; 220; 255) x 0.9" Dir="(-1; 0; 0)" Size="0.4" Pos="(-17.386; 1.516; -0.96)" />
		</ReverseSignals>
		<Ignition>
			<Light _template="IgnitionSignalRed" Color="g(169; 0; 0) x 0.8" Pos="(-18; 1.1; 1)" />
			<Light _template="IgnitionSignalRed" Color="g(169; 0; 0) x 0.8" Pos="(-18; 1.1; -1)" />
			<Flare _template="Beacon" Size="0.3" Pos="(-17.308; 1.524; 1.565)" />
			<Flare _template="Beacon" Size="0.3" Pos="(-17.308; 1.524; -1.565)" />
			<Flare _template="IgnitionSignalRed" Pos="(-17.386; 1.516; 0.778)" />
			<Flare _template="IgnitionSignalRed" Pos="(-17.386; 1.516; -0.778)" />
			<Flare _template="IgnitionSignalRed" Pos="(-17.386; 1.516; 0.96)" />
			<Flare _template="IgnitionSignalRed" Pos="(-17.386; 1.516; -0.96)" />
			<Flare _template="IgnitionSignalRed" Pos="(-17.386; 1.516; 1.142)" />
			<Flare _template="IgnitionSignalRed" Pos="(-17.386; 1.516; -1.142)" />
			<Flare _template="IgnitionSignalRed" Pos="(-17.386; 1.516; 1.325)" />
			<Flare _template="IgnitionSignalRed" Pos="(-17.386; 1.516; -1.325)" />
			<Flare _template="IgnitionSignalRedSmall" Dir="(0; 0; 1)" Pos="(-17.114; 1.744; 1.551)" />
			<Flare _template="IgnitionSignalRedSmall" Dir="(0; 0; 1)" Pos="(-13.335; 1.744; 1.551)" />
			<Flare _template="IgnitionSignalRedSmall" Dir="(0; 0; 1)" Pos="(-8.211; 1.744; 1.551)" />
			<Flare _template="IgnitionSignalRedSmall" Dir="(0; 0; 1)" Pos="(-3.011; 1.744; 1.551)" ParentFrame="BoneLeg_cdt" />
			<Flare _template="IgnitionSignalRedSmall" Dir="(0; 0; 1)" Pos="(2.999; 1.744; 1.551)" ParentFrame="BoneLeg_cdt" />
			<Flare _template="IgnitionSignalRedSmall" Dir="(0; 0; 1)" Pos="(5.835; 2.327; 1.551)" ParentFrame="BoneLeg_cdt" />
			<Flare _template="IgnitionSignalRedSmall" Dir="(0; 0; -1)" Pos="(-17.114; 1.744; -1.551)" />
			<Flare _template="IgnitionSignalRedSmall" Dir="(0; 0; -1)" Pos="(-13.335; 1.744; -1.551)" />
			<Flare _template="IgnitionSignalRedSmall" Dir="(0; 0; -1)" Pos="(-8.211; 1.744; -1.551)" />
			<Flare _template="IgnitionSignalRedSmall" Dir="(0; 0; -1)" Pos="(-3.011; 1.744; -1.551)" ParentFrame="BoneLeg_cdt" />
			<Flare _template="IgnitionSignalRedSmall" Dir="(0; 0; -1)" Pos="(2.999; 1.744; -1.551)" ParentFrame="BoneLeg_cdt" />
			<Flare _template="IgnitionSignalRedSmall" Dir="(0; 0; -1)" Pos="(5.835; 2.327; -1.551)" ParentFrame="BoneLeg_cdt" />
		</Ignition>
	</ModelAttachments>
	<Landmark Mesh="landmarks/semitrailer_oil_refinery_lmk" MinScale="0.7" MaxScale="1.5" />
	<GameData IsQuest="true" Price="12200">
		<AddonSockets DefaultAddon="derry_special_15c177_spare_wheel_01">
			<Socket Names="DerrySpecial15c177SpareWheel" Dir="(0;1;0)" Offset="(8; 3.44; -2.1)" />
		</AddonSockets>
		<WinchSocket Pos="(4.34; 1.572; 1.55)" />
		<WinchSocket Pos="(4.34; 1.572; -1.55)" />
		<WinchSocket Pos="(-17.196; 1.572; 1.55)" />
		<WinchSocket Pos="(-17.196; 1.572; -1.55)" />
		<WinchSocket Pos="(-4.011; 5.335; 1.338)" />
		<WinchSocket Pos="(-4.011; 5.335; -1.338)" />
		<WinchSocket Pos="(8.709; 1.854; 0.000)" />
		<UiDesc
			UiDesc="UI_SEMITRAILER_OIL_REFINERY_DESC"
			UiIcon30x30="trailerSemiImg30"
			UiIcon40x40="trailerSemiImg"
			UiName="UI_SEMITRAILER_OIL_REFINERY_NAME"
		/>
		<RequiredAddon _template="SaddleHigh" />
		<InstallSocket Offset="(8.719; 1.895; 0)" Type="LargeSemitrailer"
				CablesPos="(9.45; 1.95; 0)" />
		<CraneSocket Pos="(4.34; 1.572; 1.55)" />
		<CraneSocket Pos="(4.34; 1.572; -1.55)" />
		<CraneSocket Pos="(-17.196; 1.572; 1.55)" />
		<CraneSocket Pos="(-17.196; 1.572; -1.55)" />
		<CraneSocket Pos="(-4.011; 5.335; 1.338)" />
		<CraneSocket Pos="(-4.011; 5.335; -1.338)" />
		<CraneSocket Pos="(8.709; 1.854; 0.000)" />
	</GameData>
</Truck>
