<_templates Include="trucks">
	<TruckTire>
		<Offroad _template="Medium">
			<WheelTracks _template="Offroad" />
			<WheelSoftness _template="Soft" />
		</Offroad>
	</TruckTire>
</_templates>
<TruckWheels DamageCapacity="30" Radius="1" Width="1.118">
	<TruckTires>
		<TruckTire _template="Offroad" Mesh="wheels/tire_heavy_mudtires_single_tayga_1" Name="mudtires">
			<WheelFriction _template="Mudtires" SubstanceFriction="3.2"/>
			<GameData
				Price="9400"
				UnlockByExploration="false"
				UnlockByRank="12"
			>
				<UiDesc UiDesc="UI_TIRE_MUDTIRES_TAYGA_1_DESC" UiName="UI_TIRE_MEDIUM_MUDTIRES_SINGLE_ACTAEON_1_NAME" />
			</GameData>
		</TruckTire>
	</TruckTires>
	<TruckRims>
		<TruckRim Mesh="wheels/rim_heavy_mudtires_single_tayga_1" Name="rim">
			<GameData>
				<UiDesc UiDesc="UI_RIM_MEDIUM_MUDTIRES_SINGLE_ACTAEON_1_DESC" UiName="UI_RIM_MEDIUM_MUDTIRES_SINGLE_ACTAEON_1_NAME" />
			</GameData>
		</TruckRim>
	</TruckRims>
</TruckWheels>
