<_templates>
	<Engine>
		<RUScoutModernEngine BrakesDelay="0.1" />
	</Engine>
</_templates>
<EngineVariants>
	<Engine
		_template="RUScoutModernEngine"
		CriticalDamageThreshold="0.7"
		DamageCapacity="120"
		DamagedConsumptionModifier="1.2"
		EngineResponsiveness="0.35"
		FuelConsumption="1.1"
		Name="ru_scout_modern_engine_0"
		Torque="70000"
		DamagedMinTorqueMultiplier="1.0"
		DamagedMaxTorqueMultiplier="0.6"
		MaxDeltaAngVel="0.01"
	>
		<GameData
			Price="1900"
			UnlockByExploration="false"
			UnlockByRank="1"
		>
			<UiDesc
				UiDesc="UI_ENGINE_RU_SCOUT_MODERN_0_DESC"
				UiIcon30x30=""
				UiIcon40x40=""
				UiName="UI_ENGINE_RU_SCOUT_MODERN_0_NAME"
			/>
		</GameData>
	</Engine>
	<Engine
		_template="RUScoutModernEngine"
		CriticalDamageThreshold="0.7"
		DamageCapacity="150"
		DamagedConsumptionModifier="1.3"
		EngineResponsiveness="0.4"
		FuelConsumption="1.5"
		Name="ru_scout_modern_engine_1"
		Torque="100000"
		DamagedMinTorqueMultiplier="1.0"
		DamagedMaxTorqueMultiplier="0.7"
		MaxDeltaAngVel="0.01"
	>
		<GameData
			Price="5500"
			UnlockByExploration="true"
			UnlockByRank="1"
		>
			<UiDesc
				UiDesc="UI_ENGINE_RU_SCOUT_MODERN_1_DESC"
				UiIcon30x30=""
				UiIcon40x40=""
				UiName="UI_ENGINE_RU_SCOUT_MODERN_1_NAME"
			/>
		</GameData>
	</Engine>
	<Engine
		_template="RUScoutModernEngine"
		CriticalDamageThreshold="0.7"
		DamageCapacity="170"
		DamagedConsumptionModifier="1.4"
		EngineResponsiveness="0.45"
		FuelConsumption="1.8"
		Name="ru_scout_modern_engine_2"
		Torque="130000"
		DamagedMinTorqueMultiplier="1.0"
		DamagedMaxTorqueMultiplier="0.8"
		MaxDeltaAngVel="0.01"
	>
		<GameData
			Price="6600"
			UnlockByExploration="true"
			UnlockByRank="1"
		>
			<UiDesc
				UiDesc="UI_ENGINE_RU_SCOUT_MODERN_2_DESC"
				UiIcon30x30=""
				UiIcon40x40=""
				UiName="UI_ENGINE_RU_SCOUT_MODERN_2_NAME"
			/>
		</GameData>
	</Engine>
	<!--<Engine
		CriticalDamageThreshold="0.7"
		DamageCapacity="80"
		DamagedConsumptionModifier="1.2"
		EngineResponsiveness="0.5"
		FuelConsumption="6.2"
		Name="engine_performance_rsm"
		Torque="210000"
		DamagedMinTorqueMultiplier="1.0"
		DamagedMaxTorqueMultiplier="0.6"
		MaxDeltaAngVel="0.01"
	>
		<GameData
			Price="19535"
			UnlockByExploration="true"
			UnlockByRank="30"
		>
			<UiDesc
				UiDesc="UI_ENGINE_PERFORMANCE_DESC"
				UiIcon30x30=""
				UiIcon40x40=""
				UiName="UI_ENGINE_PERFORMANCE_SCOUT_NAME"
			/>
		</GameData>
	</Engine>-->
</EngineVariants>
