<_templates>
	<Engine>
		<RUTruckOldEngine
			BrakesDelay="0.5"
			CriticalDamageThreshold="0.7"
			DamageCapacity="200"
			DamagedMinTorqueMultiplier="1.0"
			DamagedMaxTorqueMultiplier="0.5"
			EngineResponsiveness="0.06"
			MaxDeltaAngVel="0.01"
		/>
	</Engine>
</_templates>
<EngineVariants>
	<Engine
		_template="RUTruckOldEngine"
		CriticalDamageThreshold="0.8"
		DamageCapacity="180"
		DamagedConsumptionModifier="1.6"
		FuelConsumption="4.5"
		Name="ru_truck_old_engine_0"
		Torque="130000"
		DamagedMinTorqueMultiplier="1.0"
		DamagedMaxTorqueMultiplier="0.6"
	>
		<GameData
			Price="2500"
			UnlockByExploration="false"
			UnlockByRank="1"
		>
			<UiDesc
				UiDesc="UI_ENGINE_RU_TRUCK_OLD_0_DESC"
				UiIcon30x30=""
				UiIcon40x40=""
				UiName="UI_ENGINE_RU_TRUCK_OLD_0_NAME"
			/>
		</GameData>
	</Engine>
	<Engine
		_template="RUTruckOldEngine"
		CriticalDamageThreshold="0.7"
		DamageCapacity="200"
		DamagedConsumptionModifier="1.7"
		FuelConsumption="5.5"
		Name="ru_truck_old_engine_1"
		Torque="150000"
		DamagedMinTorqueMultiplier="1.0"
		DamagedMaxTorqueMultiplier="0.7"
	>
		<GameData
			Price="7200"
			UnlockByExploration="true"
			UnlockByRank="1"
		>
			<UiDesc
				UiDesc="UI_ENGINE_RU_TRUCK_OLD_1_DESC"
				UiIcon30x30=""
				UiIcon40x40=""
				UiName="UI_ENGINE_RU_TRUCK_OLD_1_NAME"
			/>
		</GameData>
	</Engine>
	<Engine
		_template="RUTruckOldEngine"
		CriticalDamageThreshold="0.7"
		DamageCapacity="240"
		DamagedConsumptionModifier="1.8"
		FuelConsumption="6.0"
		Name="ru_truck_old_engine_2"
		Torque="167000"
		DamagedMinTorqueMultiplier="1.0"
		DamagedMaxTorqueMultiplier="0.6"
	>
		<GameData
			Price="9000"
			UnlockByExploration="true"
			UnlockByRank="1"
		>
			<UiDesc
				UiDesc="UI_ENGINE_RU_TRUCK_OLD_2_DESC"
				UiIcon30x30=""
				UiIcon40x40=""
				UiName="UI_ENGINE_RU_TRUCK_OLD_2_NAME"
			/>
		</GameData>
	</Engine>
	<Engine
		_template="RUTruckOldEngine"
		CriticalDamageThreshold="0.5"
		DamageCapacity="120"
		DamagedConsumptionModifier="2.1"
		FuelConsumption="6.1"
		Name="ru_truck_old_engine_3"
		Torque="183000"
		DamagedMinTorqueMultiplier="1.0"
		DamagedMaxTorqueMultiplier="0.6"
	>
		<GameData
			Price="11300"
			UnlockByExploration="true"
			UnlockByRank="1"
		>
			<UiDesc
				UiDesc="UI_ENGINE_RU_TRUCK_OLD_3_DESC"
				UiIcon30x30=""
				UiIcon40x40=""
				UiName="UI_ENGINE_RU_TRUCK_OLD_3_NAME"
			/>
		</GameData>
	</Engine>
	<!--<Engine
		CriticalDamageThreshold="0.7"
		DamageCapacity="100"
		DamagedConsumptionModifier="1.2"
		EngineResponsiveness="0.1"
		FuelConsumption="22"
		Name="engine_performance_rto"
		Torque="500000"
		DamagedMinTorqueMultiplier="1.0"
		DamagedMaxTorqueMultiplier="0.6"
		MaxDeltaAngVel="0.01"
	>
		<GameData
			Price="19535"
			UnlockByExploration="true"
			UnlockByRank="30"
		>
			<UiDesc
				UiDesc="UI_ENGINE_PERFORMANCE_DESC"
				UiIcon30x30=""
				UiIcon40x40=""
				UiName="UI_ENGINE_PERFORMANCE_MEDIUM_NAME"
			/>
		</GameData>
	</Engine>-->
</EngineVariants>
