<_templates>
	<Engine>
		<RUTruckOldHeavyEngine
			BrakesDelay="0.5"
			CriticalDamageThreshold="0.7"
			DamageCapacity="200"
			DamagedMinTorqueMultiplier="1.0"
			DamagedMaxTorqueMultiplier="0.5"
			MaxDeltaAngVel="0.01"
		/>
	</Engine>
</_templates>
<EngineVariants>
	<Engine
		_template="RUTruckOldHeavyEngine"
		CriticalDamageThreshold="0.8"
		DamageCapacity="200"
		DamagedConsumptionModifier="1.6"
		FuelConsumption="5"
		Name="ru_truck_old_heavy_engine_0"
		Torque="193436"
		DamagedMinTorqueMultiplier="1.0"
		DamagedMaxTorqueMultiplier="0.6"
		EngineResponsiveness="0.08"
	><!--[ЯМЗ-53653-10 турбо, 1049 Nm 238 л.с.]-->
		<GameData
			Price="4900"
			UnlockByExploration="false"
			UnlockByRank="1"
		>
			<UiDesc
				UiDesc="UI_ENGINE_RU_TRUCK_OLD_HEAVY_0_DESC"
				UiIcon30x30=""
				UiIcon40x40=""
				UiName="UI_ENGINE_RU_TRUCK_OLD_HEAVY_0_NAME"
			/>
		</GameData>
	</Engine>
	<Engine
		_template="RUTruckOldHeavyEngine"
		CriticalDamageThreshold="0.7"
		DamageCapacity="260"
		DamagedConsumptionModifier="1.7"
		FuelConsumption="6.9"
		Name="ru_truck_old_heavy_engine_1"
		Torque="226074"
		DamagedMinTorqueMultiplier="1.0"
		DamagedMaxTorqueMultiplier="0.7"
	><!--[ЯМЗ-53613-10 турбо, 1226 Нм 310 л.с.]-->
		<GameData
			Price="12800"
			UnlockByExploration="true"
			UnlockByRank="1"
		>
			<UiDesc
				UiDesc="UI_ENGINE_RU_TRUCK_OLD_HEAVY_1_DESC"
				UiIcon30x30=""
				UiIcon40x40=""
				UiName="UI_ENGINE_RU_TRUCK_OLD_HEAVY_1_NAME"
			/>
		</GameData>
	</Engine>
	<Engine
		_template="RUTruckOldHeavyEngine"
		CriticalDamageThreshold="0.7"
		DamageCapacity="300"
		DamagedConsumptionModifier="1.5"
		FuelConsumption="7.4"
		Name="ru_truck_old_heavy_engine_2"
		Torque="250000"
		DamagedMinTorqueMultiplier="1.0"
		DamagedMaxTorqueMultiplier="0.6"
	>
		<GameData
			Price="14500"
			UnlockByExploration="true"
			UnlockByRank="1"
		>
			<UiDesc
				UiDesc="UI_ENGINE_RU_TRUCK_OLD_HEAVY_2_DESC"
				UiIcon30x30=""
				UiIcon40x40=""
				UiName="UI_ENGINE_RU_TRUCK_OLD_HEAVY_2_NAME"
			/>
		</GameData>
	</Engine>
	<!--<Engine
		CriticalDamageThreshold="0.7"
		DamageCapacity="120"
		DamagedConsumptionModifier="1.2"
		EngineResponsiveness="0.1"
		FuelConsumption="22"
		Name="engine_performance_troh"
		Torque="1000000"
		DamagedMinTorqueMultiplier="1.0"
		DamagedMaxTorqueMultiplier="0.6"
		MaxDeltaAngVel="0.01"
	>
		<GameData
			Price="19535"
			UnlockByExploration="true"
			UnlockByRank="30"
		>
			<UiDesc
				UiDesc="UI_ENGINE_PERFORMANCE_DESC"
				UiIcon30x30=""
				UiIcon40x40=""
				UiName="UI_ENGINE_PERFORMANCE_NAME"
			/>
		</GameData>
	</Engine>-->
</EngineVariants>
