<_templates>
	<Engine>
		<RUScoutOldEngine BrakesDelay="0.2" />
	</Engine>
</_templates>
<EngineVariants>
	<Engine
		_template="RUScoutOldEngine"
		CriticalDamageThreshold="0.7"
		DamageCapacity="120"
		DamagedConsumptionModifier="1.1"
		EngineResponsiveness="0.2"
		FuelConsumption="1.2"
		Name="ru_scout_old_engine_0"
		Torque="30000"
		DamagedMinTorqueMultiplier="1.0"
		DamagedMaxTorqueMultiplier="0.6"
		MaxDeltaAngVel="0.01"
	>
		<GameData
			Price="1500"
			UnlockByExploration="false"
			UnlockByRank="1"
		>
			<UiDesc
				UiDesc="UI_ENGINE_RU_SCOUT_OLD_0_DESC"
				UiIcon30x30=""
				UiIcon40x40=""
				UiName="UI_ENGINE_RU_SCOUT_OLD_0_NAME"
			/>
		</GameData>
	</Engine>
	<Engine
		_template="RUScoutOldEngine"
		CriticalDamageThreshold="0.7"
		DamageCapacity="120"
		DamagedConsumptionModifier="1.3"
		EngineResponsiveness="0.3"
		FuelConsumption="1.7"
		Name="ru_scout_old_engine_1"
		Torque="60000"
		DamagedMinTorqueMultiplier="1.0"
		DamagedMaxTorqueMultiplier="0.7"
		MaxDeltaAngVel="0.01"
	>
		<GameData
			Price="4700"
			UnlockByExploration="true"
			UnlockByRank="1"
		>
			<UiDesc
				UiDesc="UI_ENGINE_RU_SCOUT_OLD_1_DESC"
				UiIcon30x30=""
				UiIcon40x40=""
				UiName="UI_ENGINE_RU_SCOUT_OLD_1_NAME"
			/>
		</GameData>
	</Engine>
	<Engine
		_template="RUScoutOldEngine"
		CriticalDamageThreshold="0.7"
		DamageCapacity="170"
		DamagedConsumptionModifier="1.4"
		EngineResponsiveness="0.4"
		FuelConsumption="1.9"
		Name="ru_scout_old_engine_2"
		Torque="90000"
		DamagedMinTorqueMultiplier="1.0"
		DamagedMaxTorqueMultiplier="0.7"
		MaxDeltaAngVel="0.01"
	>
		<GameData
			Price="6000"
			UnlockByExploration="true"
			UnlockByRank="1"
		>
			<UiDesc
				UiDesc="UI_ENGINE_RU_SCOUT_OLD_2_DESC"
				UiIcon30x30=""
				UiIcon40x40=""
				UiName="UI_ENGINE_RU_SCOUT_OLD_2_NAME"
			/>
		</GameData>
	</Engine>
	<Engine
		_template="RUScoutOldEngine"
		CriticalDamageThreshold="0.4"
		DamageCapacity="70"
		DamagedConsumptionModifier="1.6"
		EngineResponsiveness="0.5"
		FuelConsumption="2.4"
		Name="ru_scout_old_engine_3"
		Torque="110000"
		DamagedMinTorqueMultiplier="1.0"
		DamagedMaxTorqueMultiplier="0.6"
		MaxDeltaAngVel="0.01"
	>
		<GameData
			Price="7500"
			UnlockByExploration="true"
			UnlockByRank="1"
		>
			<UiDesc
				UiDesc="UI_ENGINE_RU_SCOUT_OLD_3_DESC"
				UiIcon30x30=""
				UiIcon40x40=""
				UiName="UI_ENGINE_RU_SCOUT_OLD_3_NAME"
			/>
		</GameData>
	</Engine>
	<!--<Engine
		CriticalDamageThreshold="0.7"
		DamageCapacity="80"
		DamagedConsumptionModifier="1.2"
		EngineResponsiveness="0.5"
		FuelConsumption="6.2"
		Name="engine_performance_rso"
		Torque="210000"
		DamagedMinTorqueMultiplier="1.0"
		DamagedMaxTorqueMultiplier="0.6"
		MaxDeltaAngVel="0.01"
	>
		<GameData
			Price="19535"
			UnlockByExploration="true"
			UnlockByRank="30"
		>
			<UiDesc
				UiDesc="UI_ENGINE_PERFORMANCE_DESC"
				UiIcon30x30=""
				UiIcon40x40=""
				UiName="UI_ENGINE_PERFORMANCE_SCOUT_NAME"
			/>
		</GameData>
	</Engine>-->
</EngineVariants>
