<_templates>
	<Engine>
		<RUSpecialEngine BrakesDelay="0.5" MaxDeltaAngVel="0.003" />
	</Engine>
</_templates>
<EngineVariants>
	<Engine
		_template="RUSpecialEngine"
		CriticalDamageThreshold="0.3"
		DamageCapacity="220"
		DamagedConsumptionModifier="1.4"
		EngineResponsiveness="0.5"
		FuelConsumption="7.3"
		Name="ru_special_engine_0"
		Torque="405852"
		DamagedMinTorqueMultiplier="1.0"
		DamagedMaxTorqueMultiplier="0.6"
	>
		<GameData
			Price="5700"
			UnlockByExploration="false"
			UnlockByRank="1"
		>
			<UiDesc
				UiDesc="UI_ENGINE_RU_SPECIAL_0_DESC"
				UiIcon30x30=""
				UiIcon40x40=""
				UiName="UI_ENGINE_RU_SPECIAL_0_NAME"
			/>
		</GameData>
	</Engine>
	<Engine
		_template="RUSpecialEngine"
		CriticalDamageThreshold="0.6"
		DamageCapacity="270"
		DamagedConsumptionModifier="1.3"
		EngineResponsiveness="0.4"
		FuelConsumption="8.5"
		Name="ru_special_engine_1"
		Torque="428000"
		DamagedMinTorqueMultiplier="1.0"
		DamagedMaxTorqueMultiplier="0.8"
	>
		<GameData
			Price="20700"
			UnlockByExploration="true"
			UnlockByRank="1"
		>
			<UiDesc
				UiDesc="UI_ENGINE_RU_SPECIAL_1_DESC"
				UiIcon30x30=""
				UiIcon40x40=""
				UiName="UI_ENGINE_RU_SPECIAL_1_NAME"
			/>
		</GameData>
	</Engine>
	<Engine
		_template="RUSpecialEngine"
		CriticalDamageThreshold="0.6"
		DamageCapacity="300"
		DamagedConsumptionModifier="1.5"
		EngineResponsiveness="0.4"
		FuelConsumption="9.2"
		Name="ru_special_engine_2"
		Torque="684136"
		DamagedMinTorqueMultiplier="1.0"
		DamagedMaxTorqueMultiplier="0.7"
	> <!--[3710 Nm, k=184.4]-->
		<GameData
			Price="24400"
			UnlockByExploration="true"
			UnlockByRank="1"
		>
			<UiDesc
				UiDesc="UI_ENGINE_RU_SPECIAL_2_DESC"
				UiIcon30x30=""
				UiIcon40x40=""
				UiName="UI_ENGINE_RU_SPECIAL_2_NAME"
			/>
		</GameData>
	</Engine>
	<!--<Engine
		CriticalDamageThreshold="0.7"
		DamageCapacity="120"
		DamagedConsumptionModifier="1.2"
		EngineResponsiveness="0.1"
		FuelConsumption="16"
		Name="engine_performance_rs"
		Torque="1000000"
		DamagedMinTorqueMultiplier="1.0"
		DamagedMaxTorqueMultiplier="0.6"
		MaxDeltaAngVel="0.01"
	>
		<GameData
			Price="19535"
			UnlockByExploration="true"
			UnlockByRank="30"
		>
			<UiDesc
				UiDesc="UI_ENGINE_PERFORMANCE_DESC"
				UiIcon30x30=""
				UiIcon40x40=""
				UiName="UI_ENGINE_PERFORMANCE_NAME"
			/>
		</GameData>
	</Engine>-->
</EngineVariants>
