<_templates>
	<Engine>
		<USScoutOldEngine BrakesDelay="0.2" />
	</Engine>
</_templates>
<EngineVariants>
	<Engine
		_template="USScoutOldEngine"
		CriticalDamageThreshold="0.6"
		DamageCapacity="100"
		DamagedConsumptionModifier="1.2"
		EngineResponsiveness="0.3"
		FuelConsumption="1.5"
		Name="us_scout_old_engine_0"
		Torque="35000"
		DamagedMinTorqueMultiplier="1.0"
		DamagedMaxTorqueMultiplier="0.6"
		MaxDeltaAngVel="0.01"
	>
		<GameData
			Price="1500"
			UnlockByExploration="false"
			UnlockByRank="1"
		>
			<UiDesc
				UiDesc="UI_ENGINE_US_SCOUT_OLD_0_DESC"
				UiIcon30x30=""
				UiIcon40x40=""
				UiName="UI_ENGINE_US_SCOUT_OLD_0_NAME"
			/>
		</GameData>
	</Engine>
	<Engine
		_template="USScoutOldEngine"
		CriticalDamageThreshold="0.4"
		DamageCapacity="100"
		DamagedConsumptionModifier="1.5"
		EngineResponsiveness="0.4"
		FuelConsumption="1.8"
		Name="us_scout_old_engine_1"
		Torque="50000"
		DamagedMinTorqueMultiplier="1.0"
		DamagedMaxTorqueMultiplier="0.5"
		MaxDeltaAngVel="0.01"
	>
		<GameData
			Price="4700"
			UnlockByExploration="true"
			UnlockByRank="1"
		>
			<UiDesc
				UiDesc="UI_ENGINE_US_SCOUT_OLD_1_DESC"
				UiIcon30x30=""
				UiIcon40x40=""
				UiName="UI_ENGINE_US_SCOUT_OLD_1_NAME"
			/>
		</GameData>
	</Engine>
	<Engine
		_template="USScoutOldEngine"
		CriticalDamageThreshold="0.7"
		DamageCapacity="150"
		DamagedConsumptionModifier="1.5"
		EngineResponsiveness="0.5"
		FuelConsumption="2.1"
		Name="us_scout_old_engine_2"
		Torque="100000"
		DamagedMinTorqueMultiplier="1.0"
		DamagedMaxTorqueMultiplier="0.7"
		MaxDeltaAngVel="0.01"
	>
		<GameData
			Price="6000"
			UnlockByExploration="true"
			UnlockByRank="1"
		>
			<UiDesc
				UiDesc="UI_ENGINE_US_SCOUT_OLD_2_DESC"
				UiIcon30x30=""
				UiIcon40x40=""
				UiName="UI_ENGINE_US_SCOUT_OLD_2_NAME"
			/>
		</GameData>
	</Engine>
	<!--<Engine
		CriticalDamageThreshold="0.7"
		DamageCapacity="80"
		DamagedConsumptionModifier="1.2"
		EngineResponsiveness="0.5"
		FuelConsumption="6.2"
		Name="engine_performance_uso"
		Torque="210000"
		DamagedMinTorqueMultiplier="1.0"
		DamagedMaxTorqueMultiplier="0.6"
		MaxDeltaAngVel="0.01"
	>
		<GameData
			Price="19535"
			UnlockByExploration="true"
			UnlockByRank="30"
		>
			<UiDesc
				UiDesc="UI_ENGINE_PERFORMANCE_DESC"
				UiIcon30x30=""
				UiIcon40x40=""
				UiName="UI_ENGINE_PERFORMANCE_SCOUT_NAME"
			/>
		</GameData>
	</Engine>-->
</EngineVariants>
