<_templates>
	<Engine>
		<USTruckOldHeavyEngine
			BrakesDelay="0.5"
			CriticalDamageThreshold="0.7"
			DamageCapacity="200"
			DamagedMinTorqueMultiplier="1.0"
			DamagedMaxTorqueMultiplier="0.5"
			MaxDeltaAngVel="0.001"
		/>
	</Engine>
</_templates>
<EngineVariants>
	<Engine
		_template="USTruckOldHeavyEngine"
		CriticalDamageThreshold="0.6"
		DamageCapacity="180"
		DamagedConsumptionModifier="1.6"
		EngineResponsiveness="0.4"
		FuelConsumption="6.1"
		Name="us_truck_old_heavy_engine_0"
		Torque="185000"
		DamagedMinTorqueMultiplier="1.0"
		DamagedMaxTorqueMultiplier="0.6"
	>
		<GameData
			Price="5700"
			UnlockByExploration="false"
			UnlockByRank="1"
		>
			<UiDesc
				UiDesc="UI_ENGINE_US_TRUCK_OLD_HEAVY_A_DESC"
				UiIcon30x30=""
				UiIcon40x40=""
				UiName="UI_ENGINE_US_TRUCK_OLD_HEAVY_A_NAME"
			/>
		</GameData>
	</Engine>
	<Engine
		_template="USTruckOldHeavyEngine"
		CriticalDamageThreshold="0.7"
		DamageCapacity="240"
		DamagedConsumptionModifier="1.7"
		EngineResponsiveness="0.4"
		FuelConsumption="7.4"
		Name="us_truck_old_heavy_engine_1"
		Torque="252000"
		DamagedMinTorqueMultiplier="1.0"
		DamagedMaxTorqueMultiplier="0.7"
	>
		<GameData
			Price="13200"
			UnlockByExploration="true"
			UnlockByRank="1"
		>
			<UiDesc
				UiDesc="UI_ENGINE_US_TRUCK_OLD_HEAVY_B_DESC"
				UiIcon30x30=""
				UiIcon40x40=""
				UiName="UI_ENGINE_US_TRUCK_OLD_HEAVY_B_NAME"
			/>
		</GameData>
	</Engine>
	<Engine
		_template="USTruckOldHeavyEngine"
		CriticalDamageThreshold="0.7"
		DamageCapacity="280"
		DamagedConsumptionModifier="1.5"
		EngineResponsiveness="0.5"
		FuelConsumption="8.8"
		Name="us_truck_old_heavy_engine_2"
		Torque="368855"
		DamagedMinTorqueMultiplier="1.0"
		DamagedMaxTorqueMultiplier="0.6"
	>
		<GameData
			Price="15000"
			UnlockByExploration="true"
			UnlockByRank="1"
		>
			<UiDesc
				UiDesc="UI_ENGINE_US_TRUCK_OLD_HEAVY_2_DESC"
				UiIcon30x30=""
				UiIcon40x40=""
				UiName="UI_ENGINE_US_TRUCK_OLD_HEAVY_2_NAME"
			/>
		</GameData>
	</Engine>
	<Engine
		_template="USTruckOldHeavyEngine"
		CriticalDamageThreshold="0.7"
		DamageCapacity="320"
		DamagedConsumptionModifier="1.8"
		EngineResponsiveness="0.5"
		FuelConsumption="8"
		Name="us_truck_old_heavy_engine_3"
		Torque="310576"
		DamagedMinTorqueMultiplier="1.0"
		DamagedMaxTorqueMultiplier="0.8"
	>
		<GameData
			Price="14950"
			UnlockByExploration="false"
			UnlockByRank="1"
		>
			<UiDesc
				UiDesc="UI_ENGINE_US_TRUCK_OLD_HEAVY_3_DESC"
				UiIcon30x30=""
				UiIcon40x40=""
				UiName="UI_ENGINE_US_TRUCK_OLD_HEAVY_3_NAME"
			/>
		</GameData>
	</Engine>
	<Engine
		_template="USTruckOldHeavyEngine"
		CriticalDamageThreshold="0.7"
		DamageCapacity="350"
		DamagedConsumptionModifier="1.8"
		EngineResponsiveness="0.3"
		FuelConsumption="10"
		Name="us_truck_old_heavy_engine_4"
		Torque="537606"
		DamagedMinTorqueMultiplier="1.0"
		DamagedMaxTorqueMultiplier="0.8"
	>
		<GameData
			Price="19565"
			UnlockByExploration="false"
			UnlockByRank="15"
		>
			<UiDesc
				UiDesc="UI_ENGINE_US_TRUCK_OLD_HEAVY_4_DESC"
				UiIcon30x30=""
				UiIcon40x40=""
				UiName="UI_ENGINE_US_TRUCK_OLD_HEAVY_4_NAME"
			/>
		</GameData>
	</Engine>
</EngineVariants>
